Date,SPY,EFA,EEM,AGG,TLT,LQD,HYG,GLD,SLV,USO,VNQ,UUP
2025-07-31,0.1012154900875214,0.0,0.06430232611613249,0.19322836716462855,0.06895189473522692,0.1465786507611228,0.2620105379046078,0.0,0.03199095959108687,0.020599127149038426,0.0,0.11112264649063475
2025-08-01,0.099152124833777,0.0,0.06230090281835198,0.18181706988418306,0.06676905779679183,0.13693552940513012,0.24491415343340595,0.05187314351732941,0.03046053404050791,0.020190529031320344,0.0,0.1055869552392023
2025-08-04,0.07837606023456246,0.051188096976732565,0.05972057122457344,0.15197914725176676,0.061346846644958146,0.121816409814366,0.24127122294058947,0.04672776339579442,0.030208802113439636,0.019386519948291662,0.04637563974747087,0.0916029197074548
2025-08-05,0.07291854706078335,0.05082022726798312,0.059788270038212174,0.15350946192509632,0.062023561772308285,0.12287634532750646,0.24208211534235521,0.046890960819287654,0.030982943140066384,0.019531106730065258,0.045971230673238196,0.09260522990309739
2025-08-06,0.07445433671050841,0.05197577022454244,0.06132063690946715,0.15609423656952898,0.06279957502063487,0.1248801907362105,0.2463325272570154,0.047540680417634484,0.031221102444303334,0.0,0.04834275657427443,0.0950381871358801
2025-08-07,0.07378803908923605,0.05139170066922894,0.07526190305766946,0.1548233683124728,0.06071070013679375,0.12320664782591992,0.24449419995668753,0.04828508070317245,0.030532816255575617,0.0,0.04624335706741535,0.09126218692582823
2025-08-08,0.0775999576794834,0.05374584245516022,0.07716889155403667,0.1627688133651679,0.06390430300438568,0.12995808938567988,0.2556375182816454,0.050300852529316334,0.03219621170198024,0.0,0.0,0.09671952004314441
2025-08-11,0.07659558427018885,0.054063988509616696,0.07728643471547567,0.1611366955339264,0.06313189205108355,0.127768446343255,0.26155201302187375,0.04966630362052244,0.03195164895695788,0.0,0.0,0.09684699297709976
2025-08-12,0.08022074158831563,0.05724476985584787,0.08118825705516049,0.1719316799122839,0.06694245914124373,0.13410240478049104,0.27428640367231827,0.0,0.03360591218769151,0.0,0.0,0.10047737180664759
2025-08-13,0.06850376843031548,0.04901034347820166,0.06787593573444609,0.1574821478304067,0.06075341337780406,0.12323277944711872,0.2565417962766367,0.04859384403419138,0.02972983680816738,0.0,0.04924601999661913,0.08903011458609264
2025-08-14,0.07749921046031459,0.05519903436924727,0.07316095378038444,0.17399832023635683,0.06723874176521309,0.13484895245859346,0.2849194511862036,0.0,0.033060249937006916,0.0,0.0,0.10007508580667979
2025-08-15,0.07521606136573197,0.053414563692893706,0.06624458001762576,0.16544466768573748,0.06468874448178082,0.12788416309110265,0.26615432445569853,0.0,0.031777207984036326,0.0,0.05293641334997907,0.09623927387541369
2025-08-18,0.08629347738471434,0.05999565603200648,0.0751812598106496,0.18774842547834228,0.0,0.14537192892223355,0.3004188214812901,0.0,0.03603040981257264,0.0,0.0,0.10896002107819107
2025-08-19,0.07791918575300774,0.05406450711988464,0.07123720386536211,0.1686682418696896,0.06553820025227819,0.1333171151615378,0.2822242451317282,0.0,0.0,0.0,0.05175525978817124,0.09527604105834042
2025-08-20,0.07415168682764445,0.052966308398519596,0.06736567550803986,0.16310829775597133,0.06299573086422823,0.1315644449083967,0.27877555535991877,0.0,0.029566560081330105,0.0,0.04730165056008551,0.09220408973586557
2025-08-21,0.07272722451309237,0.05207363679709189,0.06567433838073224,0.16466647664710335,0.06368682935378486,0.13387446532045127,0.28299827803360184,0.0,0.02849655321018231,0.0,0.04604205158230008,0.08976014616165973
2025-08-22,0.06960228482481787,0.0496417648126091,0.06320602128305322,0.15637496504265858,0.0609011654382787,0.12550367199678922,0.2674203441139535,0.04884095083333236,0.028486146672283646,0.0,0.044631356576777644,0.08539132840544612
2025-08-25,0.07017420719072509,0.053536179422758776,0.061726977727155755,0.16942300769932883,0.07091485674965066,0.13582517899495788,0.21721663774483435,0.053367182516372846,0.03411736916661681,0.0,0.04589918532682974,0.08779921746076921
2025-08-26,0.07046279547698801,0.05184458634170145,0.06169796050719874,0.170589483353536,0.07190703802582477,0.13584800910063888,0.2157499652217938,0.054327108223212794,0.03483548282140664,0.0,0.04656023949558808,0.08617733143211093
2025-08-27,0.06929926942865881,0.05212183375852027,0.06061701452903194,0.17148763104987963,0.07193874480005724,0.13656208306518708,0.2183258143889298,0.05269234820655626,0.0344296768048273,0.0,0.047366443694056966,0.08515914027429483
2025-08-28,0.069088572017431,0.05181086176675097,0.05975100785036062,0.17093394825638894,0.0715158321932425,0.13602937608099444,0.2207834004959486,0.05267669620796127,0.034314764802747685,0.0,0.047562532804339516,0.08553300752383451
2025-08-29,0.0696644638276344,0.05178647841956705,0.06006942034629117,0.17091759902663478,0.07057840932212113,0.13653775438164759,0.22108467524928838,0.05223948497040563,0.03376339778833816,0.0,0.04751229474905355,0.08584602191901822
2025-09-02,0.07227474228978577,0.0543153305497126,0.06308582105132152,0.1796555699888696,0.0,0.140479902762932,0.22929978645400503,0.05429937666728564,0.03467218212292045,0.031060978933636168,0.05003062659187861,0.09082568258765268
2025-09-03,0.06841764331347591,0.05163421591326061,0.061948932250861476,0.17251656951911798,0.07091995308218545,0.13580428083347074,0.22167705923184122,0.04946369518069219,0.032986209807415054,0.0,0.046171659423348776,0.08845978144433071
2025-09-04,0.06853821269435484,0.052415382016765315,0.062340873614821254,0.17093548557891902,0.06935000840049241,0.13197155928503218,0.2206297672547848,0.05020303479615358,0.03351224624000575,0.0,0.04923616697550858,0.09086726314316211
2025-09-05,0.06871887264747284,0.06035390942417221,0.06420246889796626,0.1695301784789028,0.06910879421102947,0.12640099737697802,0.21656251450231528,0.05195538492033038,0.033135054297196,0.0,0.048805870089743596,0.09122595515389317
2025-09-08,0.07649298739144009,0.06828577404316234,0.06943772442783891,0.18387499956965986,0.07215736640855941,0.1369397220085805,0.2449491375764073,0.057292750813594515,0.03710360005345184,0.0,0.05346593770730517,0.0
2025-09-09,0.07014029871025862,0.06085642945305907,0.06239350451291339,0.16594802921962193,0.06350251674493207,0.1249261707235094,0.2236193089871821,0.05302733274240077,0.03590217821320849,0.0,0.04853119393331947,0.09115303675959467
2025-09-10,0.06912443367566858,0.06521273967373836,0.06231852533812742,0.16250359294497838,0.06285985003161072,0.12339574680991701,0.21922102922263373,0.05299759494883329,0.03499898385136263,0.0,0.05026730908276187,0.0971001944203682
2025-09-11,0.07523388067060074,0.07097310705535777,0.06707486279250079,0.18394109113465953,0.0734329887237931,0.13859137067833108,0.23787801611750398,0.05751659221742473,0.03795087413470692,0.0,0.057407216475121446,0.0
2025-09-12,0.0652943125235102,0.06253710071805074,0.05798163773162977,0.16713727995051536,0.06519321131519434,0.12401493210908718,0.21276005745016802,0.05595396316958163,0.03860115421225583,0.0,0.049650950531489414,0.10087540028851748
2025-09-15,0.07311155259633179,0.07254676477687982,0.06546723930570937,0.18427659997489362,0.07154763849391917,0.13631380934478035,0.23402299765172158,0.06226000104610608,0.04286042536385772,0.0,0.057592971445800376,0.0
2025-09-16,0.0759698660724185,0.06617040697296564,0.06114146819849604,0.19891831986375064,0.06941486169635311,0.13438110937725553,0.20955589190604526,0.06073370756438882,0.03891290858237909,0.032264263950033546,0.052537195815913894,0.0
2025-09-17,0.08449384575222896,0.06996634741540148,0.06290477964058552,0.2023771094083064,0.07067679601418965,0.13621697031934565,0.21801748139289684,0.06192168485234634,0.039460468205645576,0.0,0.05396451699905357,0.0
2025-09-18,0.08712485745014482,0.06990123975811965,0.06346347021165713,0.20067778622528767,0.07114400519451555,0.136160603624679,0.21907651331040978,0.06054939512979527,0.03729706827762262,0.0,0.0546050608177686,0.0
2025-09-19,0.08026900882193268,0.06380935362350533,0.05707529465423796,0.1763130544324949,0.06250462568285357,0.12217289189617993,0.19655162664957027,0.0545256870001409,0.03382271145821838,0.0,0.0503433222238519,0.10261242355701439
2025-09-22,0.08911830533373905,0.07190991840406045,0.06379281667132096,0.1971962106115283,0.06958256323669822,0.1361812775313326,0.22087576386353694,0.060213457334401164,0.03573779964028781,0.0,0.05539188737309457,0.0
2025-09-23,0.08756315234584705,0.06999969992500057,0.061669282459060615,0.19210459946962663,0.06734906040837672,0.1327257133567669,0.21340754706599957,0.05519708445800996,0.03305709352736825,0.03237432081047741,0.05455244617346611,0.0
2025-09-24,0.07690671661080162,0.06338810165844108,0.055855284024691636,0.17203241341859196,0.05965670719709492,0.11910720050988162,0.19071700576960077,0.054209942762951276,0.03139731868561084,0.02809085193191921,0.0495452687648408,0.09909318866557425
2025-09-25,0.08081442013540191,0.06615918827725406,0.05739026186315779,0.1702946573307279,0.060334359843281504,0.11619185636485396,0.19152184736617706,0.05235379696554849,0.03137366230935985,0.028006104727493056,0.048653771849370246,0.09690607296737391
2025-09-26,0.07958939362827287,0.06551918616489481,0.05831876447758344,0.17409523876331065,0.061646305619981925,0.11921396340403441,0.18792429605458458,0.05238282461083656,0.029953026468876445,0.02810688779657257,0.04941374823750009,0.09383636477355148
2025-09-29,0.07932465120410913,0.0647031821518021,0.06306947410117374,0.18180719376145346,0.06393512565513215,0.12312079094433764,0.19441855176137546,0.05451790790602851,0.03087884157551735,0.0,0.04971270881123028,0.09451157212783998
2025-09-30,0.07987894496362757,0.0653081174209573,0.06196707083391326,0.1833669725640133,0.06450285903606967,0.1226074463237973,0.19364096677462184,0.05257497767814282,0.030856393097488596,0.0,0.05007138879574288,0.09522486251162536
2025-10-01,0.07933894975614762,0.06474049697979252,0.06196755710843549,0.18410967752081764,0.06424812778617821,0.12276688986053674,0.1934413069219972,0.05274119112581991,0.03053426258926263,0.0,0.05092111938263755,0.09519042096837457
2025-10-02,0.08096863289440374,0.06277056484311012,0.0634765135363321,0.18151490578641516,0.06427318454687674,0.12008066613792925,0.1911714321188981,0.05385057154501313,0.03252619318459805,0.0,0.054359636357418195,0.09500769904900526
2025-10-03,0.08201362422752777,0.06299902908553404,0.0638587560239443,0.1814957285163112,0.06426659197300476,0.1200676265523586,0.19130142427170235,0.05320285863769478,0.03190803383973036,0.0,0.053926469103549535,0.09495985776864224
2025-10-06,0.08255817565385995,0.062017381903887475,0.06363733039290102,0.18245395085089017,0.0641377507595502,0.1215058371414629,0.1907926671329491,0.053377440095119674,0.03069129914279197,0.0,0.05320806339393807,0.09562010353264948
2025-10-07,0.08555635838086585,0.060147596391552226,0.06530149409039838,0.17355105676109367,0.05611058503455879,0.1146174495930827,0.22756392027395875,0.04550324668936402,0.027773665785265363,0.0,0.0517237904645766,0.09215083653528357
2025-10-08,0.08952904085727002,0.06585661099121186,0.0665018260058468,0.1819667954814595,0.058113125692666155,0.12093165226931941,0.2417801172282201,0.04808772036318803,0.028176721465933127,0.0,0.0,0.09905638964488497
2025-10-09,0.08863218385119234,0.06600748226595793,0.06655933880700579,0.18261942251101065,0.05830963696748066,0.12041400358863097,0.24340015337111875,0.04673947594681153,0.027427396245320517,0.0,0.0,0.09989090644547077
2025-10-10,0.11831898761429419,0.0863547252683929,0.08617595781970924,0.24558325365619812,0.07920957818436797,0.1616305665473127,0.0,0.05569104604490757,0.037434190774482,0.0,0.0,0.12960169409033528
2025-10-13,0.0659139262139476,0.06456390667500293,0.04749084728988603,0.20244964423542602,0.06368601628908672,0.13883754348711266,0.22628119770042823,0.04798228463035272,0.03233245995852918,0.0,0.0,0.11046217352022791
2025-10-14,0.06454825080436612,0.06671078413069934,0.04376041249972374,0.2120226772353824,0.06805767655869303,0.14741758228493468,0.20517906104793604,0.046893360994502774,0.031199761382493335,0.0,0.0,0.11421043306126845
2025-10-15,0.060621105570677,0.0635266333494633,0.039447742322556156,0.2022286843610247,0.06456970319519936,0.13838051766113568,0.1887355835995277,0.045748931140007526,0.02862144502618095,0.0,0.06059125004706058,0.10752840372716688
2025-10-16,0.06049881788975529,0.06290461596111083,0.03816109502632748,0.20758901449800715,0.06603369936430065,0.14432645038219555,0.18615680664470843,0.04434576492359384,0.02726356282570911,0.0,0.056367536601466865,0.10635263588282476
2025-10-17,0.05994659834575876,0.062962797857287,0.037994267110498935,0.20865931150929243,0.06559911454899083,0.15367583699715232,0.18056146802999926,0.04251005433089532,0.02775895281226965,0.0,0.05664756317964571,0.10368403527820985
2025-10-20,0.058295580099056554,0.06170244867614163,0.03749883760767185,0.2172793869260417,0.06962994987792609,0.16114926118422535,0.1727174250232708,0.037874774730163215,0.022665408447727724,0.0,0.056811216367972955,0.10437571105980226
2025-10-21,0.05620329068879175,0.06193041439699103,0.03677937623332411,0.2238637981354148,0.07471036655200755,0.16107377307111065,0.1696018277127254,0.03338441336631104,0.02242325587100404,0.0,0.05521478295863321,0.10481470101368627
2025-10-22,0.05669745377231316,0.06126775160853785,0.036243265181850046,0.23241708796619784,0.07667623683913967,0.1647409669704134,0.1705566573389638,0.023153106184116617,0.01679040521917892,0.0,0.055649460087279806,0.10580760883200888
2025-10-23,0.0544359936909827,0.059417145811434736,0.03528245577636887,0.22868138369224705,0.07546578249034204,0.16279311865239307,0.16524577164556517,0.022469551651355963,0.016303008540171516,0.023567996426222305,0.05388790241460839,0.10244988920830832
2025-10-24,0.05412020960417921,0.060466208787020775,0.035290811114585666,0.2228339933040734,0.07328113509600097,0.16846873660408887,0.16323290225336728,0.02216239101388522,0.01606061056053268,0.021934927215426486,0.05947938351334013,0.10266869093349931
2025-10-27,0.05440119773936545,0.062305800155604434,0.0359634095889306,0.2287760938802334,0.07599360420573072,0.17337546429633433,0.16416709501027585,0.02257852002629228,0.0164078373731022,0.0,0.061107616310112696,0.10492336141401792
2025-10-28,0.05259327344354499,0.06194979183870703,0.03553478380758422,0.23013632424345173,0.0754519363783382,0.17610339512258033,0.16433751276876518,0.021410390155586094,0.015638195353463776,0.0,0.06077355600845029,0.10607084087952807
2025-10-29,0.055653391527833246,0.06574512555397213,0.037670631644251024,0.24296181992281957,0.07961433042190849,0.18687939365148412,0.17331800182370907,0.02250665547122817,0.016537815099679852,0.0,0.0,0.11911283488311424
2025-10-30,0.058929872822879044,0.06887710104166865,0.03975914367489575,0.23079124239673646,0.07915765930726251,0.1794865662374881,0.17844207970020826,0.02386261730569119,0.017749279786246276,0.0,0.0,0.12294443772692386
2025-10-31,0.05690098127104986,0.06881666362659766,0.039289085913489195,0.23709491876261723,0.08319564292358889,0.16885133239476047,0.17993563731999104,0.023724838619681804,0.017640227031438437,0.0,0.0,0.12455067213678528
2025-11-03,0.0876771793940671,0.1062330986776838,0.06035551213836721,0.3632018803551376,0.12731449021632563,0.0,0.0,0.036415746449283824,0.027371004118080675,0.0,0.0,0.1914310886510542
2025-11-04,0.08736203175400736,0.1057643915518301,0.059811527009418865,0.36034058238776245,0.12697056170102453,0.0,0.0,0.036525691990828675,0.027459433926325282,0.0,0.0,0.19576577967880288
2025-11-05,0.09771359859536374,0.1171723881776457,0.06588560476084541,0.4204830411641582,0.0,0.0,0.0,0.04145551605834377,0.031169844610336023,0.0,0.0,0.2261200066333071
2025-11-06,0.06721217583934047,0.08048273344621347,0.04499593058168664,0.283218783557658,0.09673001838674161,0.0,0.2132534613736061,0.02849760135979732,0.02122694397621366,0.0,0.0,0.16438235147874278
2025-11-07,0.06615031392019317,0.08303862115213731,0.04534809857428597,0.2741223730247333,0.09402493481190141,0.0,0.22030217517648534,0.02879591879022409,0.02188844483910677,0.0,0.0,0.16632911971093267
2025-11-10,0.06608430315905005,0.08375555046503219,0.0449588818499755,0.2716754931690911,0.09306622828163584,0.0,0.22050947221090905,0.0285706495932062,0.02189497689301649,0.0,0.0,0.16948444437808358
2025-11-11,0.048850623012878104,0.06309139046221089,0.0342210843789986,0.21397837978448211,0.07489906054362735,0.15091926219191237,0.16798415742211653,0.021827398001986714,0.016407468722818154,0.02621851437620703,0.04760902329989789,0.13399363780286425
2025-11-12,0.06379508150615854,0.08129508921983418,0.04465583126713445,0.27022049153335775,0.09728229820726209,0.0,0.21856874732302153,0.02850885872267954,0.021345869740278002,0.0,0.0,0.17432773248027392
2025-11-13,0.09253055383957143,0.1190154463172556,0.06498271848983243,0.399610861684583,0.0,0.0,0.0,0.04094740057172099,0.029962108090236386,0.0,0.0,0.25295091100680006
2025-11-14,0.1490543867787994,0.19493018987767807,0.10972827988486326,0.0,0.0,0.0,0.0,0.07001955170456206,0.050986771238581766,0.0,0.0,0.42528082051551536
2025-11-17,0.0,0.0,0.16682256659488098,0.0,0.0,0.0,0.0,0.10460334263818843,0.07613186992550677,0.0,0.0,0.6524422208414239
2025-11-18,0.0,0.0,0.14538907592776848,0.0,0.0,0.0,0.0,0.09301186194697722,0.06720981680218169,0.10471495759781727,0.0,0.5896742877252554
2025-11-19,0.0,0.0,0.0,0.0,0.0,0.0,0.0,0.11909182669107095,0.08643920751624155,0.0,0.0,0.7944689657926876
2025-11-20,0.0,0.0,0.0,0.550340944160217,0.0,0.0,0.0,0.056514824989154944,0.04113319118938883,0.0,0.0,0.35201103966123937
2025-11-21,0.0,0.0,0.0,0.3783160899860185,0.0,0.0,0.294419583787787,0.03940225102277835,0.028034899863314283,0.0,0.0,0.2598271753401019
2025-11-24,0.0,0.0,0.0,0.2689984497838521,0.10494312928682341,0.17782110740406623,0.21487628068173995,0.026813559629037337,0.019057030768433163,0.0,0.0,0.1874904424460478
2025-11-25,0.05278073564873359,0.0,0.0,0.23628663085627588,0.09013748641994802,0.15516203664672965,0.20858140174351147,0.023968480309713,0.017078278982979846,0.0,0.04751240246119896,0.16849254693090956
2025-11-26,0.04707132866551198,0.053400020733361295,0.044567755105331314,0.21447567381135124,0.08203248052414434,0.14176601016812632,0.18302272143330864,0.021806029324016752,0.015538330253803962,0.0,0.04328292675261491,0.15303672322842926
2025-11-28,0.04672453254664283,0.05189898386321235,0.04650561034501325,0.2123130312301281,0.0810663677599462,0.13834335025091024,0.18805939134573277,0.022020561334541576,0.015394403753286377,0.0,0.04482715112369671,0.1528466164468895
2025-12-01,0.05210575218987274,0.05758472093723377,0.05183250669594553,0.24611468304371695,0.0,0.15439360997533547,0.2202533620591934,0.02483546285328372,0.015897508863895456,0.0,0.0,0.17698239338152302
2025-12-02,0.053293564953154425,0.058626459269799994,0.05311545685248986,0.23333326517940048,0.0,0.1510776616621778,0.22662378755311394,0.025890965323277892,0.01692350255932653,0.0,0.0,0.1811153366472591
2025-12-03,0.05377871185194227,0.05881565014216872,0.05485515810452554,0.23164771427519065,0.0,0.15191354814231595,0.22416425517347993,0.02760736729257818,0.016740958442609793,0.0,0.0,0.18047663657518895
2025-12-04,0.05316347488545039,0.05873792251278557,0.0560047064821905,0.22668467655082652,0.0,0.14880595559046655,0.22449038654013728,0.03923987155326779,0.02059290307077818,0.0,0.0,0.1722801028140971
2025-12-05,0.0523448748911681,0.05732084701882626,0.05469109735095219,0.2164858695666035,0.0,0.14498453224729682,0.22062970768864304,0.03831324819963715,0.01946774287374756,0.028449093139290678,0.0,0.16731298702383457
2025-12-08,0.08583168449248334,0.09390000562361595,0.08963280675752051,0.0,0.0,0.0,0.3651697263419491,0.06246742563467526,0.03142906953955631,0.0,0.0,0.27156928161019955
2025-12-09,0.08684038347820265,0.09366720666840551,0.09064678383536598,0.0,0.0,0.0,0.36410738158080336,0.06253457880212672,0.03143608533730862,0.0,0.0,0.2707675802977872
2025-12-10,0.06677645876840604,0.07049606960721738,0.06986532134693388,0.2636700160649451,0.0,0.17721396324688707,0.2758829610826635,0.05243835118191367,0.023656858701033383,0.0,0.0,0.0
2025-12-11,0.08318819497497344,0.08565825586071368,0.08458422750516546,0.3174258872775164,0.0,0.0,0.3325732128794278,0.06685490527710863,0.029715316225094414,0.0,0.0,0.0
2025-12-12,0.13549770196711713,0.14002291948274975,0.0,0.0,0.0,0.0,0.5680304246451312,0.10849222428988702,0.04795672961511484,0.0,0.0,0.0
2025-12-15,0.13516456619045275,0.13912158432023747,0.0,0.0,0.0,0.0,0.5657714069816058,0.11362557838721915,0.046316864120484996,0.0,0.0,0.0
2025-12-16,0.08750777086211597,0.08940498594694196,0.0,0.3538592553851126,0.0,0.0,0.36550350018249445,0.07421729287238335,0.029507194750951697,0.0,0.0,0.0
2025-12-17,0.0,0.09532900274622576,0.0,0.37759754115311284,0.0,0.0,0.41566406946398726,0.07971510993465165,0.0316942767020224,0.0,0.0,0.0
2025-12-18,0.06976364615916471,0.07122684056108804,0.0,0.2788363607553907,0.0,0.18997892146899636,0.30311722660879287,0.06363335258301242,0.023443651863554966,0.0,0.0,0.0
2025-12-19,0.07830803367412555,0.08072980281127907,0.08543172478984959,0.320631677712552,0.0,0.0,0.33566450183794133,0.07307913409991228,0.0261551250743401,0.0,0.0,0.0
2025-12-22,0.07825094408689853,0.079234356468147,0.08299990758733543,0.33103189285907664,0.0,0.0,0.33032590554634506,0.07238852276829534,0.025768470683901968,0.0,0.0,0.0
2025-12-23,0.0781591782337216,0.07987801015217985,0.08306901718605703,0.33328308924234956,0.0,0.0,0.33257640957154994,0.06721626795346021,0.025818027660681957,0.0,0.0,0.0
2025-12-24,0.0657147107032123,0.06451409469871189,0.0721431813176375,0.26479996855766846,0.0,0.1769712440967663,0.2761009696673184,0.05911109775700981,0.020644733201675456,0.0,0.0,0.0
2025-12-26,0.06542235080269353,0.06511185039052006,0.07186346352052529,0.2692230783585306,0.0,0.17669816062683205,0.27281740998042037,0.0582917200335282,0.020571966286949944,0.0,0.0,0.0
2025-12-29,0.0650601990284554,0.06525972452750982,0.07024796668114892,0.26804943354974964,0.0,0.1761723240893027,0.2779496019755293,0.05936089631510592,0.017899853833198386,0.0,0.0,0.0
2025-12-30,0.06258583892820536,0.05947848743128865,0.06481279354805042,0.2468937595159868,0.0,0.16420578321454618,0.27636981408088357,0.03731657942527,0.013964927780136105,0.0,0.07437201607563297,0.0
2025-12-31,0.08167331528154433,0.07804996899458287,0.08426248207244214,0.3255369991327789,0.0,0.0,0.3606508096378371,0.05129985631448836,0.018526568566326392,0.0,0.0,0.0
2026-01-02,0.08238922330325278,0.08240096935673899,0.08870116237847384,0.31271274384671616,0.0,0.0,0.36507546105486155,0.05190524535296512,0.01681519470699168,0.0,0.0,0.0
2026-01-05,0.07114823083265631,0.07252684282357477,0.059395634636284465,0.26124170959156484,0.0,0.17298518943025032,0.30519007272458754,0.04347750187390894,0.014034818087172862,0.0,0.0,0.0
2026-01-06,0.06636485163769786,0.06680990878427619,0.05515738517635087,0.24207473228762647,0.0,0.16033927497688694,0.27916995884454243,0.037956385162479976,0.012940114858523205,0.0,0.07918738827161609,0.0
2026-01-07,0.06560478167135125,0.06638129449316583,0.052156257563254246,0.21468114104441466,0.0,0.14191939475532703,0.24885373410181633,0.033320074437100944,0.011142834930353904,0.0,0.0,0.1659404870032156
2026-01-08,0.06833973186083045,0.07203319007759913,0.051795390879579545,0.22434211179216024,0.0,0.0,0.26740406321372284,0.03348345501741557,0.011067949023767416,0.02667839467294566,0.0768811055259376,0.1679746079360417
2026-01-09,0.06469193281691743,0.06195518176332969,0.045364191802892244,0.19362061097584699,0.0,0.1302746746543605,0.23946700298643547,0.029406824994281135,0.009432482091139605,0.020912720564595283,0.06345665587087554,0.14141772147932619
2026-01-12,0.06469420452345474,0.06222178606859895,0.044266326379179974,0.18687864956727887,0.0,0.12562098864293572,0.2537377991556416,0.028695722798590905,0.009173773613811947,0.020800139729209795,0.06507046383716848,0.13884014568412897
2026-01-13,0.06543836027388397,0.0638451974518471,0.042480393210601756,0.18719982442626984,0.0,0.1277109555710868,0.25194303623252995,0.027661600892684966,0.008841233802808502,0.020552923971785198,0.06514374558380233,0.13918272858269937
2026-01-14,0.06209993302528173,0.05796259600245311,0.038896643735342795,0.17689028388814532,0.06582406070027466,0.11917913274165638,0.23658072281716325,0.026201358394494785,0.008490607338811983,0.01882768101548106,0.06041472295807925,0.1286322573828157
2026-01-15,0.05916032270427878,0.05672752682410965,0.0372198346954072,0.18763559078530645,0.06865589155661643,0.12082575265192577,0.2364449558700849,0.02487870061526329,0.0077802732686383476,0.017803710923723674,0.06018632618964374,0.12268111391500185
2026-01-16,0.06351543671511045,0.060842964841248535,0.03998315774667247,0.20071104180932298,0.0,0.129337815805315,0.2601849135020198,0.026779200562476797,0.008281446966454534,0.018839053599648017,0.06384640374721104,0.12767856470452035
2026-01-20,0.0,0.09996826287485719,0.06463719376405652,0.0,0.0,0.0,0.425718443092296,0.043486715639602734,0.013288460015157934,0.030737173091544463,0.09666432463709404,0.22549942688539112
2026-01-21,0.05630391618153095,0.05811684797215059,0.042082594097270706,0.20961454223895729,0.0,0.13010189873967104,0.2646526373093297,0.02601742984782574,0.008979171812501446,0.020820269499795617,0.05467887804374516,0.12863181425722162
2026-01-22,0.06455390335818861,0.06798438263690476,0.04887984332190794,0.2402376294268372,0.0,0.14575377588082924,0.3000564113032755,0.03125822765332999,0.010724186948960969,0.02465833071362073,0.0658933087561451,0.0
2026-01-23,0.06264100113058699,0.06690584090189226,0.04770405416790456,0.23818936392571197,0.0,0.14264299950237733,0.3140234499148008,0.03017250738786989,0.010466295537686082,0.024010058095861226,0.06324442943530888,0.0
2026-01-26,0.05766361496640982,0.061547535545514356,0.04399783263308158,0.21996966953071606,0.07484387932647112,0.13174589524684194,0.29321918860711577,0.027596661392211227,0.009478652976329195,0.021288199068154753,0.05864887070715428,0.0
2026-01-27,0.0597250562011881,0.06542917301652316,0.045938180922007764,0.23615887007526087,0.0,0.14105750481468926,0.33154886250401777,0.028218294703876597,0.009603780667855352,0.021903545449677247,0.060416731644904124,0.0
2026-01-28,0.06003272979919425,0.061104136543546045,0.04429084904349625,0.2371869647573802,0.0,0.1425833649410118,0.33442457701537337,0.02772940248226606,0.009676125901585156,0.021734511884759437,0.06123733763138764,0.0
2026-01-29,0.06125484488037793,0.05685054685475899,0.04520444211369957,0.24556038694546645,0.0,0.15041779826970642,0.32829385671152117,0.024920570890358002,0.009560090295455091,0.02107624855573469,0.0568612144829217,0.0
2026-01-30,0.061425089777588225,0.0569568835171218,0.04500826684198185,0.24747383122903355,0.0,0.15131050840577612,0.32877059648434315,0.02505163530395743,0.009569773554824218,0.020662552340200833,0.05377086254517275,0.0
2026-02-02,0.06223796509512272,0.05604729353806594,0.04064445430198408,0.25609202593730407,0.0,0.15456995490535852,0.3313207719316774,0.015606147576920732,0.005749292415092571,0.021990741800867998,0.055741352497606,0.0
2026-02-03,0.0653173323957093,0.05730509180451436,0.04118087693845676,0.25124413186177336,0.0,0.15331598639057553,0.3388445764847738,0.014755555193048423,0.00566944458483778,0.019139901500110582,0.053227102846200094,0.0
2026-02-04,0.07274845069882864,0.06567685021944102,0.0473532035884578,0.29869444874110157,0.0,0.0,0.41101108954406107,0.015520373005529893,0.006406405333510552,0.021503011634130445,0.061086167234939016,0.0
2026-02-05,0.0,0.060441685565817825,0.04137304046265086,0.27676692666857317,0.0,0.16785552683133806,0.36651400357640485,0.014175812549118507,0.0,0.019692261798894623,0.05318074254720199,0.0
2026-02-06,0.058927914157000244,0.05061540730420311,0.03753059326027494,0.22462348606784352,0.0699334310317069,0.14485232683193164,0.3289229628138421,0.012823173815778835,0.0049061863174623445,0.018064355299429062,0.04880016310052733,0.0
2026-02-09,0.0547852076276775,0.04772826820750534,0.03651927706186206,0.23761599653206308,0.07410650303948339,0.15352416281752176,0.3091866895132744,0.013399927519574731,0.005175942082179155,0.019139639840884667,0.04881838575797396,0.0
2026-02-10,0.0537219866147233,0.04560387626065766,0.03586805463267916,0.2398489335269594,0.07453685255223122,0.1567682586674081,0.3085155899978074,0.013086819912417693,0.005008675175346297,0.01877692419293797,0.048264028466832025,0.0
2026-02-11,0.0547815044430301,0.04662866511349729,0.03670961398518196,0.2344302245734668,0.07118854192787367,0.1581590215746326,0.3120659982697141,0.013340736632818661,0.005200016519505064,0.019838673702498633,0.04765700325778105,0.0
2026-02-12,0.0,0.050245640681381994,0.03879635703919937,0.2443055614115353,0.07560695909665187,0.16972678569080102,0.3344479037832042,0.01499183847611695,0.0,0.021383087167029753,0.050495866654079416,0.0
2026-02-13,0.0,0.0510163653078194,0.03911018556110273,0.23195453063416197,0.07272843980297569,0.16839797822765407,0.3481338313571912,0.015102486309445554,0.0,0.0211270625590812,0.05242912024056814,0.0
2026-02-17,0.0,0.05091029911138115,0.03886510385606582,0.22906798098659537,0.0737949428348158,0.17206806915310985,0.3483627097424741,0.014843062617410372,0.0,0.020955778131535867,0.05113205356661185,0.0
2026-02-18,0.0,0.047070675582867746,0.03846602497969085,0.20955906920659084,0.06758466989772187,0.15729069742942878,0.3163957932962813,0.013216227863538078,0.0,0.019087064841748404,0.046185082962058054,0.08514469394007401
2026-02-19,0.0,0.04741980161294366,0.03837147883170667,0.2058059722241606,0.06646163869548061,0.15653861666042237,0.32931828999527674,0.0130878778905129,0.0,0.0176682943857572,0.043690445230215605,0.08163758447352375
2026-02-20,0.04954824890659299,0.04453712785403488,0.036253148471779184,0.19464336612083846,0.06304659359538553,0.14788232341615104,0.3108925944071998,0.012370114928040101,0.004838649955875489,0.017016819416182515,0.04136904134653225,0.07760197158138775
2026-02-23,0.0,0.04686258489925879,0.036747577614760094,0.20522292826949348,0.06682461538687798,0.15503051743528487,0.32689003169423364,0.013013218473288186,0.005037225669350799,0.018020897735465873,0.04458028968995609,0.08177011313203014
2026-02-24,0.04773188418703397,0.0443472720677799,0.03412506701738905,0.19826206776921604,0.06465293615544447,0.15231909379280198,0.30204367175185987,0.012313450490766922,0.0047896569219077825,0.0179974862454503,0.04293501837680605,0.07848239522354372
2026-02-25,0.04730097136959086,0.0445558499925625,0.033163596211311916,0.19960021879194,0.06528713575789573,0.15539357666332945,0.29900418493524655,0.01215297610239793,0.004762766135403948,0.017853846902838588,0.04265669418885493,0.0782681829486275
2026-02-26,0.04660586288802019,0.044316454079754215,0.033563932152415106,0.2004786873756915,0.06607285673040349,0.15706453598601772,0.29569977966489974,0.012238592878567451,0.0048341799716393645,0.017778088652467994,0.04263307321836869,0.07871395640175484
2026-02-27,0.0,0.04717289239992707,0.0350463897975266,0.20954244434087724,0.06912590798928687,0.16653644003647294,0.3077358347809057,0.012865249080659844,0.005082677985664968,0.019039228044722138,0.04469528110590924,0.08315765443804718
2026-03-02,0.0,0.04743473244435152,0.035211849379833536,0.20992140882546162,0.06956071846173108,0.16998863159255728,0.30151824196727833,0.012955530706153066,0.0051577356348629306,0.01894352574221602,0.04550466116819263,0.0838029640773618
2026-03-03,0.0,0.0,0.0,0.3360940292380909,0.11301319321268244,0.28317021130752656,0.0,0.0223442343859545,0.0,0.029650857562901662,0.07886830861445128,0.13685916567839262
2026-03-04,0.0,0.038521232363049655,0.027918439032018627,0.20937982316536116,0.07096190138034456,0.17994284620801912,0.309375571961148,0.013243276539285195,0.0,0.017894298274594527,0.04955121789780032,0.0832113931783787
2026-03-05,0.0,0.0,0.0,0.32952142975531595,0.11374386522531581,0.30462997494702704,0.0,0.01965672129123936,0.0,0.02602218816307006,0.07995446219365535,0.12647135842437654
2026-03-06,0.0,0.0,0.0,0.4731348773270595,0.16692910704742608,0.0,0.0,0.028503701214567825,0.0,0.03594422670346571,0.1120679684075819,0.18342011929989904
2026-03-09,0.0,0.0,0.0,0.32330835913574585,0.11484139270921445,0.30968820398872404,0.0,0.01970477748236385,0.007905082775009146,0.018999866107755226,0.07687442826908318,0.12867788953210432
2026-03-10,0.0,0.0,0.0,0.4560620529332631,0.16231344619651283,0.0,0.0,0.02889961376002445,0.011686787306756024,0.026676371956746252,0.11247980984356125,0.20188191800313618
2026-03-11,0.0,0.0,0.0,0.0,0.0,0.0,0.0,0.07472346540393326,0.03044727871586143,0.06924297679075032,0.29036971300160175,0.5352165660878532
2026-03-12,0.0,0.0,0.0,0.0,0.0,0.0,0.0,0.09737453641914116,0.0,0.0896813681785344,0.0,0.8129440954023245
2026-03-13,0.0,0.0,0.0,0.0,0.0,0.0,0.0,0.07241248055211173,0.0,0.05948891748931308,0.2682902061465279,0.5998083958120473
2026-03-16,0.0,0.0,0.0,0.0,0.0,0.0,0.0,0.07286782913119111,0.0,0.06022481645644656,0.28347471411901104,0.5834326402933513
2026-03-17,0.0,0.0,0.0,0.0,0.0,0.0,0.0,0.09078311463609536,0.0,0.05648483032383008,0.2709726728678245,0.5817593821722501
2026-03-18,0.0,0.0,0.0,0.0,0.0,0.0,0.0,0.0,0.0,0.09168383390163054,0.0,0.9083161660983695
2026-03-19,0.0,0.0,0.0,0.0,0.0,0.0,0.0,0.0,0.0,0.09324260276045188,0.0,0.9067573972395482
2026-03-20,0.0,0.0,0.0,0.0,0.0,0.0,0.0,0.0,0.0,0.10085582557391701,0.0,0.8991441744260831
2026-03-23,0.0,0.0,0.0,0.0,0.0,0.0,0.0,0.0,0.0,0.10179225660603197,0.0,0.898207743393968
2026-03-24,0.0,0.0,0.0,0.0,0.0,0.0,0.0,0.0,0.0,0.09236038687749411,0.0,0.9076396131225057
2026-03-25,0.0,0.0,0.0,0.0,0.0,0.0,0.0,0.0,0.0,0.08562002338466489,0.0,0.9143799766153352
2026-03-26,0.0,0.0,0.0,0.0,0.0,0.0,0.0,0.0,0.0,0.08533394517535767,0.0,0.9146660548246424
2026-03-27,0.0,0.0,0.0,0.0,0.0,0.0,0.0,0.0,0.0,0.08571183540118872,0.0,0.9142881645988112
2026-03-30,0.0,0.0,0.0,0.0,0.0,0.0,0.0,0.0,0.0,0.08576585107063965,0.0,0.9142341489293604
2026-03-31,0.0,0.0,0.0,0.0,0.0,0.0,0.0,0.0,0.0,0.08651959174729483,0.0,0.9134804082527052
2026-04-01,0.0,0.0,0.0,0.0,0.0,0.0,0.0,0.0,0.0,0.09124024755602454,0.0,0.9087597524439756
2026-04-02,0.0,0.0,0.0,0.0,0.0,0.0,0.0,0.0,0.0,0.08894523566372746,0.0,0.9110547643362725
2026-04-06,0.0,0.0,0.0,0.0,0.0,0.0,0.47876557062638064,0.0,0.0,0.0437815505955596,0.0,0.4774528787780598
2026-04-07,0.0,0.0,0.0,0.0,0.0,0.0,0.4779534595069359,0.0,0.0,0.04397618400977754,0.0,0.47807035648328666
2026-04-08,0.09622859230028076,0.06434053594194367,0.048517529548445494,0.0,0.0,0.19922362147617131,0.2322874352844843,0.0,0.0,0.021283264733131954,0.10906349268052651,0.2290555280350161
2026-04-09,0.0702282527643564,0.046321427196489656,0.034910874617827194,0.24173557149383554,0.0,0.157528790693045,0.18017294702837602,0.0,0.0,0.015513007878344035,0.08158191494093225,0.17200721338679392
2026-04-10,0.11758364687250389,0.07761911958060227,0.058417669359495196,0.0,0.0,0.0,0.30014903364999584,0.0,0.0,0.025975538418794946,0.1345082243995487,0.2857467677190591
2026-04-13,0.07103454239932391,0.04669006456323185,0.035205081964575696,0.24269381591122868,0.0,0.157460231676028,0.1782328104295441,0.0,0.0,0.015545189989918733,0.08164759765004144,0.17149066541610772
2026-04-14,0.08312231955074229,0.05504429489963615,0.0415068637031721,0.28685647485355936,0.0,0.18388522992823567,0.20874043255075858,0.0,0.026165034962862106,0.01837365695221689,0.09630569259881687,0.0
2026-04-15,0.08174464118208756,0.0562150903822913,0.04149726514521986,0.28994410202921567,0.0,0.1839401016399818,0.20788552800997756,0.0,0.02541440509438347,0.01839416169476947,0.09496470482207335,0.0
2026-04-16,0.16101139452376892,0.11760893952402539,0.08973099418841071,0.0,0.0,0.0,0.4087499298231706,0.0,0.0,0.03602407264694139,0.1868746692936829,0.0
2026-04-17,0.08175644840255074,0.05999604308762588,0.04548712059147294,0.2858189722141564,0.0,0.1799287103563931,0.2080489445069329,0.0,0.02767121154395838,0.018183185787222462,0.09310936350968713,0.0
2026-04-20,0.0814144550105246,0.06214478356909955,0.04661595350515308,0.2840315121827379,0.0,0.1787581192212086,0.21027926357160143,0.0,0.027409975064750364,0.017603139302988395,0.091742798571936,0.0
2026-04-21,0.09090852206984182,0.06791235260986335,0.050542607426380066,0.0,0.0,0.19555703292635537,0.2339061811428645,0.0,0.0,0.020952865126649286,0.10213954151795601,0.23808089718008954
2026-04-22,0.0697455366361278,0.05025114986532649,0.03882379133851886,0.2368646639333687,0.0,0.1525934377020701,0.18374184111895236,0.0,0.0,0.016071979212021043,0.07399748587191482,0.1779101143216998
2026-04-23,0.09026538843458007,0.06557927265742745,0.05016159136945621,0.0,0.0,0.20499791423544506,0.24031569163866145,0.0,0.0,0.020986845661370247,0.09544275618200238,0.23225053982105723
2026-04-24,0.06746014002354483,0.048964122105960746,0.03706264737556971,0.2417431704507077,0.0,0.1607400440703239,0.18066316142125832,0.0,0.0,0.01562656526641013,0.07205800260513166,0.17568214668109297
2026-04-27,0.16020400332531817,0.11422049623367234,0.08791290823695525,0.0,0.0,0.0,0.43347737251884444,0.0,0.0,0.03782699195788861,0.16635822772732103,0.0
2026-04-28,0.11224234608185152,0.08015809593609893,0.06102128496258948,0.0,0.0,0.0,0.30281979161987677,0.0,0.0,0.026220034419364966,0.11454748506797988,0.3029909619122385
2026-04-29,0.12106369095430754,0.0,0.06699108437452107,0.0,0.0,0.0,0.3271494195539703,0.0,0.0,0.028555143511229304,0.12320920742977357,0.33303145417619817
2026-04-30,0.16072035156641978,0.11607472597710289,0.08884660530661455,0.0,0.0,0.0,0.43578920898200657,0.0,0.0,0.03662952452592123,0.161939583641935,0.0
2026-05-01,0.1631342965328388,0.1124766704597595,0.08815842256593372,0.0,0.0,0.0,0.4395449071703946,0.0,0.0,0.03575558223911263,0.1609301210319608,0.0
2026-05-04,0.16312671739642648,0.11191123200679799,0.08775548726342947,0.0,0.0,0.0,0.4410007332252262,0.0,0.0,0.03572037395189128,0.16048545615622847,0.0
2026-05-05,0.1540093441900256,0.10792701666157319,0.08534720709198994,0.0,0.0,0.0,0.44411118088021106,0.0,0.0,0.032289564355929806,0.1763156868202705,0.0
2026-05-06,0.07546176237722214,0.05427289198356875,0.04252487984000281,0.28971232167212985,0.0,0.20629940706728142,0.22837471912218377,0.0,0.0,0.016902990490068805,0.08645102744754248,0.0
2026-05-07,0.14222518016385202,0.09870232637426628,0.07941556927590526,0.0,0.0,0.0,0.4425076630198637,0.0,0.04286879717031107,0.030720067197695926,0.16356039679810566,0.0
2026-05-08,0.07390586032855982,0.05041848295254068,0.0410255674379489,0.28601822482571504,0.0,0.19909818480203315,0.22683779390280487,0.0,0.022709331427249197,0.01612023627686632,0.08386631804628208,0.0
2026-05-11,0.10596573140356423,0.06904470096235231,0.05841542365704206,0.0,0.0,0.2816665026977151,0.32012016141355826,0.0,0.0327040024234967,0.02129087458194513,0.11079260286032615,0.0
2026-05-12,0.16028026508923832,0.09489831412412103,0.07982080939562881,0.0,0.0,0.0,0.4379724571442398,0.0,0.04253257670621597,0.02939622074377351,0.15509935679678247,0.0
2026-05-13,0.16287284584925157,0.09506605307037443,0.07527374837797951,0.0,0.0,0.0,0.43803579646422725,0.0,0.04294580518226729,0.02975176472421548,0.1560539863316845,0.0
2026-05-14,0.12730406192757568,0.06752741052168945,0.05138868989514272,0.0,0.0,0.0,0.34035122089191544,0.0,0.030567645250204608,0.019498230093116093,0.10288564309177152,0.26047709832858446
2026-05-15,0.13176348975794122,0.07101118285743498,0.05321636835653085,0.0,0.0,0.0,0.35505441756556505,0.0,0.0,0.0203551179139701,0.10485938175409892,0.26374004179445903
2026-05-18,0.12258994492378843,0.06988345635348926,0.05017597425778656,0.0,0.0,0.0,0.34037067108203845,0.0,0.027208405101267524,0.022765836663379314,0.10292668859508759,0.2640790230231628
2026-05-19,0.19420529661295818,0.11087904698234662,0.0799226462025562,0.0,0.0,0.0,0.0,0.0,0.0,0.0362960759748608,0.16054392480786786,0.41815300941941036
2026-05-20,0.12347765222970358,0.07207377411458296,0.05168378671732686,0.0,0.0,0.0,0.3516268074389569,0.0,0.0,0.023661633595505868,0.10500818424599928,0.2724681616579245
2026-05-21,0.13095112900190084,0.07555107758602309,0.05433914423355337,0.0,0.0,0.0,0.31760974162416644,0.0,0.025144703387682793,0.023412111450421633,0.09930654270754796,0.2736855500087038
2026-05-22,0.13416966833042057,0.07707773384259373,0.05553446595977221,0.0,0.0,0.0,0.3253334195873692,0.0,0.0,0.02390143332687478,0.1022213726886142,0.2817619062643555
2026-05-26,0.10481766397237652,0.05987536236058183,0.043094915317628865,0.0,0.0,0.1914185411472831,0.2629516819907731,0.0,0.01994593351156893,0.018625992754644525,0.07946714969387697,0.21980275925126605
2026-05-27,0.0876814431426071,0.04897972799808707,0.03310795385742215,0.20459997263870489,0.0,0.158211674217889,0.2185620153695609,0.0,0.0,0.0,0.06556600609512668,0.1832912066806022
2026-05-28,0.08131915214859854,0.04419048802713335,0.030116710109511665,0.18647705957117555,0.08773184584427025,0.14382023385842288,0.20020516310013592,0.0,0.0,0.0,0.05955178897307065,0.16658755836768113
2026-05-29,0.08238144668463032,0.044458413406826124,0.03028247331776862,0.18623269393701236,0.08744342446542641,0.14261085138241883,0.2005387407186818,0.0,0.0,0.0,0.059522542938405594,0.16652941314882994
2026-06-01,0.0806470011925221,0.04358753405222012,0.02962452551596453,0.18286498236196363,0.08722431256688327,0.1435566101757739,0.1970495149212161,0.0,0.0,0.013502733741241935,0.05812055629444789,0.1638222291777666
2026-06-02,0.08204686178373767,0.043259956983813797,0.02874179575425572,0.18429766992707589,0.08906097349291503,0.14628789769577774,0.19869484563034148,0.0,0.0,0.013955018538552032,0.05658292302821675,0.15707205716531394
2026-06-03,0.08258612919191238,0.043126597776373815,0.028816861610537984,0.18388858641927078,0.08862163989154785,0.14603650999526846,0.19852413668474764,0.0,0.0,0.014236609809556272,0.05636720782535265,0.15779572079543225
2026-06-04,0.08086431124870605,0.04496890861672519,0.028465207039432113,0.18469231317078025,0.08780359175069635,0.14507398713227834,0.19474527047375093,0.0,0.0,0.014482678179314095,0.05945681433146834,0.1594469180568485
2026-06-05,0.1472003596914461,0.07897885097196866,0.050257743711994034,0.0,0.0,0.0,0.34337200643902144,0.0,0.0,0.0,0.09907608730163688,0.28111495188393276
2026-06-08,0.11892551320202192,0.0772092254525745,0.043716235676934834,0.0,0.0,0.0,0.3444441699325553,0.0,0.0,0.027125850331293853,0.10658923832471504,0.2819897670799045
2026-06-09,0.09760233825081521,0.06254188463239146,0.035678258164391526,0.0,0.0,0.21114335570488157,0.27927513619007754,0.0,0.0,0.0,0.08285611362307521,0.23090291343436734
2026-06-10,0.13520861426724648,0.0,0.04967609284515783,0.0,0.0,0.0,0.3878547939552124,0.0,0.0,0.0,0.10523060613436803,0.32202989279801525
2026-06-11,0.06582569392328019,0.04457235602282469,0.025634912760574256,0.19345995710176297,0.09378086620237902,0.15120101069872072,0.20112415495702607,0.0,0.0,0.0,0.05546348973358076,0.16893755859985132
2026-06-12,0.06435635013336843,0.042583640798407284,0.02503418179894956,0.19548591064275184,0.09254027924498696,0.14984450012769662,0.19913008290236908,0.0,0.0,0.0,0.058485561776768606,0.17253949257470153
2026-06-15,0.06259533715654204,0.043105795239475185,0.024291646356110422,0.18744232311245898,0.08853013877114274,0.1436984229265696,0.1946436777083094,0.0,0.0,0.0,0.0575575183994071,0.1981351403299846
2026-06-16,0.05925355106655097,0.04314656896781329,0.023625875150020487,0.1883862456652331,0.08925386938842138,0.14445197049619318,0.19527609032054352,0.0,0.0,0.0,0.05721556926299924,0.19939025968222468
2026-06-17,0.061577071720082505,0.04630867352051385,0.024423927203443874,0.20117683532769967,0.09505387622406235,0.1532933910476592,0.20989300573729378,0.0,0.0,0.0,0.0,0.20827321921924472
2026-06-18,0.06228088618995053,0.04872021074467263,0.025660571598067488,0.20411490582906455,0.10002635853715752,0.15932186507207666,0.21148130185451597,0.0,0.0,0.0,0.0,0.18839390017449462
2026-06-22,0.058464398425707755,0.049082852862892365,0.023684345814543224,0.1924006273805547,0.09393779364296806,0.15041692211718277,0.19402317553258036,0.0,0.0,0.0,0.053534251324663905,0.184455632898907
2026-06-23,0.05796398355143109,0.051392883751289996,0.02366698468384497,0.19011391904415295,0.09150691388160083,0.15122750885579583,0.19871203202175686,0.0,0.0,0.0,0.052461599887529506,0.18295417432259806
2026-06-24,0.0557798871816686,0.048461561563031684,0.02141848673334953,0.19064161708381808,0.09180511195147122,0.15343888579983267,0.20218920273805768,0.0,0.0,0.0,0.050733961205283964,0.1855312857434865
2026-06-25,0.056555816227576876,0.04908938589054957,0.02169356354479633,0.18678805749812044,0.08734352493382812,0.1526663826212029,0.20697692395424164,0.0,0.0,0.0,0.051385228961462165,0.18750111636822198
2026-06-26,0.0,0.05128804977272736,0.02335414458084117,0.20027629059494545,0.09410116562604387,0.16337996756662504,0.21850340580154917,0.0,0.0,0.0,0.0539198957297479,0.19517708032752
2026-06-29,0.05598410594084456,0.048507172397042435,0.022252831278004745,0.18927652631899122,0.08942826599698214,0.15448171728486285,0.20638281308060916,0.0,0.0,0.0,0.050059124844966205,0.18362744285769678
2026-06-30,0.054245428457035165,0.04847676993377382,0.022413073470650035,0.19084546807541086,0.09008964374217442,0.15545521438885007,0.2061288216024599,0.0,0.0,0.0,0.050498671669009,0.18184690866063682
2026-07-01,0.052800358946769335,0.04854428788465924,0.022204429730667132,0.19403387547918186,0.09023634770052529,0.15067101557537668,0.21202976184485062,0.0,0.0,0.0,0.04769779565571979,0.18178212718224995
2026-07-02,0.05402329659769246,0.04955252657497847,0.0,0.19695654566942414,0.08971593054014441,0.15394276682226196,0.21711272227693476,0.0,0.0,0.0,0.04958128556626846,0.18911492595229543
2026-07-06,0.052754365556879824,0.047411592998773414,0.021393422425074072,0.19969853460803122,0.08937415958133997,0.15612458934909298,0.21433908512873212,0.0,0.0,0.0,0.04711859101997162,0.17178565933210474
2026-07-07,0.09415211418120868,0.08617152623070208,0.0,0.0,0.0,0.0,0.4265010131211,0.0,0.0,0.0,0.08440232573506254,0.3087730207319268
2026-07-08,0.09472240490201907,0.08510548632455749,0.0,0.0,0.0,0.0,0.4265995297890809,0.0,0.0,0.0,0.08378499105657153,0.3097875879277709
2026-07-09,0.09226487059122723,0.0821297191583847,0.03608337708296775,0.0,0.0,0.0,0.41193607598607196,0.0,0.0,0.0,0.07842484741454744,0.29916110976680094
2026-07-10,0.09019657934872789,0.08175705410303047,0.03691014090785554,0.0,0.0,0.0,0.419190645149432,0.0,0.0,0.0,0.07716342418704614,0.2947821563039079
2026-07-13,0.0933416714796621,0.08486726141290209,0.0,0.0,0.0,0.0,0.4353809520006524,0.0,0.0,0.0,0.08017739600522397,0.3062327191015592
2026-07-14,0.0938617693216443,0.08439613117213578,0.0,0.0,0.0,0.0,0.43221986614640356,0.0,0.0,0.0,0.08106205711731654,0.30846017624249994
2026-07-15,0.09510839005456412,0.08506754141032873,0.0,0.0,0.0,0.0,0.43365026791562056,0.0,0.0,0.0,0.08314101304123117,0.30303278757825536
2026-07-16,0.09603985232705277,0.08575450877895353,0.0,0.0,0.0,0.0,0.4360115609370019,0.0,0.0,0.0,0.08808587017927377,0.29410820777771784
2026-07-17,0.09641869928836701,0.08593610249276054,0.0,0.0,0.0,0.0,0.44023082510640943,0.0,0.0,0.0,0.08375674639404128,0.2936576267184218
2026-07-20,0.0,0.0,0.0,0.0,0.0,0.0,0.5398172262123203,0.0,0.0,0.0,0.10113762551443936,0.35904514827324036
2026-07-21,0.09135038502647497,0.08256450370226086,0.0,0.0,0.0,0.0,0.4310391766053885,0.0,0.0,0.0298490472048485,0.08206533055571948,0.2831315569053077
2026-07-22,0.09465441125106942,0.08197642901016516,0.0,0.0,0.0,0.0,0.44585428873348476,0.0,0.0,0.027452065184780664,0.07600585646635796,0.27405694935414215
2026-07-23,0.0,0.0,0.0,0.0,0.0,0.0,0.0,0.0,0.0,0.07226884614083647,0.2064357207806387,0.7212954330785248
2026-07-24,0.0,0.17415551619325156,0.0,0.0,0.0,0.0,0.0,0.0,0.0,0.05704609267203318,0.18340918683810173,0.5853892042966136
2026-07-27,0.0,0.1912202932047485,0.0,0.0,0.0,0.0,0.0,0.0,0.0,0.0,0.18305255218023608,0.6257271546150155
2026-07-28,0.0,0.21592603444641623,0.0,0.0,0.0,0.0,0.0,0.0,0.0,0.0,0.17268869179481397,0.6113852737587698
2026-07-29,0.0,0.20551998156219353,0.0,0.0,0.0,0.0,0.0,0.0,0.0,0.04958316385624778,0.16552048897480293,0.5793763656067558
2026-07-30,0.0,0.14313247254615594,0.0,0.0,0.0,0.0,0.708621442820675,0.0,0.0,0.03261505076148852,0.11563103387168065,0.0
2026-07-31,0.13341194834122058,0.11283871310072183,0.0,0.0,0.0,0.0,0.6191016816793168,0.0,0.0,0.030869872838955408,0.10377778403978553,0.0
