sma_fast,sma_slow,rsi_period,rsi_lower,rsi_upper,macro_gate,total_return,sharpe,max_dd,win_rate,profit_factor,expectancy,total_trades,passes_filters
100,250,21,35,65,unrate_only,3.6754474980712986,0.09978956105329924,8.700417611236597,49.23076923076923,1.1158305652229732,5.654534612417386,65,False
100,200,21,35,65,unrate_only,-1.9785296603469034,-0.02523141771468825,10.822342276733679,47.05882352941176,0.9490776893926561,-2.9096024416865447,68,False
100,150,21,35,65,unrate_only,-3.147102065798335,-0.048335168451552196,9.381676058898837,48.4375,0.9218103304553205,-4.917346977809956,64,False
100,250,21,30,70,unrate_only,-5.768760103740042,-0.10861283102095089,10.11489084067812,40.74074074074074,0.84037825709129,-10.68288908100012,54,False
100,250,14,35,65,unrate_only,-5.3386162169240015,-0.14079718551758214,13.823373921097254,51.5625,0.8071018962923509,-8.341587838943745,64,False
100,200,21,30,70,unrate_only,-8.230896113409635,-0.15089633214821963,11.891887215789671,42.3728813559322,0.8035711475406766,-13.950671378660502,59,False
100,150,21,30,70,unrate_only,-8.514370090456778,-0.1523098270988473,12.884848374081564,43.63636363636363,0.7967849986856055,-15.480672891739601,55,False
100,250,14,30,70,unrate_only,-7.476059254220964,-0.16938322382762322,14.765356722597867,47.05882352941176,0.7705595084727801,-10.99420478561899,68,False
100,150,14,30,70,unrate_only,-9.088025972087234,-0.18450733734674007,16.31433880752555,47.05882352941176,0.7551965410858834,-13.364744076598846,68,False
100,150,14,35,65,unrate_only,-8.831081665084458,-0.21009265530741233,16.077408804808314,49.31506849315068,0.7641545243483325,-12.097372143951283,73,False
100,200,14,35,65,unrate_only,-9.674691025928531,-0.2439720666557806,16.95259358966211,50.0,0.7177369767838193,-13.820987179898033,70,False
100,200,14,30,70,unrate_only,-11.885410412730616,-0.25915076405353366,18.15077067425028,45.20547945205479,0.6916064137647502,-16.28138412702826,73,False
100,250,14,40,60,unrate_only,-7.418639510863431,-0.26012853227417126,13.427023152291708,50.70422535211267,0.6854685471598119,-10.448788043469712,71,False
100,200,14,40,60,unrate_only,-10.236863501525768,-0.3158104529833412,16.432439633876005,48.05194805194805,0.6559485368086723,-13.294627924059462,77,False
100,150,14,40,60,unrate_only,-11.573323715880178,-0.349151005561226,17.676655511313445,46.34146341463415,0.6335875493098435,-14.113809409609932,82,False
100,250,21,40,60,unrate_only,-12.18067648151753,-0.39316861150563054,15.881981249409055,42.465753424657535,0.6246210943246585,-16.685858193859648,73,False
100,250,10,30,70,unrate_only,-14.665957773474164,-0.40915494264152485,18.26851507168163,47.43589743589743,0.5889148686452722,-18.80250996599247,78,False
100,200,10,30,70,unrate_only,-16.101164766847123,-0.41494020460201425,19.315695014609805,49.39759036144578,0.5997486093272114,-19.398993694996513,83,False
100,200,10,35,65,unrate_only,-14.02806244820198,-0.42367372777597867,16.956374019227386,46.51162790697674,0.6215798638177861,-16.311700521165154,86,False
100,250,10,35,65,unrate_only,-13.151098570031392,-0.43961983908964614,15.398907499219503,43.75,0.5964314550162557,-16.438873212539242,80,False
100,150,10,35,65,unrate_only,-15.218807442782872,-0.4511283700150438,18.678077052716745,43.956043956043956,0.611824962493624,-16.723964222838294,91,False
100,150,10,30,70,unrate_only,-19.155911130505903,-0.48654702567258407,22.37322749576658,46.42857142857143,0.5476069038353993,-22.804656107745117,84,False
100,200,21,45,55,unrate_only,-11.011460353483544,-0.5038965546873594,12.751794250705531,41.66666666666667,0.499679573740233,-18.35243392247258,60,False
100,200,21,40,60,unrate_only,-16.876658562486753,-0.504335774975191,19.48603292842563,41.25,0.5825122789292283,-21.095823203108555,80,False
100,250,21,35,65,both,-25.1538142356938,-0.5238099481228368,27.88401763311277,38.83495145631068,0.5833160870563848,-24.42117886960564,103,False
100,250,21,45,55,unrate_only,-9.698617811516689,-0.5245119671527957,11.346209727620117,42.592592592592595,0.4547955276809623,-17.960403354660485,54,False
100,250,21,35,65,payems_only,-24.86611985672741,-0.532645372217558,26.354130405511032,39.58333333333333,0.5783471726494405,-25.902208184091087,96,False
100,150,21,40,60,unrate_only,-18.81850238789044,-0.5437812490521778,21.366919176655,41.46341463414634,0.5661099409610594,-22.949393155963996,82,False
100,250,21,30,70,payems_only,-27.20002794768634,-0.54386297314119,28.096363279853698,34.11764705882353,0.5223619529153717,-32.00003287963095,85,False
100,200,21,30,70,payems_only,-28.20775534953389,-0.5497758793702747,29.2155019372691,34.831460674157306,0.5502898830540787,-31.694107134307735,89,False
100,200,21,30,70,both,-29.15543112579145,-0.5560857864464406,31.226190849219055,33.68421052631579,0.5493696677540216,-30.689927500833214,95,False
100,200,21,35,65,payems_only,-27.04810210876452,-0.5706272279367818,28.593375765209196,38.144329896907216,0.5814326418839473,-27.88464134924169,97,False
100,200,21,35,65,both,-27.873090708421444,-0.5741847399228392,29.9728840451166,37.142857142857146,0.5805393820199445,-26.5458006746871,105,False
100,200,21,30,70,neither,-32.60368681002309,-0.5769105713424214,35.419021627231494,33.0188679245283,0.5579492791825366,-30.37786742520531,107,False
100,150,21,30,70,both,-30.80036536463841,-0.5771661852417052,32.823044287750335,34.375,0.5397134791938968,-32.08371392149833,96,False
100,150,21,30,70,neither,-33.388752428203425,-0.5778121340573972,34.64669516481472,33.33333333333333,0.5421838834199568,-31.798811836384296,105,False
50,250,21,35,65,unrate_only,-22.40467104652399,-0.5786578817236284,26.558858255373174,36.84210526315789,0.4939073841004095,-29.479830324373623,76,False
100,150,21,30,70,payems_only,-30.47432320946643,-0.5797690539466974,32.4410054618129,34.04255319148936,0.531321148575011,-32.41949277602815,94,False
100,250,21,30,70,both,-29.23715358812931,-0.5805839197397972,31.30552459515709,32.967032967032964,0.5135510228276271,-32.128740206735586,91,False
100,150,21,45,55,unrate_only,-13.587449886069134,-0.5914412560873847,16.004407737828338,40.98360655737705,0.4458412788206414,-22.27450800994928,61,False
100,200,21,35,65,neither,-31.901400190900798,-0.6136745373566205,34.65613119223575,36.206896551724135,0.5811841838877663,-27.15004478829033,117,False
100,250,21,35,65,neither,-31.259398554636547,-0.6241955914968172,31.259398554636547,37.83783783783784,0.5287211921976672,-28.161620319492457,111,False
50,150,21,35,65,unrate_only,-24.969056469501847,-0.6260953370036042,27.15339345023098,37.17948717948718,0.4717419603406231,-32.011610858335686,78,False
100,250,21,30,70,neither,-33.12917661474002,-0.6302582862704683,33.12917661474002,32.6530612244898,0.4788197906159857,-33.805282259938636,98,False
50,250,14,35,65,unrate_only,-22.186259146902575,-0.6423086325257461,27.25826112545485,36.84210526315789,0.46764185783934215,-29.19244624592438,76,False
100,150,21,35,65,both,-32.31730120950615,-0.6629592980006322,34.287712548709585,36.19047619047619,0.5321161463387282,-30.778382104291545,105,False
50,250,14,40,60,unrate_only,-18.467032499168862,-0.6656880849883423,22.33471388362527,36.58536585365854,0.4611317922352125,-22.520771340449738,82,False
50,200,21,35,65,unrate_only,-24.964877450692345,-0.6674749646214514,27.149336093030662,35.13513513513514,0.44285920509228627,-33.73632087931398,74,False
100,150,21,35,65,neither,-36.69135692376796,-0.6965241897119405,37.069212146426025,35.59322033898305,0.5199661547758263,-31.094370274379685,118,False
50,250,14,30,70,unrate_only,-26.679350666338227,-0.7024711418967757,30.25100839910883,35.80246913580247,0.3669523303741379,-32.93746995844232,81,False
50,250,10,35,65,unrate_only,-21.264020946343855,-0.7030540810994014,23.910400816810185,38.88888888888889,0.46377575611483857,-23.626689940381976,90,False
100,200,10,40,60,unrate_only,-19.49488837154813,-0.7048968891805689,22.074828398740816,40.69767441860465,0.4561093910463032,-22.668474850637296,86,False
100,150,21,35,65,payems_only,-33.38723926234465,-0.7075370813333103,34.798236745979935,35.64356435643564,0.5128405590727907,-33.05667253697492,101,False
50,250,21,30,70,unrate_only,-28.90451570595274,-0.714463566821214,30.982609591386627,27.536231884057973,0.3555609742703438,-41.89060247239531,69,False
100,150,10,40,60,unrate_only,-20.740619180194262,-0.7235289976506388,23.41034601022821,40.65934065934066,0.45840493435829616,-22.791889209004697,91,False
50,150,14,30,70,unrate_only,-27.56653494874109,-0.73136187010315,30.34752012674694,36.144578313253014,0.3699956262633172,-33.21269270932657,83,False
50,150,14,35,65,unrate_only,-25.0111850958952,-0.7412866269615738,28.374672113926756,36.25,0.43496919667779066,-31.263981369868993,80,False
100,250,14,45,55,unrate_only,-15.167825761588338,-0.7566056490866433,16.996054933772236,33.33333333333333,0.3808471080612748,-21.06642466887272,72,False
100,250,10,40,60,unrate_only,-18.592257410388765,-0.7654716639765702,20.21321339640435,40.50632911392405,0.397889477570242,-23.534503051125064,79,False
50,250,21,40,60,unrate_only,-23.132418364041804,-0.7743628939489182,27.028576476464565,37.5,0.4460454078967072,-28.915522955052356,80,False
50,200,10,35,65,unrate_only,-22.72591831826704,-0.7780267504284077,25.468534704623647,37.2093023255814,0.41417840231996905,-26.425486416589628,86,False
50,250,10,30,70,unrate_only,-26.733646760979983,-0.7883294689857626,29.64367124147295,38.82352941176471,0.3549523470581075,-31.451349130564623,85,False
50,200,14,35,65,unrate_only,-26.27483153004306,-0.7928807292864355,29.54008640293925,35.064935064935064,0.39557200091181155,-34.12315783122479,77,False
100,200,14,30,70,neither,-39.750775967377464,-0.7948749191401705,42.06638641573056,35.76642335766424,0.5001856241703899,-28.75210267851015,138,False
50,100,14,40,60,unrate_only,-22.54172886204544,-0.8035693803857478,25.657036237093124,36.666666666666664,0.4313092183854281,-25.04636540227268,90,False
50,150,10,35,65,unrate_only,-23.65636917772819,-0.8062035848836224,26.365961945837647,36.26373626373626,0.4166727437994474,-25.99601008541572,91,False
50,200,14,40,60,unrate_only,-22.163962729558424,-0.8194086637842037,24.926046609663466,34.93975903614458,0.39136719691905897,-26.703569553684865,83,False
50,200,14,30,70,unrate_only,-29.94585002002179,-0.8204894160933474,32.59573308582878,33.33333333333333,0.2958344272855176,-38.392115410284354,78,False
50,200,21,30,70,unrate_only,-32.11878286405347,-0.8243499274661731,34.10292494658841,27.536231884057973,0.32686456525430174,-46.548960672541305,69,False
50,150,14,40,60,unrate_only,-22.592710070837757,-0.8334130295472271,25.383610274942676,34.48275862068966,0.39512428568829716,-25.968632265330722,87,False
50,100,21,35,65,unrate_only,-31.937928803400627,-0.8349618366379811,32.80460035216246,30.0,0.38639534316332735,-39.92241100425075,80,False
100,200,14,45,55,unrate_only,-18.496943706646814,-0.846012180624673,19.303953348581203,34.146341463414636,0.3557516012299384,-22.557248422739978,82,False
50,150,21,30,70,unrate_only,-34.65154826181773,-0.8485370884734225,36.56165857793887,27.397260273972602,0.31034798337072267,-47.46787433125722,73,False
100,150,14,30,70,neither,-42.93683681726158,-0.8520778933537954,43.31275396491468,34.58646616541353,0.4484580185614013,-32.283335952828196,133,False
50,200,10,30,70,unrate_only,-28.03852546651708,-0.8522362778077635,30.430501398876054,37.03703703703704,0.31608299503276777,-34.61546353891003,81,False
50,200,21,40,60,unrate_only,-25.12448031522504,-0.8661307634613185,27.78585954501949,35.0,0.40674714565457204,-31.40560039403136,80,False
50,100,14,35,65,unrate_only,-29.68165080441817,-0.8848267311854414,32.80598092887117,34.5679012345679,0.3815449254637104,-36.64401333878786,81,False
50,150,21,45,55,unrate_only,-17.529228996626824,-0.8993191616637914,19.188281434363507,34.48275862068966,0.3068685334002792,-30.2228086148738,58,False
100,250,14,30,70,neither,-41.63602296052276,-0.9013916994018618,41.63602296052276,35.11450381679389,0.42458098122036264,-31.783223633986807,131,False
50,150,10,30,70,unrate_only,-29.757897996102393,-0.9014019397687258,32.09272254661171,36.7816091954023,0.32204867654463165,-34.20448045529004,87,False
50,150,21,40,60,unrate_only,-26.59042079967205,-0.902091215317295,29.392852206408154,35.294117647058826,0.40234115391088676,-31.28284799961407,85,False
20,250,21,35,65,unrate_only,-31.803810786197147,-0.9184624897499432,35.32231838948198,28.431372549019606,0.4068613443878774,-31.18020665313448,102,False
100,150,14,45,55,unrate_only,-20.845685607572822,-0.925588926106661,21.629438976102687,32.55813953488372,0.3257175891775206,-24.239169311131235,86,False
20,250,21,30,70,unrate_only,-34.262716730878076,-0.9305827267627559,36.18419244432273,25.252525252525253,0.3505959666559431,-34.608804778664734,99,False
50,100,10,35,65,unrate_only,-27.061234028605075,-0.9336748519647482,28.646718095032575,36.26373626373626,0.3565530672328005,-29.73761981165396,91,False
100,200,14,30,70,payems_only,-41.04701433401948,-0.9391298680505485,41.874536449130126,34.74576271186441,0.41549561539048696,-34.78560536781314,118,False
100,250,14,30,70,payems_only,-39.36626433476608,-0.9392660793631595,40.11280527518006,34.78260869565217,0.4068112796240708,-34.23153420414445,115,False
50,250,21,35,65,both,-39.65608313021296,-0.9402327715746611,44.11828151107126,33.33333333333333,0.43378343831321176,-29.374876392750384,135,False
100,250,14,30,70,both,-40.565303430942706,-0.9413357307316698,41.9100264472594,33.88429752066116,0.3943800495076431,-33.52504415780395,121,False
100,200,14,30,70,both,-42.21281640566021,-0.9427150507717554,43.52026408038904,33.87096774193548,0.4032537035217043,-34.04259387553243,124,False
50,200,21,45,55,unrate_only,-17.751755781797602,-0.9473647078414472,19.4063316807447,33.33333333333333,0.2673540673029169,-32.873621818143704,54,False
100,150,14,30,70,both,-43.17303537285929,-0.9476274777250028,44.45875788332492,33.88429752066116,0.4000561449557954,-35.68019452302423,121,False
50,250,21,45,55,unrate_only,-18.428043033446638,-0.9482880414413907,20.088549070419752,32.758620689655174,0.2759174002539874,-31.772487988701112,58,False
50,250,21,35,65,neither,-43.55350993787574,-0.9592026320480487,46.28409857022323,31.125827814569533,0.4587172417448814,-28.84338406481836,151,False
20,150,21,35,65,unrate_only,-33.67500961509879,-0.9637756704352031,37.096974766633025,28.431372549019606,0.37946051010347687,-33.01471530892041,102,False
100,150,14,30,70,payems_only,-43.11187402440829,-0.9740851207796489,44.642974117427485,34.45378151260504,0.4031467335103727,-36.22846556672963,119,False
50,250,21,35,65,payems_only,-39.93002224306333,-0.9776606498993601,42.97325726256131,33.59375,0.4202239785096069,-31.1953298773932,128,False
50,100,21,30,70,unrate_only,-39.49527949374852,-0.9798080595206622,39.49527949374852,27.631578947368425,0.2837121921264042,-51.967473018090196,76,False
50,100,21,40,60,unrate_only,-29.707343869775606,-0.9799142584865679,32.16388392966783,30.0,0.38002263765226013,-33.008159855306175,90,False
50,100,21,30,70,payems_only,-51.28254694456216,-0.9863427924944209,52.88227431814963,29.770992366412212,0.36530647598965094,-39.14698240042915,131,False
20,250,21,40,60,unrate_only,-27.65090558840491,-0.9901395339720508,30.644476201941316,36.55913978494624,0.39015831843983395,-29.732156546671977,93,False
50,100,14,30,70,unrate_only,-36.11002676012731,-0.9907754067467446,38.06036738200584,30.681818181818183,0.3086863013914426,-41.034121318326484,88,False
20,150,14,30,70,unrate_only,-35.04983889428474,-0.9914959387777037,37.9892790167572,31.25,0.3382792333491661,-31.294499012754294,112,False
50,150,21,35,65,both,-47.48455007029123,-0.9920383294259902,49.445371407600405,32.6530612244898,0.4058188367598023,-32.302415013803525,147,False
50,250,14,45,55,unrate_only,-19.229113283995183,-0.996617217766045,20.347331029035935,30.37974683544304,0.28748602432342013,-24.34064972657616,79,False
20,250,14,30,70,unrate_only,-33.95256425822614,-0.9987682842376628,36.94166358147182,30.357142857142854,0.3375973809187466,-30.314789516273265,112,False
20,200,21,35,65,unrate_only,-34.89271104379457,-1.0039532601991905,37.36213142477329,27.184466019417474,0.3807032568962852,-33.87641848912092,103,False
50,100,21,35,65,payems_only,-48.84159126314003,-1.0051998987150712,52.63745029386251,31.25,0.4037681467865554,-33.91777171051389,144,False
100,200,14,35,65,neither,-44.26291335813446,-1.0100138435211132,45.68332056900072,34.96503496503497,0.4093192314457667,-30.719936014583556,144,False
20,150,21,45,55,unrate_only,-19.056400232087416,-1.0156721527632044,20.44533656817913,31.147540983606557,0.2844764091523452,-31.240000380471194,61,False
50,100,21,35,65,both,-49.55432093723914,-1.0186341295095078,54.25665064218299,30.87248322147651,0.39275772750885785,-33.257933514925554,149,False
20,150,21,30,70,unrate_only,-37.89718493102936,-1.0269673269117292,39.71242652540817,25.742574257425744,0.30862838076571053,-37.52196527824691,101,False
50,100,21,30,70,both,-52.948067856043615,-1.0306305941418752,54.49310478039215,29.1044776119403,0.34997431804156875,-39.51348347465937,134,False
50,150,21,35,65,payems_only,-48.314722023328414,-1.036668947175346,49.4095242257666,32.16783216783217,0.3894284438475358,-33.78651889743247,143,False
50,100,21,30,70,neither,-55.79610978765464,-1.038928127506918,56.96888161100563,27.92207792207792,0.3983000765098116,-36.231240121853624,154,False
100,150,14,35,65,neither,-46.91721344923073,-1.0402713291023662,46.91721344923073,34.45945945945946,0.39396545288201396,-31.700819898128856,148,False
100,250,14,35,65,neither,-43.29077492576302,-1.0459237509674342,43.75635778085644,35.0,0.36818116883060975,-30.921982089830816,140,False
20,200,14,30,70,unrate_only,-36.32398027449231,-1.051345832049759,38.32978264308835,29.72972972972973,0.3170867172533377,-32.72430655359673,111,False
50,250,21,30,70,neither,-48.63772811484286,-1.0530279794804298,51.044340103193356,25.735294117647058,0.38033931359437106,-35.76303537856083,136,False
50,100,21,35,65,neither,-53.55385147741995,-1.053752977382083,55.40664616725467,29.585798816568047,0.42288131724966393,-31.688669513266312,169,False
20,200,21,30,70,unrate_only,-38.96736863818304,-1.0594042475633347,40.75132917104,23.762376237623762,0.3287678150711672,-38.581553107111944,101,False
50,150,21,30,70,both,-52.03426814169367,-1.0608335468327474,53.43628818663559,28.888888888888886,0.34254950995546535,-38.54390232718057,135,False
50,150,21,35,65,neither,-53.031947906285126,-1.0665866754408824,54.00613581758296,30.72289156626506,0.4125698059427785,-31.946956570051288,166,False
50,150,21,30,70,payems_only,-51.808271997756265,-1.0689868403445602,53.17147794622142,28.57142857142857,0.3298569773582117,-38.95358796823783,133,False
50,250,10,40,60,unrate_only,-27.51856276556665,-1.0746585153982537,29.03564274932903,35.869565217391305,0.31943188649145715,-29.9114812669203,92,False
50,100,10,30,70,unrate_only,-35.25781292566576,-1.0762821771770719,36.665126370923126,34.44444444444444,0.26602212058618563,-39.1753476951841,90,False
20,150,21,40,60,unrate_only,-30.81211168242794,-1.0774244504702188,33.10283166939971,33.68421052631579,0.3529079552989451,-32.433801770976714,95,False
50,250,21,30,70,payems_only,-45.800349729566555,-1.0791063003390966,47.33350259036345,26.89075630252101,0.32218118870255374,-38.4876888483753,119,False
100,250,10,30,70,both,-42.65901663782996,-1.0815232006682733,43.71756822479635,37.16216216216216,0.4000470310606818,-28.823659890425656,148,False
50,250,21,30,70,both,-46.633696328627714,-1.0816851628907627,48.19357302753322,26.61290322580645,0.33259446395058934,-37.60781961986102,124,False
100,250,14,35,65,both,-41.84447567147875,-1.08256289377549,43.933638222365204,33.87096774193548,0.3463797155411561,-33.74554489635387,124,False
100,200,14,35,65,both,-44.08888759913175,-1.092104299350609,45.04798544800085,33.59375,0.3565035382344137,-34.444443436821615,128,False
100,250,10,45,55,unrate_only,-18.045645500371247,-1.0939199199788838,18.973027189567173,25.423728813559322,0.21199713087357241,-30.585839831137683,59,False
100,150,14,35,65,both,-45.39099464494657,-1.0980747882148907,46.32775618153335,33.33333333333333,0.37905688574392293,-34.38711715526263,132,False
50,150,21,30,70,neither,-56.18641596092024,-1.09912746946712,57.53697171062069,27.450980392156865,0.37331461512819625,-36.72314768687596,153,False
100,250,10,30,70,payems_only,-42.323814654253646,-1.099695851391504,43.057543317982564,36.42857142857142,0.38188530566114204,-30.231296181609764,140,False
50,100,21,45,55,unrate_only,-23.272905424856628,-1.1015284078066185,24.65441371892989,31.818181818181817,0.2575223915624854,-35.261977916449425,66,False
100,250,14,35,65,payems_only,-41.30445317969162,-1.1018518174423444,43.13425791713591,33.33333333333333,0.3350874909155126,-34.42037764974299,120,False
100,250,21,40,60,payems_only,-38.613607696554006,-1.1063605666706096,39.24189037745058,34.306569343065696,0.397028910524727,-28.185115106973715,137,False
100,200,14,35,65,payems_only,-43.5697063418751,-1.108350408929381,44.36181746969595,33.064516129032256,0.34689307655677803,-35.136859953125054,124,False
20,200,21,40,60,unrate_only,-30.985998166318296,-1.1089951712471318,32.30947339707196,32.631578947368425,0.3447241071828374,-32.61684017507191,95,False
20,250,21,45,55,unrate_only,-18.944646139168437,-1.1128414160504159,20.335500098405227,31.147540983606557,0.26203708625963673,-31.05679694945657,61,False
100,200,10,30,70,neither,-48.592873189418576,-1.1156736676256092,50.568647680687384,37.57225433526011,0.43112881518353735,-27.910617938477774,174,False
100,200,10,30,70,both,-45.56636763613926,-1.1160963380769258,46.57124764594259,36.94267515923567,0.4006784324924868,-29.023164099451808,157,False
50,150,10,40,60,unrate_only,-27.98871101735287,-1.1168192780223536,29.22983245171253,34.831460674157306,0.2962248445836207,-31.447989907137956,89,False
100,150,14,35,65,payems_only,-45.366519369684525,-1.1281787925513098,46.81654216852065,32.55813953488372,0.366781073485614,-35.16784447262369,129,False
50,200,10,40,60,unrate_only,-28.019543245384863,-1.12897076907483,29.26013328335349,35.294117647058826,0.27967532326012556,-32.964168523982096,85,False
100,250,21,40,60,both,-40.12360676373884,-1.1291876409451989,40.12360676373884,34.50704225352113,0.3888845558777369,-28.25606110122459,142,False
100,200,10,30,70,payems_only,-45.24816134681927,-1.1324581044616098,45.869515247578406,36.241610738255034,0.38428756586537527,-30.367893521355224,149,False
100,200,14,40,60,neither,-43.376345814530524,-1.1415792167764764,44.402719665594894,40.36144578313253,0.39479919683824233,-26.05865894862721,167,False
100,150,14,40,60,both,-41.99380684507644,-1.1417972623140975,42.37881926603524,37.9746835443038,0.39168699413262287,-26.578358762706635,158,False
100,150,14,40,60,payems_only,-41.523132189294834,-1.1522295360086732,42.88600740409458,37.908496732026144,0.38593823761797885,-27.139302084506433,153,False
50,200,21,35,65,both,-46.81897734912172,-1.1550437482871851,48.36720890510753,31.03448275862069,0.3838552991221273,-32.288949895946075,145,False
20,150,14,35,65,unrate_only,-36.055815206738174,-1.1550520743877646,38.88335649081661,30.630630630630627,0.3214866077971476,-32.48271640246675,111,False
50,200,21,35,65,neither,-50.72496464355719,-1.155514148253769,52.3449583319091,29.629629629629626,0.4101246644988684,-31.311706570097076,162,False
20,150,14,45,55,unrate_only,-23.16011702028524,-1.1608129940325689,24.403861597395625,28.57142857142857,0.22808543350443058,-30.078074052318506,77,False
50,150,14,45,55,unrate_only,-22.56848069215693,-1.1613753919715561,22.731320452488955,29.268292682926827,0.2425606961668442,-27.522537429459756,82,False
20,150,14,40,60,unrate_only,-31.00355884547276,-1.169209513336543,32.625216789650345,32.69230769230769,0.31121209041678766,-29.811114274493164,104,False
50,100,21,40,60,payems_only,-50.29561533099114,-1.1721561208041464,52.809772878515325,27.878787878787882,0.3833290729904685,-30.482191109691634,165,False
100,150,14,40,60,neither,-46.07172379269179,-1.1755485097943486,46.07172379269179,40.0,0.3828007057026617,-25.595402107050965,180,False
100,200,21,40,60,payems_only,-42.05089345587011,-1.1771163472236268,43.82438140252648,32.11678832116788,0.3917767366805831,-30.694082814503762,137,False
50,200,14,45,55,unrate_only,-22.737371983405538,-1.1801063736398776,22.899856562570566,29.11392405063291,0.2271647155068005,-28.78148352329825,79,False
100,200,21,40,60,neither,-46.98921368929555,-1.1816492883073688,49.02662301078354,32.467532467532465,0.39414507014726236,-30.306569387328025,155,False
50,100,21,40,60,both,-50.879202324454376,-1.182473483320354,54.136760242972684,28.235294117647058,0.3809446213211104,-29.928942543796666,170,False
20,200,14,35,65,unrate_only,-36.48886364938731,-1.1853125956304469,38.422600286383144,27.927927927927925,0.3113569495584474,-32.87285013458316,111,False
100,150,10,30,70,both,-48.646729034250484,-1.1896141682024421,49.594743583170356,36.41975308641975,0.37971857163648454,-30.028845082870596,162,False
50,100,21,40,60,neither,-54.05656703279582,-1.1922089326151926,55.42433123381238,28.645833333333332,0.4025357197248323,-28.154461996247825,192,False
100,250,21,40,60,neither,-45.53673055030233,-1.196548171629849,45.53673055030233,33.33333333333333,0.3432664849987293,-29.762568987125654,153,False
100,200,10,45,55,unrate_only,-22.087621235088566,-1.197030480105626,22.938228158612656,26.47058823529412,0.18953022731478447,-32.48179593395385,68,False
20,250,14,35,65,unrate_only,-35.971680860723545,-1.1980440569673516,39.18974567176334,29.20353982300885,0.32523644741630814,-31.833345894445635,113,False
100,200,21,40,60,both,-43.47634123904148,-1.1984987675204548,43.47634123904148,32.3943661971831,0.38358887764032495,-30.617141717634823,142,False
50,100,14,30,70,payems_only,-55.89342218417034,-1.202152921424867,57.28938331841225,31.57894736842105,0.3328354341971702,-36.77198827905937,152,False
50,200,21,35,65,payems_only,-47.27477406683695,-1.2038224739631804,48.39160454033723,30.714285714285715,0.3697814842371009,-33.76769576202645,140,False
100,150,10,45,55,unrate_only,-22.5600427637952,-1.2038828512273918,23.7094063959035,26.76056338028169,0.18933266901880139,-31.774708118021472,71,False
100,250,10,30,70,neither,-48.92217930457093,-1.2055433515411074,48.92217930457093,36.58536585365854,0.37360068830340776,-29.8305971369335,164,False
50,250,10,45,55,unrate_only,-21.45762958752468,-1.20685643608261,22.26041645046721,27.536231884057973,0.2196312178521176,-31.098013894963277,69,False
100,250,14,40,60,neither,-42.820905023005565,-1.2082879443374084,42.820905023005565,39.75903614457831,0.3626039373904686,-25.795725917473188,166,False
100,200,14,40,60,both,-42.537548772547346,-1.2092826995913333,42.9189521410156,37.086092715231786,0.3614682826168191,-28.170562101024693,151,False
20,200,14,45,55,unrate_only,-23.890498972542446,-1.2119412124350664,24.043522900165982,26.666666666666668,0.2134809509190449,-31.853998630056672,75,False
100,250,14,40,60,both,-40.34034858091313,-1.2161088465496213,40.84717705817098,37.333333333333336,0.352412365823722,-26.893565720608727,150,False
100,200,14,40,60,payems_only,-42.071286155043495,-1.2230477987431703,43.42138596853018,36.986301369863014,0.35428330288162463,-28.815949421262687,146,False
100,150,10,30,70,neither,-53.04346399432175,-1.2251629240954434,53.04346399432175,36.46408839779006,0.3864974383218426,-29.3057812123325,181,False
20,100,21,35,65,unrate_only,-40.74985262049257,-1.2254808244374382,41.48170932918176,25.454545454545453,0.2943186958368584,-37.04532056408422,110,False
20,200,21,45,55,unrate_only,-21.47051148807597,-1.2257080009040773,21.705921099967526,29.03225806451613,0.20577912434697376,-34.62985723883238,62,False
50,100,14,30,70,both,-56.955752854845954,-1.2258154601675875,58.392247153766796,30.76923076923077,0.32135735044482105,-36.510097983875625,156,False
100,150,10,30,70,payems_only,-49.008191023753675,-1.2279708714807238,49.31097801581987,35.44303797468354,0.3586018349484056,-31.01784242009725,158,False
100,150,21,40,60,neither,-50.22581350814451,-1.2288706719817835,50.60125564352017,32.91925465838509,0.36310619636365304,-31.19615745847487,161,False
50,250,14,30,70,neither,-52.20909944851915,-1.2294195857598096,54.289646710892015,30.37974683544304,0.34907171335492043,-33.04373382817664,158,False
50,150,14,30,70,both,-55.65587410336582,-1.2320047161752161,56.65916965586123,31.16883116883117,0.2952177753894124,-36.140177989198605,154,False
100,250,14,40,60,payems_only,-39.85625741118689,-1.2339174456947066,40.836537963797994,37.24137931034483,0.343688716809801,-27.487074076680575,145,False
20,200,10,35,65,unrate_only,-34.785601561414545,-1.2367877421788998,35.503506564311294,36.134453781512605,0.33006278021220725,-29.231597950768585,119,False
50,150,14,30,70,neither,-58.98276110824584,-1.2395616775442249,60.65549082585686,30.113636363636363,0.35925745830229944,-33.51293244786692,176,False
20,100,21,30,70,unrate_only,-43.77166254333406,-1.2411334697140155,43.77166254333406,23.423423423423422,0.2505759633695897,-39.43393021921986,111,False
50,100,14,35,65,payems_only,-54.927540820083756,-1.2416649573631382,56.615495809718176,28.37837837837838,0.3208954358468991,-37.11320325681335,148,False
50,200,21,30,70,neither,-55.50463188508715,-1.2418910227341506,57.131908490732144,24.489795918367346,0.3463023379332713,-37.758252983052486,147,False
20,200,14,40,60,unrate_only,-32.38232704532768,-1.2425967339376993,33.02018659548253,30.097087378640776,0.28985630373467075,-31.439152471191996,103,False
20,250,10,35,65,unrate_only,-34.11357877970773,-1.2431433217760193,36.316044853711404,35.53719008264463,0.3337630528764267,-28.19304031380804,121,False
50,100,14,30,70,neither,-60.348085809122544,-1.2439367645865278,61.189367728298684,29.444444444444446,0.36762442247939037,-33.52671433840136,180,False
100,150,21,40,60,both,-46.36789884555528,-1.2452028435942402,46.36789884555528,32.88590604026846,0.37565273860822146,-31.11939519835927,149,False
100,150,21,40,60,payems_only,-45.63591564918868,-1.2462300618660278,47.299686742082955,32.19178082191781,0.37780081983794395,-31.257476472047014,146,False
50,150,10,45,55,unrate_only,-22.152339706325055,-1.246825615644722,23.065044582521388,26.08695652173913,0.20612850946564273,-32.104840154094404,69,False
50,150,14,30,70,payems_only,-55.608147701762,-1.2597992457878515,56.90749353839598,31.57894736842105,0.29779148078267514,-36.58430769852762,152,False
50,250,14,30,70,both,-50.09964667428803,-1.263401544229455,52.217617430610694,30.985915492957744,0.28328485550233695,-35.28144131992117,142,False
20,150,10,35,65,unrate_only,-35.53224942591929,-1.2652766794565649,37.14756530201907,35.833333333333336,0.3114718760819909,-29.610207854932764,120,False
50,100,14,35,65,both,-56.03580394044583,-1.2667558856271357,57.83573696418159,28.289473684210524,0.31350153871832,-36.86566048713539,152,False
20,100,14,30,70,unrate_only,-42.53744957732847,-1.2706217448590278,43.247225921948484,26.446280991735538,0.2671412799002044,-35.15491700605661,121,False
50,100,14,35,65,neither,-58.58221644980607,-1.2718864568232855,59.70377901763896,29.142857142857142,0.335346504416221,-33.475552257032014,175,False
50,250,14,30,70,payems_only,-49.103900366814166,-1.2727707519447524,51.59546615215316,31.61764705882353,0.2900758461128395,-36.10580909324575,136,False
50,200,21,30,70,both,-53.05067804195264,-1.2753318014753872,54.42298881323539,25.563909774436087,0.2988132040086789,-39.887727851092215,133,False
50,150,21,40,60,payems_only,-51.42291992106056,-1.277278456147562,52.90958418806101,29.761904761904763,0.3648299273473464,-30.608880905393182,168,False
50,150,21,40,60,both,-52.07698421315615,-1.2790331039855964,52.07698421315615,30.409356725146196,0.36212992383665055,-30.45437673283983,171,False
50,200,21,30,70,payems_only,-52.48259144460532,-1.2801360139012905,53.82672282738843,25.384615384615383,0.28704820411687565,-40.37122418815798,130,False
20,100,21,40,60,unrate_only,-35.88586540965043,-1.2837665128373288,37.32299704529205,31.372549019607842,0.30254578904738927,-35.18222098985338,102,False
20,250,14,40,60,unrate_only,-32.24339029787974,-1.290496237255342,34.1953982938193,31.06796116504854,0.2888389109599277,-31.304262425126055,103,False
50,200,10,45,55,unrate_only,-22.48612949759996,-1.2917750272872985,23.394920941215627,25.37313432835821,0.18120368583426097,-33.56138730985072,67,False
50,100,10,45,55,unrate_only,-23.707876501019346,-1.2947189835397424,24.161939459869107,25.757575757575758,0.17788974157687676,-35.92102500154444,66,False
50,100,10,40,60,unrate_only,-31.732227467221673,-1.2953314747381384,32.41777611620364,31.03448275862069,0.24431141838992926,-36.47382467496743,87,False
20,250,10,30,70,unrate_only,-39.69270206519671,-1.3024754816054105,41.89632298791916,33.88429752066116,0.30423278144915883,-32.80388600429475,121,False
50,250,21,40,60,neither,-48.906165138720944,-1.3082413834168332,51.13050360102414,29.411764705882355,0.3905898305939675,-28.768332434541765,170,False
50,100,14,45,55,unrate_only,-25.848973679968058,-1.3135824649753216,26.45984712209098,25.301204819277107,0.20179003004253848,-31.14334178309403,83,False
20,250,14,45,55,unrate_only,-24.174345942093595,-1.317760449916261,25.40167402203445,24.0,0.19331034801690805,-32.2324612561249,75,False
50,150,21,40,60,neither,-56.45818152949544,-1.3186729411297144,56.987764710290925,29.31937172774869,0.365042941983216,-29.55925734528559,191,False
50,150,14,35,65,both,-55.94122796742889,-1.319909334302175,56.69701106073033,27.89115646258503,0.2877290136742083,-38.055257120699835,147,False
20,100,21,45,55,unrate_only,-25.277835263651703,-1.320475996276248,25.747795722905657,27.27272727272727,0.2099372172094378,-38.29975039947231,66,False
50,250,14,35,65,neither,-51.68105109180773,-1.325409351239781,53.67707141554747,28.57142857142857,0.3336144408696719,-33.55912408558943,154,False
50,100,14,40,60,payems_only,-47.7566218570623,-1.3296665490036097,48.67160623801734,36.0,0.3788890195155138,-27.289498204035567,175,False
20,200,10,30,70,unrate_only,-41.01709461471767,-1.3331259470896135,42.10595714267828,33.057851239669425,0.2842552600185156,-33.898425301419536,121,False
100,250,10,35,65,both,-45.61168791702197,-1.3337775926487734,46.17408935227325,34.78260869565217,0.3466169256873376,-28.330240942249635,161,False
50,100,14,40,60,both,-48.5106952386923,-1.337365999638288,50.06183729898699,35.95505617977528,0.37451679149556255,-27.253199572299007,178,False
50,150,14,35,65,neither,-59.11602936964665,-1.3401587448685837,59.27950639531896,28.654970760233915,0.31440793261465627,-34.57077740915008,171,False
20,150,10,30,70,unrate_only,-41.29641999007993,-1.343399726361489,43.16940757485989,33.61344537815126,0.2694519463382343,-34.702873941243666,119,False
50,150,14,35,65,payems_only,-55.921481213826766,-1.3480850453739925,57.09136562246193,27.083333333333332,0.2752449421023065,-38.83436195404637,144,False
20,100,14,45,55,unrate_only,-26.66280727545287,-1.3530703378328472,27.05190149849556,26.506024096385545,0.19727796286175686,-32.12386418729258,83,False
50,100,10,30,70,neither,-61.70447132611356,-1.35400099787907,61.890899045948686,30.15075376884422,0.3363947564030359,-31.00727202317265,199,False
50,250,21,40,60,both,-45.9668154541019,-1.354175321704519,46.29426353482283,31.16883116883117,0.36680564661999127,-29.848581463702583,154,False
100,200,10,35,65,both,-47.75552971987075,-1.3612177907742273,48.29576279466558,35.11904761904761,0.35887295809763037,-28.42591054754213,168,False
50,250,21,40,60,payems_only,-45.20280709403474,-1.3617624655932703,46.89638282321161,30.201342281879196,0.36841344962414224,-30.33745442552665,149,False
100,250,10,35,65,payems_only,-45.28916383966692,-1.3622019013500395,45.52247550283365,33.116883116883116,0.3342434905467597,-29.408547947835686,154,False
20,150,21,35,65,both,-53.07214220228852,-1.3698444160387067,54.91403366584906,25.520833333333332,0.3811329164438328,-27.641740730358627,192,False
20,150,21,30,70,neither,-60.199632385364396,-1.3699994082842952,60.737370257588296,23.474178403755868,0.3754967737957983,-28.262738209091275,213,False
50,100,10,30,70,payems_only,-59.044308289944226,-1.3799743668619375,59.5931115519477,31.137724550898206,0.2689324715912113,-35.35587322751156,167,False
100,200,10,35,65,payems_only,-47.44571867906678,-1.3874290643976415,47.92150625026144,33.54037267080746,0.3484710991873213,-29.46939048389244,161,False
20,250,21,35,65,payems_only,-50.93372420311471,-1.3929265407166678,51.41046754195696,24.705882352941178,0.37273085993343635,-29.96101423712631,170,False
20,150,21,35,65,payems_only,-53.089476665520074,-1.3943657173873172,53.34630589847509,24.731182795698924,0.3708911425123871,-28.54272939006453,186,False
50,100,10,30,70,both,-59.827061576689545,-1.3950403148755435,60.794785727026614,30.994152046783626,0.2646577002619443,-34.986585717362246,171,False
50,100,14,40,60,neither,-52.718934930057145,-1.3958386399143508,53.472436895170226,37.073170731707314,0.3685553625579601,-25.716553624418168,205,False
20,250,10,45,55,unrate_only,-23.828992732675687,-1.4018412241337417,24.607541733045498,25.352112676056336,0.18240671034529712,-33.56196159531778,71,False
50,250,14,35,65,both,-50.94378778478583,-1.4032630696902375,52.91627290118783,27.536231884057973,0.2799116887893536,-36.915788249844844,138,False
20,250,21,35,65,both,-52.26994804038796,-1.4059144487758646,54.360265745780566,24.861878453038674,0.3719671451152773,-28.8784243317061,181,False
100,150,10,35,65,both,-49.990335981931075,-1.4060243948320137,50.50746007979403,34.463276836158194,0.350652065505216,-28.24312767340738,177,False
20,150,21,35,65,neither,-58.009233054370654,-1.4157475140213303,58.009233054370654,24.88479262672811,0.38120554690295866,-26.732365462843628,217,False
20,150,21,30,70,both,-57.9220509673384,-1.4193750067217277,59.1519733662733,23.684210526315788,0.3301260906423836,-30.485289982809704,190,False
20,200,10,40,60,unrate_only,-34.947600041886034,-1.4217753568032203,35.61250500738428,33.02752293577982,0.2447141969513406,-32.0620183870514,109,False
20,250,21,35,65,neither,-56.36710295591059,-1.4291896409126452,56.835421629831,24.242424242424242,0.36757175453135854,-28.468233816116452,198,False
20,150,10,45,55,unrate_only,-25.177038443780802,-1.431441945583787,26.214149829995677,25.0,0.17473280219742893,-34.96810894969554,72,False
50,250,14,35,65,payems_only,-50.488259986455944,-1.4322488655347996,52.93292318927659,26.865671641791046,0.2684153871355838,-37.67780596004175,134,False
20,250,21,30,70,payems_only,-55.59486066174267,-1.44019781291062,56.14469823607463,22.807017543859647,0.319995707978384,-32.5116144220717,171,False
100,150,10,35,65,payems_only,-50.011429630745795,-1.4415636370290497,50.63463624906366,33.13953488372093,0.3383906811429951,-29.076412576015095,172,False
20,150,10,40,60,unrate_only,-35.43520992481487,-1.4427042823196667,36.63674390923474,32.432432432432435,0.23328678504141587,-31.92361254487828,111,False
50,200,14,30,70,neither,-59.12343703213963,-1.4438053034072493,60.48114101002668,29.166666666666668,0.3074644772237009,-35.19252204294022,168,False
20,150,21,30,70,payems_only,-58.06342397830979,-1.4448007633828177,58.582695071232315,23.118279569892472,0.31855944684581977,-31.216894611994512,186,False
20,250,21,30,70,both,-56.64896576143806,-1.4468299059240217,57.916099955303224,22.77777777777778,0.3225255755074016,-31.471647645243362,180,False
20,250,21,30,70,neither,-59.66204161247132,-1.44701034410573,59.96312626250548,22.448979591836736,0.3331546772229795,-30.439817149220055,196,False
100,200,21,45,55,both,-38.72700979649935,-1.4503680197599707,38.797415988840235,31.386861313868614,0.30216284094636925,-28.267890362408266,137,False
20,100,14,40,60,unrate_only,-37.361487753077796,-1.4531658101978604,37.68842317260203,28.82882882882883,0.24439721341795728,-33.658997975745756,111,False
20,100,14,35,65,unrate_only,-43.19733922968758,-1.4552573405591307,44.15061285620824,27.049180327868854,0.24862106289920338,-35.40765510630138,122,False
100,200,10,35,65,neither,-53.62739275467913,-1.4620812677567432,54.219161317768695,35.483870967741936,0.3440765217654322,-28.682797739042872,187,False
20,200,10,45,55,unrate_only,-25.363804060782886,-1.4622312829769726,26.126665651098364,25.0,0.17354506925441612,-35.22750563997623,72,False
20,200,21,35,65,both,-54.76460775997172,-1.4632408567588058,56.10188209222374,24.33862433862434,0.3679956256527956,-28.975982941783997,189,False
50,150,10,30,70,both,-60.20962125758964,-1.470441693876482,60.944177348086704,30.813953488372093,0.253205689995146,-35.005593754412565,172,False
50,250,14,40,60,neither,-49.420879557160085,-1.472338430009734,49.95786227670925,34.85714285714286,0.3208055720976654,-28.240502604091496,175,False
50,200,14,30,70,both,-56.311592851042214,-1.4736866605072985,57.30005262337667,29.53020134228188,0.244869536400047,-37.79301533626994,149,False
50,200,21,40,60,neither,-54.00678949834719,-1.4738677392271402,55.12920794614272,28.021978021978022,0.35686575895641115,-29.674060163927088,182,False
20,200,21,35,65,payems_only,-54.37086848014463,-1.474935281519385,54.37086848014463,23.626373626373624,0.36139903462407946,-29.874103560519007,182,False
100,200,21,45,55,payems_only,-38.6163685003179,-1.4780464639551045,39.61491647379964,30.82706766917293,0.2932024054831596,-29.03486353407364,133,False
20,200,21,35,65,neither,-58.810312309274394,-1.4823414203616478,59.25240763700441,23.923444976076556,0.37092351584369737,-28.138905411136083,209,False
20,200,21,30,70,neither,-62.087953174744904,-1.483680372389106,62.829902507365766,22.596153846153847,0.3526937678508362,-29.849977487858183,208,False
50,100,10,35,65,payems_only,-52.63922145939095,-1.4839283167166133,53.588002161277515,29.069767441860467,0.3056547256823126,-30.604198522901722,172,False
100,250,10,35,65,neither,-52.610881375377915,-1.4877204762629728,52.610881375377915,34.831460674157306,0.3125575121085471,-29.556674929987665,178,False
50,100,10,35,65,both,-53.34284578933812,-1.4885993177116035,54.84507249346543,29.545454545454547,0.30277490663766005,-30.308435107578465,176,False
50,150,14,40,60,both,-49.673762534688294,-1.4904085903513224,50.00779973779378,33.90804597701149,0.3402579552354618,-28.548139387751878,174,False
50,250,10,30,70,both,-53.32334569734457,-1.4909211803737525,54.405748417818,31.901840490797547,0.2719645335072595,-32.71370901677587,163,False
20,100,21,35,65,payems_only,-61.33329536914661,-1.4917168102111025,61.81995875842087,23.902439024390244,0.3165905276580145,-29.918680667876437,205,False
20,100,21,30,70,neither,-68.0751707577067,-1.4933988146837514,68.41768739923221,22.45762711864407,0.3534435673674558,-28.84541133801133,236,False
50,250,10,30,70,neither,-56.57616413924729,-1.497155008785131,57.925760852675744,30.601092896174865,0.30315494917249924,-30.91593668811324,183,False
20,250,10,40,60,unrate_only,-35.27325213864226,-1.4980016909045903,36.477800115423925,32.743362831858406,0.23118081007958394,-31.215267379329354,113,False
50,250,14,40,60,both,-47.53889006824441,-1.4985363690455975,48.29565330589093,32.48407643312102,0.3010495493888043,-30.279547814168385,157,False
100,200,21,45,55,neither,-44.256143700881495,-1.501150791674634,45.45131694150512,32.02614379084967,0.31606987399422465,-28.8490328656284,154,False
20,100,21,35,65,neither,-65.26614802289022,-1.5029292857223822,65.70331209692002,24.369747899159663,0.36185537534961437,-27.42275127012196,238,False
20,150,21,40,60,payems_only,-48.97141797138801,-1.503743223936128,49.37705336449128,30.508474576271187,0.3613338365580554,-27.66746778044528,177,False
50,150,10,30,70,payems_only,-60.48969513005855,-1.5067602569782759,60.84704505084836,29.761904761904763,0.23067629660206934,-36.00577091074918,168,False
50,200,14,30,70,payems_only,-55.9429536064029,-1.5080815331869497,57.23249970196387,30.136986301369863,0.24959200731882922,-38.31709151123483,146,False
50,150,14,40,60,payems_only,-49.26540468171719,-1.5109316172709308,50.44783672845422,33.72781065088758,0.33434573570920595,-29.151127030601884,169,False
20,200,21,30,70,both,-59.48704530315509,-1.511169239718986,60.67122351464557,22.75132275132275,0.32866083560359577,-31.47462714452649,189,False
20,200,21,30,70,payems_only,-59.12455512824474,-1.5193341485288785,59.63068698129046,22.404371584699454,0.32123111477989635,-32.30850007007917,183,False
20,100,21,35,65,both,-62.45675293409878,-1.5196230947608518,63.06879812456289,24.170616113744074,0.30420863186364405,-29.600356840805105,211,False
50,250,14,40,60,payems_only,-47.11320940354191,-1.5237097638844832,48.75076080274064,32.23684210526316,0.29251487394099696,-30.995532502330292,152,False
50,200,21,40,60,both,-50.789583401559234,-1.5289915306410715,50.789583401559234,28.65853658536585,0.3398722450440864,-30.969258171682416,164,False
50,150,10,30,70,neither,-64.78358231857857,-1.5308888258300426,65.44119972888038,29.35323383084577,0.28666523802512417,-32.23063796944208,201,False
50,200,21,40,60,payems_only,-49.981487689470036,-1.534040305592988,51.51226588403728,28.125,0.34270601443938187,-31.23842980591874,160,False
50,100,10,35,65,neither,-58.168650186158786,-1.5350540486193427,58.59317405580795,30.76923076923077,0.32990920571484206,-27.965697204884027,208,False
50,250,10,30,70,payems_only,-53.45335732857651,-1.5357493434231406,54.09656551132409,30.76923076923077,0.24678485843179254,-34.264972646523375,156,False
100,150,21,45,55,both,-42.04008341475733,-1.5369220019039789,42.603463587243056,30.714285714285715,0.2859937537020437,-30.028631010540924,140,False
100,150,10,35,65,neither,-57.17130597608055,-1.540145503175569,57.17130597608055,34.65346534653465,0.3277853246738026,-28.302626720831945,202,False
20,150,21,40,60,both,-50.43598818498379,-1.5451583958356079,50.43598818498379,30.76923076923077,0.3502255795501898,-27.71208142032077,182,False
20,100,10,45,55,unrate_only,-27.823765858903442,-1.5465334044590149,28.236750236630883,22.666666666666664,0.13771309835245404,-37.09835447853787,75,False
20,100,21,40,60,payems_only,-57.561768800059895,-1.5487431906380356,57.81457942607655,28.191489361702125,0.2997522982737146,-30.617962127691428,188,False
20,100,21,30,70,payems_only,-66.02209413236368,-1.5507503363077626,66.38663792100937,22.058823529411764,0.2716017911383259,-32.36377163351165,204,False
20,100,10,35,65,unrate_only,-41.83404871184915,-1.5523999755265965,42.065215457401315,33.33333333333333,0.2487308192289849,-32.42949512546437,129,False
20,150,21,40,60,neither,-54.978208549162446,-1.5572611281622075,54.978208549162446,30.88235294117647,0.35381443148772773,-26.950102229981603,204,False
50,200,14,35,65,neither,-58.84803053691918,-1.5611014899717848,59.41866636199683,27.54491017964072,0.2882315272902813,-35.238341638873806,167,False
100,250,21,45,55,both,-38.49383105669096,-1.565704382486603,38.49383105669096,29.850746268656714,0.25479600073123726,-28.726739594545464,134,False
20,100,21,30,70,both,-67.01727394672704,-1.5778000848995006,67.37114060237562,22.00956937799043,0.26044678096947227,-32.06568131422346,209,False
20,250,21,40,60,payems_only,-48.65642674799749,-1.5795031843998606,49.064566063092016,30.909090909090907,0.332832332909332,-29.48874348363485,165,False
100,150,21,45,55,payems_only,-42.433675024630546,-1.5842706584793163,43.37012560177251,29.927007299270077,0.2738141630025028,-30.973485419438425,137,False
20,100,10,30,70,unrate_only,-46.88074572431964,-1.5889036295978682,47.02894458016636,29.92125984251969,0.21670637102653564,-36.91397301127526,127,False
50,150,14,40,60,neither,-54.98280816515193,-1.5890481506177083,54.98280816515193,34.48275862068966,0.3249231861423815,-27.085127174951637,203,False
20,100,21,40,60,neither,-62.42807785798481,-1.6017051259069213,62.65189918344536,28.899082568807337,0.33321897651072513,-28.636732962378396,218,False
100,250,21,45,55,payems_only,-38.3827687071557,-1.6021527267130378,38.3827687071557,29.230769230769234,0.2434035929830398,-29.525206697812127,130,False
20,100,21,40,60,both,-59.300147738739476,-1.6045028101495395,59.54260259225299,28.350515463917525,0.28721164122960346,-30.567086463267785,194,False
20,250,21,40,60,both,-50.435627490539325,-1.6185846259912378,50.70888687068853,31.60919540229885,0.33023683311565305,-28.985992810654793,174,False
50,200,14,35,65,both,-56.93191936910904,-1.6209521908165174,57.670708166438835,25.850340136054424,0.24806386859532686,-38.72919684973397,147,False
20,200,21,40,60,payems_only,-50.73343246719742,-1.6225664142121834,51.12506128958586,29.545454545454547,0.333809577962334,-28.825813901816737,176,False
50,250,10,35,65,both,-52.48394234121745,-1.6285308999601802,52.975281344053414,30.0,0.2808999987662349,-30.87290725953968,170,False
20,250,21,40,60,neither,-55.25872938450106,-1.6469442765065565,55.53832390834986,31.088082901554404,0.3237504681145116,-28.631466002332196,193,False
20,150,14,30,70,neither,-64.93458509687306,-1.6485422396411376,65.6759806367742,26.141078838174277,0.33952881465169765,-26.943811243515754,241,False
20,200,21,40,60,neither,-56.10481474788218,-1.6490336298894122,56.37912196470873,29.850746268656714,0.33471821561671466,-27.9128431581504,201,False
100,250,21,45,55,neither,-44.34864712760627,-1.6510431453797079,44.49091754546506,30.87248322147651,0.2516993982779779,-29.76419270309144,149,False
50,100,21,45,55,payems_only,-45.20306859696309,-1.6518511541781564,46.63711688804407,30.76923076923077,0.27827871859386977,-28.976326023694313,156,False
50,200,14,35,65,payems_only,-56.53199636115195,-1.654880268367334,57.68567713654898,25.174825174825177,0.23679278354023955,-39.53286458821815,143,False
50,100,21,45,55,both,-45.9654906484938,-1.658057938651882,47.5252779876989,30.81761006289308,0.2783827228161478,-28.909113615404962,159,False
20,150,14,30,70,both,-61.60766928170326,-1.6584119538446056,62.93687201614985,26.88679245283019,0.2981691308704254,-29.060221359294008,212,False
20,100,10,40,60,unrate_only,-39.58853223883715,-1.6585325876833044,39.712499279920635,29.565217391304348,0.1876366626109337,-34.42481064246717,115,False
100,150,21,45,55,neither,-49.3285054313647,-1.6594687181939427,49.42573191915035,30.625000000000004,0.2822292864801902,-30.83031589460289,160,False
20,150,14,30,70,payems_only,-60.799151588244314,-1.6610617962365124,61.70571503226745,26.570048309178745,0.3038985402171003,-29.371570815576895,207,False
20,200,21,40,60,both,-52.147431141394996,-1.662528532593933,52.147431141394996,29.83425414364641,0.3238619972835564,-28.81073543723484,181,False
50,150,10,35,65,both,-55.39152400879701,-1.6641692991504018,55.85279721182545,28.08988764044944,0.2746221563835899,-31.118833712807316,178,False
50,200,10,30,70,both,-58.0901427001322,-1.6644117753100505,58.86382573368092,29.518072289156628,0.24314664050146642,-34.994061867549526,166,False
50,250,21,45,55,both,-41.206855403867095,-1.6726186959972422,41.77833469326242,26.08695652173913,0.2527199257765147,-29.860040147729716,138,False
20,150,21,45,55,payems_only,-38.319403895347634,-1.673018745829142,38.709260774659,26.01626016260163,0.22538989891657793,-31.15398690678669,123,False
20,150,21,45,55,both,-38.83167807031603,-1.6730236054310212,39.2182970819053,26.400000000000002,0.22657674858346707,-31.0653424562528,125,False
50,250,10,35,65,payems_only,-52.61232270593889,-1.6826729483523857,53.203104036515484,28.04878048780488,0.26475931104694816,-32.080684576791946,164,False
50,200,10,30,70,neither,-62.382156178459866,-1.6987179605983227,63.180681160596386,28.645833333333332,0.2771471576225591,-32.49070634294786,192,False
50,150,21,45,55,both,-43.147399351981946,-1.699892059465275,43.70001622664973,28.187919463087248,0.27109740990455444,-28.95798614226972,149,False
20,200,14,30,70,neither,-65.44141597256615,-1.7019049022714257,66.70054255213084,25.97402597402597,0.3296308132856727,-28.32961730414126,231,False
50,150,10,35,65,payems_only,-55.41033948266998,-1.7071061993572207,55.966237987821835,26.589595375722542,0.2608814488255496,-32.02909796686123,173,False
50,250,10,35,65,neither,-57.54643704264618,-1.7078674530903495,57.58989587475804,30.729166666666668,0.27815345012031045,-29.972102626378224,192,False
50,200,10,30,70,payems_only,-58.27129060751404,-1.7131469605289809,58.64870483008588,28.57142857142857,0.21958273363585606,-36.19334820342483,161,False
20,250,14,30,70,payems_only,-59.655023998061274,-1.7141422955846843,60.588046671682285,25.263157894736842,0.27615263500572534,-31.397381051611223,190,False
50,200,14,40,60,both,-53.68535666735046,-1.727554134420196,53.99276716932431,32.142857142857146,0.26584560536828583,-31.955569444851463,168,False
20,250,21,45,55,both,-38.19819776302944,-1.7294623677823526,38.344354379592986,25.6198347107438,0.21857265870307374,-31.568758481842508,121,False
50,250,21,45,55,payems_only,-41.60610526125928,-1.7322993781026603,42.55601819131096,25.185185185185183,0.23906344493303133,-30.819337230562375,135,False
20,250,14,30,70,neither,-64.49775592083058,-1.7408219535608862,64.88748380019675,25.454545454545453,0.2898966122472292,-29.317161782195726,220,False
20,250,14,30,70,both,-61.534916130866165,-1.7415139092283212,62.86663769355847,25.5,0.2635519376891246,-30.767458065433082,200,False
20,150,21,45,55,neither,-43.86681829184119,-1.7416432554864654,44.22161231830342,27.972027972027973,0.23784618566724805,-30.6760967075813,143,False
100,250,14,45,55,payems_only,-43.15161366875135,-1.7427326626471418,43.93367984786985,26.38888888888889,0.21540942191503235,-29.96639838107724,144,False
50,250,21,45,55,neither,-46.55643862239591,-1.7430320971814206,46.59950756709749,26.282051282051285,0.27142182934789444,-29.843870911792266,156,False
50,150,21,45,55,payems_only,-43.53347145030244,-1.7558186198982841,44.45203127277143,27.397260273972602,0.2587572226763169,-29.81744619883726,146,False
50,200,14,40,60,payems_only,-53.309549747044116,-1.7564852492286043,54.39772802676287,31.901840490797547,0.2575770730116836,-32.70524524358541,163,False
20,200,14,30,70,payems_only,-62.19142355840557,-1.7578782491823322,62.60682330520423,25.37313432835821,0.2801736618203451,-30.94100674547542,201,False
100,250,14,45,55,both,-43.82868667974628,-1.75978972311533,44.34703197544764,26.973684210526315,0.22505000366617647,-28.834662289306753,152,False
50,200,14,40,60,neither,-57.54403804359258,-1.7610330494429252,57.89168551270244,33.50515463917525,0.2701161334304509,-29.661875280202377,194,False
20,200,14,30,70,both,-63.30431125477007,-1.7664049881759785,64.13455924296278,25.60386473429952,0.2721377948374976,-30.58179287670051,207,False
20,250,21,45,55,neither,-42.76236830762321,-1.7786418682014955,42.897731003943804,27.205882352941174,0.2309913829565485,-31.442917873252338,136,False
50,100,21,45,55,neither,-51.656803751077874,-1.7786816981928806,53.0156195156504,30.0,0.27534138717766354,-28.69822430615438,180,False
100,200,10,40,60,neither,-55.20938259126893,-1.7789028671106435,55.9763357303992,30.96446700507614,0.28435871936122986,-27.889064307531655,198,False
50,150,10,35,65,neither,-62.24582550746809,-1.7824550339921033,62.68734044654186,28.30188679245283,0.2828947413185877,-29.361238446918925,212,False
20,250,21,45,55,payems_only,-38.27261831712059,-1.785058708196937,38.41859893466803,24.576271186440678,0.1970692059415909,-32.43442230264454,118,False
20,100,14,30,70,neither,-72.55783615299121,-1.7874341089934374,72.55783615299121,24.242424242424242,0.3161801794398618,-27.484028845830068,264,False
20,150,14,40,60,payems_only,-54.427509442237806,-1.7897928825495262,54.47836909721594,31.70731707317073,0.2939552342244146,-26.550004605969697,205,False
50,200,10,35,65,both,-56.680626672876386,-1.7959912560173963,57.12856993127704,28.57142857142857,0.25471614426820316,-32.3889295273579,175,False
50,200,21,45,55,both,-43.70955193318798,-1.7972753271962139,44.256704589878574,26.056338028169012,0.23893527389710875,-30.781374600836692,142,False
20,200,21,45,55,both,-40.32747205797753,-1.8068439889624701,40.32747205797753,25.6,0.19139398711579844,-32.26197764638212,125,False
20,200,21,45,55,payems_only,-39.82772490037338,-1.8100798884315585,39.82772490037338,25.203252032520325,0.18924790948832648,-32.38026414664505,123,False
100,200,10,40,60,both,-52.87039403478799,-1.8109824087373574,53.36043948233329,29.943502824858758,0.26061609998935503,-29.87027911569944,177,False
100,200,14,45,55,payems_only,-46.30017452304932,-1.8231504698499368,47.364025366344094,26.623376623376622,0.21546650055386415,-30.065048391590473,154,False
20,100,14,30,70,payems_only,-69.5747601752441,-1.8240626379244027,69.5747601752441,23.684210526315788,0.24783672449549182,-30.515245690896563,228,False
20,150,14,40,60,both,-56.03247144784525,-1.8263461555786704,56.3730459263981,31.60377358490566,0.29101688269316217,-26.43041106030438,212,False
50,150,21,45,55,neither,-50.1941840452534,-1.8333721659574895,50.1941840452534,27.906976744186046,0.2744280329330519,-29.182665142589137,172,False
100,200,10,40,60,payems_only,-52.30065973418513,-1.8351959083018523,52.30065973418513,28.402366863905325,0.2457954077084796,-30.94713593738762,169,False
20,200,21,45,55,neither,-44.686804371152256,-1.8365780326210162,44.686804371152256,27.464788732394368,0.21240320175206556,-31.469580543064996,142,False
100,250,14,45,55,neither,-48.591109485970726,-1.836892892494168,48.73808227058921,27.586206896551722,0.22969105442412266,-27.925924991937176,174,False
100,200,14,45,55,both,-46.93974769076814,-1.8395046203312841,47.75208707688464,27.160493827160494,0.2244124498452921,-28.97515289553592,162,False
50,200,10,35,65,payems_only,-56.698898414264484,-1.846058427733229,57.23873247811845,27.058823529411764,0.24056877975029495,-33.352293184861416,170,False
20,150,14,35,65,payems_only,-61.61374750926386,-1.8495828837357433,62.606430866940066,24.75728155339806,0.2656279978916062,-29.909586169545566,206,False
100,250,10,40,60,both,-51.10276611704655,-1.8495962153133443,51.611191052310936,29.585798816568047,0.2301925193156923,-30.238323146181365,169,False
100,250,10,40,60,neither,-54.00785027431186,-1.8519519594922718,54.13933714843397,30.319148936170215,0.23249350108162514,-28.727579933144582,188,False
100,150,14,45,55,payems_only,-48.11219258937542,-1.8523270899110238,49.14014542125573,27.27272727272727,0.21891089961711982,-29.158904599621437,165,False
50,200,21,45,55,payems_only,-44.09180659089677,-1.8589722235207673,45.00128378971605,25.179856115107913,0.22586784085602296,-31.72072416611274,139,False
20,150,14,35,65,both,-62.73880099755971,-1.8610247287022925,63.9425591250965,25.0,0.2693897418775041,-29.593774055452712,212,False
50,200,21,45,55,neither,-49.46730366559402,-1.8681444376845546,49.46730366559402,26.543209876543212,0.2582609873584887,-30.5353726330827,162,False
100,150,14,45,55,both,-48.730184343666146,-1.8684806781490209,49.5151125858812,27.74566473988439,0.22729951561015968,-28.16773661483592,173,False
20,150,10,30,70,neither,-68.01485283466278,-1.8693027611909754,69.53873571922215,30.0,0.31612372033892705,-26.15955878256261,260,False
20,100,14,30,70,both,-71.19995255470378,-1.8766769338298186,71.19995255470378,23.504273504273502,0.23433561905896563,-30.427330151582815,234,False
20,150,14,35,65,neither,-66.08053177169914,-1.8799927108315693,66.43901920990913,26.446280991735538,0.29220501259192566,-27.306004864338547,242,False
100,250,10,40,60,payems_only,-50.511663544105865,-1.88137689292821,50.72270411478994,27.95031055900621,0.21268068486846559,-31.373704064662064,161,False
100,150,10,40,60,both,-55.76800996606259,-1.8817008901416912,56.227926507015624,29.25531914893617,0.2547557305129241,-29.663835088331147,188,False
100,200,14,45,55,neither,-51.396218602573974,-1.900278191771235,51.50888102359337,27.956989247311824,0.23117746492701535,-27.577471611548347,187,False
100,150,10,40,60,neither,-59.70651081277367,-1.9037532701253608,59.70651081277367,29.767441860465116,0.26076560715992414,-27.7704701454761,215,False
50,200,10,35,65,neither,-62.71655842363302,-1.9039839742485136,63.30671201494058,29.268292682926827,0.2595213470302798,-30.593443133479564,205,False
100,150,10,40,60,payems_only,-55.308990576647474,-1.9062353649463812,55.46294707853255,28.021978021978022,0.24161282665991327,-30.389555261894195,182,False
20,100,21,45,55,payems_only,-43.677616806432354,-1.9076674535695493,43.677616806432354,25.0,0.19255792659433232,-33.089103641236676,132,False
20,150,14,40,60,neither,-60.2477215449415,-1.908789414545914,60.25768595860278,32.21757322175732,0.2781457278014527,-25.208251692444136,239,False
50,250,14,45,55,payems_only,-45.48348758462598,-1.9216115489760934,46.84604667997242,23.28767123287671,0.18530616119616894,-31.15307368810008,146,False
20,250,14,35,65,payems_only,-60.954130362913006,-1.9256067966610217,61.96387167548538,22.916666666666664,0.23583252385184547,-31.74694289735053,192,False
20,100,21,45,55,both,-44.8504930604306,-1.9306889215152447,44.8504930604306,25.185185185185183,0.1895385624350887,-33.22258745217083,135,False
20,200,14,35,65,payems_only,-62.53775171595426,-1.9314582168843197,62.980711782485166,22.885572139303484,0.2450099566250077,-31.113309311420007,201,False
50,250,14,45,55,both,-46.13278761919425,-1.9365136886491467,47.2379272177783,24.025974025974026,0.1955576942674595,-29.956355596879416,154,False
20,200,14,35,65,neither,-66.63704588413175,-1.9438275754774101,67.03707111596195,25.0,0.27556559170526385,-28.236036391581266,236,False
20,200,14,35,65,both,-63.96283203277908,-1.955311662955441,64.6245681116923,23.076923076923077,0.24729399827219417,-30.751361554220743,208,False
20,250,10,30,70,payems_only,-63.113618827034045,-1.9554728572129663,63.113618827034045,28.780487804878046,0.2475660212272899,-30.787131135138466,205,False
20,200,14,40,60,payems_only,-57.07268556398199,-1.9589012428264394,57.07268556398199,29.7029702970297,0.25724507228342464,-28.25380473464454,202,False
20,250,10,30,70,neither,-67.2604730695923,-1.9666455171852795,67.66091635953757,29.629629629629626,0.2763806237872297,-27.679207024523564,243,False
20,100,14,35,65,payems_only,-70.03261755104208,-1.9715968590056414,70.03261755104208,22.026431718061673,0.22164151158446566,-30.85137337050313,227,False
20,200,10,30,70,neither,-68.97288300870372,-1.97212551230442,69.82719058604592,29.249011857707508,0.28387307090029146,-27.262009094349246,253,False
50,250,10,40,60,neither,-57.5718083200942,-1.9787962741261027,57.802509416063316,28.205128205128204,0.24528286330233412,-29.524004266714954,195,False
20,150,10,30,70,both,-66.30771695640053,-1.9821393162868959,66.92969826179706,29.646017699115045,0.2548886229705328,-29.3396977683188,226,False
20,150,10,30,70,payems_only,-65.55226918588495,-1.9826072179000593,65.55226918588495,29.22374429223744,0.2410495626451588,-29.932543007253358,219,False
20,250,10,30,70,both,-64.81576860401937,-1.9836141331180772,65.4652922395868,29.357798165137616,0.26466426177549657,-29.73200394679788,218,False
20,250,14,35,65,both,-63.319527256172,-1.9836226449956904,64.50452447497817,23.645320197044335,0.2380209707394151,-31.191885347868016,203,False
100,150,14,45,55,neither,-54.73188130567878,-1.9855264052812103,54.73188130567878,27.586206896551722,0.22007163887358314,-26.961517884570895,203,False
20,100,10,30,70,neither,-75.2712977904885,-1.9866349996051065,75.2712977904885,28.01418439716312,0.27384543780364756,-26.691949571095208,282,False
50,150,14,45,55,payems_only,-48.89484264569444,-1.9902590561333258,49.907290344829455,25.157232704402517,0.18540732855922426,-30.751473362071998,159,False
50,250,14,45,55,neither,-49.84124996691587,-1.99274729277804,49.95751676862469,24.431818181818183,0.2094902402781091,-28.318892026656705,176,False
20,250,14,40,60,payems_only,-56.04667574843963,-1.992960580204533,56.131101973060524,30.412371134020617,0.24449315535397495,-28.89003904558745,194,False
20,250,14,35,65,neither,-66.23927932007642,-2.0015519607513337,66.5822331081637,25.221238938053098,0.24744212750082598,-29.309415628352397,226,False
20,150,14,45,55,both,-47.971157352401534,-2.003496250172324,48.082329764944205,25.78616352201258,0.18197887915097874,-30.17053921534687,159,False
50,150,14,45,55,both,-49.50351291762839,-2.0048941330317187,50.27660168996347,25.748502994011975,0.1949803269386608,-29.642822106364314,167,False
20,150,14,45,55,payems_only,-47.899885591570005,-2.0081851986560313,48.01121029375039,25.64102564102564,0.17811376327306078,-30.70505486639106,156,False
20,200,14,40,60,both,-58.95703603587391,-2.0082139651384656,59.22945610103745,29.523809523809526,0.2534336057254371,-28.074779064701872,210,False
20,100,14,35,65,neither,-73.73218547709443,-2.0108195859335614,73.73218547709443,23.77358490566038,0.26747297329842357,-27.823466217771454,265,False
20,100,21,45,55,neither,-50.00359607558201,-2.011274050453467,50.00359607558201,26.31578947368421,0.19225587094647295,-32.897102681303934,152,False
50,100,14,45,55,payems_only,-51.73397396170124,-2.020345940720237,52.07168920550409,25.146198830409354,0.1858755615083702,-30.253785942515307,171,False
20,200,14,45,55,both,-48.20260216982653,-2.0267511312720496,48.20260216982653,25.161290322580644,0.17751065538533736,-31.098453012791346,155,False
20,100,10,30,70,payems_only,-72.30924379302365,-2.0268306929976654,72.30924379302365,27.615062761506277,0.20727368670323706,-30.254913720930453,239,False
20,200,10,30,70,payems_only,-65.76099491787161,-2.027779576992713,65.76099491787161,29.03225806451613,0.24114178223641508,-30.304605952936246,217,False
20,200,14,45,55,payems_only,-48.131647453903966,-2.0316066731666202,48.131647453903966,25.0,0.17355171463757013,-31.66555753546311,152,False
20,100,14,35,65,both,-71.83002420355722,-2.038637425915401,71.83002420355722,21.794871794871796,0.21043104361879453,-30.696591539981696,234,False
20,200,10,30,70,both,-66.8131017162679,-2.040175597574132,67.42575329259077,29.333333333333332,0.25253762905598187,-29.69471187389687,225,False
50,250,10,40,60,both,-55.97902843812634,-2.0542349123981354,56.53032444849423,26.55367231638418,0.21340187125324134,-31.62656973905439,177,False
50,100,14,45,55,both,-52.69463173852436,-2.0548473487990644,53.02562530246375,25.0,0.1851195742864901,-29.940131669616115,176,False
50,100,10,40,60,neither,-63.55051071763068,-2.060919123811784,63.71234813842863,26.81818181818182,0.24054116447068427,-28.886595780741246,220,False
20,100,10,30,70,both,-73.4773107079994,-2.062335782985721,73.4773107079994,27.64227642276423,0.20942537408859946,-29.868825491056672,246,False
20,200,14,40,60,neither,-62.595721285181995,-2.066868566998952,62.90200342389405,30.508474576271187,0.24777738477539035,-26.52361071406022,236,False
50,100,10,40,60,payems_only,-59.84240514246408,-2.0684009410405326,60.255325419336955,25.53191489361702,0.20639150465147973,-31.831066565140475,188,False
20,250,14,40,60,both,-58.65516238999994,-2.0725177642399126,59.008474808117725,29.901960784313726,0.2365477546936927,-28.752530583333275,204,False
20,250,10,35,65,payems_only,-61.05128468631068,-2.0734598309500494,61.1854595022297,27.536231884057973,0.24864666127986654,-29.493374244594488,207,False
20,250,14,45,55,payems_only,-47.41772035364597,-2.080545900374541,47.53007532038763,23.809523809523807,0.1557684849094138,-32.25695262152787,147,False
50,100,10,40,60,both,-60.64671804064721,-2.0854027061289013,61.05136797399508,26.041666666666668,0.2061822234924373,-31.586832312837075,192,False
50,100,10,45,55,neither,-53.148025839047506,-2.08707788776318,54.0068372132694,24.46808510638298,0.20541950080342514,-28.270226510131653,188,False
20,150,10,35,65,payems_only,-63.38242475084039,-2.0891170943765194,63.50856899921641,28.054298642533936,0.242832178818411,-28.67983020400019,221,False
50,250,10,40,60,payems_only,-55.446873396066955,-2.089392203280253,55.69572508041286,24.85207100591716,0.19751193927448552,-32.80880082607511,169,False
20,250,14,45,55,both,-47.95848788869336,-2.096409436579225,48.069687372659764,23.841059602649008,0.15755367180586968,-31.760588005757235,151,False
20,150,10,35,65,both,-64.42254052924199,-2.0993710780327692,64.79042865635324,28.82096069868996,0.24791048545472968,-28.13211376822791,229,False
20,100,14,40,60,payems_only,-61.33997015179777,-2.1074403010920193,61.33997015179781,29.09090909090909,0.24661624927554374,-27.88180461445345,220,False
20,250,14,40,60,neither,-61.79353667302661,-2.1075704118218916,61.88787326458407,31.11111111111111,0.2352645709581828,-27.463794076900722,225,False
20,250,10,35,65,both,-62.872038355642204,-2.110083089174682,63.255959424655785,28.18181818181818,0.24863452002104927,-28.57819925256464,220,False
50,150,10,45,55,neither,-51.63630731098755,-2.11485160735464,52.04532099984205,24.175824175824175,0.19532503022060763,-28.371597423619583,182,False
50,150,14,45,55,neither,-54.736697036233096,-2.1182679680285634,54.75804719373102,25.64102564102564,0.19833134599920774,-28.070101044222085,195,False
20,200,10,35,65,payems_only,-63.32655598897834,-2.1195891753127714,63.452892700206554,28.110599078341014,0.24235101968145456,-29.182744695381757,217,False
100,250,10,45,55,neither,-47.19866535802485,-2.1239293216300665,47.19866535802485,21.052631578947366,0.1373319375039238,-31.05175352501632,152,False
20,150,10,35,65,neither,-68.44887410813494,-2.124667136063008,69.0343063266103,28.947368421052634,0.2714789122894085,-25.732659439148428,266,False
50,250,10,45,55,neither,-48.8204786368027,-2.125685285051923,49.364216546684496,22.981366459627328,0.169249745194794,-30.32327865639916,161,False
100,200,10,45,55,neither,-49.76958406451505,-2.1283277922447046,50.88715139818545,21.472392638036812,0.1686487628951824,-30.34915257006939,164,False
20,150,14,45,55,neither,-52.31672801434066,-2.1291944341477262,52.40478012171348,25.683060109289617,0.18608284569143188,-28.588375964120583,183,False
20,200,14,45,55,neither,-52.2789191205736,-2.1408596449432102,52.616502436000836,25.280898876404496,0.18394195124998028,-29.370179281221134,178,False
100,250,10,45,55,both,-44.738960287565014,-2.143745121565581,45.30378709990479,19.25925925925926,0.11263442342769812,-33.13997058338147,135,False
20,200,10,35,65,both,-64.68877757147688,-2.144182254202915,65.05391267888709,28.761061946902654,0.24500984494031267,-28.623352907733164,226,False
50,200,14,45,55,payems_only,-51.103985792098236,-2.1449558947410488,52.07266800822866,22.875816993464053,0.15900839846657092,-33.40129790333216,153,False
20,200,10,35,65,neither,-68.27287936348816,-2.153841620520344,69.18561607000477,28.57142857142857,0.2662043302323074,-26.36018508242792,259,False
100,250,10,45,55,payems_only,-43.8929028365396,-2.1563287657540475,43.8929028365396,17.96875,0.0925510331138423,-34.291330341046525,128,False
20,100,14,45,55,payems_only,-50.640680386548944,-2.1566236565907384,50.640680386548944,24.69879518072289,0.16638612322277854,-30.50643396780062,166,False
50,200,14,45,55,both,-51.686344829916756,-2.1579272659828908,52.42601498363521,23.60248447204969,0.16907557308164553,-32.103319770134696,161,False
50,100,14,45,55,neither,-57.63678523514564,-2.168970060203727,57.93319877023205,24.509803921568626,0.1862940479893919,-28.253326095659645,204,False
50,150,10,40,60,neither,-63.944936090431014,-2.170985865172626,64.19440119916224,27.06422018348624,0.22409643649057637,-29.332539491023454,218,False
50,100,10,45,55,payems_only,-50.50605948813304,-2.1733177977637457,50.98809429360639,21.794871794871796,0.12861827279351148,-32.37567915905963,156,False
50,150,10,40,60,both,-60.1898391881276,-2.174483825795531,60.6037783177334,26.455026455026452,0.19165223803507078,-31.84647576091412,189,False
20,100,14,45,55,both,-51.33045794707064,-2.174526480779088,51.33045794707064,24.705882352941178,0.16651468700058306,-30.19438702768867,170,False
20,100,14,40,60,both,-63.416784831358,-2.175544191323173,63.416784831358,28.634361233480178,0.23431047122748053,-27.936909617338333,227,False
20,250,10,35,65,neither,-66.85891022318168,-2.178241241306079,67.19541155287084,27.93522267206478,0.24816944347198047,-27.068384705741543,247,False
20,250,14,45,55,neither,-51.52749597510658,-2.183252261361661,51.8703949269792,23.976608187134502,0.16666656547459033,-30.13303858193371,171,False
20,100,14,45,55,neither,-54.404651030938744,-2.185144897176043,54.404651030938744,25.510204081632654,0.21440989985291684,-27.75747501578507,196,False
20,100,14,40,60,neither,-66.52301493101433,-2.1858092456161025,66.52301493101433,29.844961240310074,0.2598412489402541,-25.78411431434664,258,False
50,100,10,45,55,both,-51.25422662074218,-2.187998361837119,51.728974825179144,22.0125786163522,0.1288735664132029,-32.23536265455483,159,False
50,150,10,40,60,payems_only,-59.7767075226891,-2.2085557002156495,59.915273142128235,25.136612021857925,0.1770350732980507,-32.664867498737195,183,False
50,150,10,45,55,both,-49.17692453118044,-2.2204077867511867,49.69639061179958,22.22222222222222,0.11934158174792513,-32.14178073933358,153,False
50,200,10,40,60,neither,-63.39207979984786,-2.2254541494738644,63.6637575334956,27.053140096618357,0.21599347950921813,-30.624193140023095,207,False
100,200,10,45,55,both,-48.24977604089196,-2.2254646828502103,48.77871856873432,19.444444444444446,0.10740963443196076,-33.50678891728608,144,False
100,150,10,45,55,neither,-52.397357308265015,-2.2265397043344306,52.437844840210104,22.282608695652172,0.16218209735995467,-28.4768246240571,184,False
100,200,10,45,55,payems_only,-47.457469873641564,-2.2350863381772363,47.457469873641564,18.248175182481752,0.08863231576879108,-34.64048895886243,137,False
50,200,14,45,55,neither,-56.27109872490369,-2.2370287207513586,56.58044099461749,23.93617021276596,0.17958518906953155,-29.93143549197002,188,False
50,150,10,45,55,payems_only,-48.603558180545534,-2.240042978091673,48.669808484182546,21.08843537414966,0.10122858453733825,-33.063645020779255,147,False
50,200,10,40,60,both,-60.32141449076096,-2.2463280115747803,60.733985523249366,25.41436464088398,0.18815244543231222,-33.32674833743699,181,False
100,150,10,45,55,both,-49.41782113268257,-2.259448394688936,49.93482499289764,20.51282051282051,0.11150819206792897,-31.678090469668316,156,False
20,100,10,35,65,payems_only,-67.20665993038286,-2.2721517739090595,67.20665993038286,27.083333333333332,0.22875046215505715,-28.002774970992846,240,False
100,150,10,45,55,payems_only,-48.847172484666196,-2.280930040426763,48.913108768090005,19.333333333333332,0.0930798674887818,-32.56478165644421,150,False
50,250,10,45,55,both,-47.793646272057714,-2.2816490130700195,48.32725093301745,20.422535211267608,0.10478886116389029,-33.6574973746885,142,False
50,200,10,40,60,payems_only,-59.90964825371553,-2.2852803955517613,60.04775590431103,24.0,0.1734747435786661,-34.23408471640889,175,False
50,250,10,45,55,payems_only,-46.99435666780422,-2.2959517650239327,47.06268124127506,19.25925925925926,0.08566360586318723,-34.810634568743865,135,False
20,100,10,35,65,neither,-72.45932903827527,-2.2991036045810125,72.45932903827533,28.27586206896552,0.265788154035048,-24.985975530439774,290,False
20,250,10,45,55,neither,-50.21273822359827,-2.307613442813256,50.4852705958278,21.301775147928996,0.14161703391154254,-29.711679422247464,169,False
20,100,10,35,65,both,-68.79789295316728,-2.3183670372090495,68.79789295316728,27.419354838709676,0.22156321236855028,-27.741085868212608,248,False
50,200,10,45,55,neither,-53.038734759831094,-2.325841900536924,53.11146613966178,22.033898305084744,0.1494421104271144,-29.965386869961087,177,False
20,250,10,45,55,both,-48.37618379151485,-2.3297102748391683,49.022410972665675,20.80536912751678,0.11229041210054558,-32.46723744396972,149,False
20,150,10,45,55,neither,-52.489252088014894,-2.3308473836571917,53.02231751298366,22.282608695652172,0.16301348076029779,-28.52676743913851,184,False
20,200,10,45,55,neither,-52.43695107127423,-2.3347591257934686,53.56599220890783,21.666666666666668,0.1631739332491646,-29.13163948404116,180,False
20,250,10,45,55,payems_only,-47.44012678794001,-2.34208328234531,47.62969297530955,19.718309859154928,0.09439017089406439,-33.40853999150701,142,False
20,150,10,40,60,payems_only,-62.5303944433146,-2.3617656757940524,62.65947385935273,25.462962962962965,0.18074342842438365,-28.94925668671973,216,False
20,150,10,40,60,neither,-66.70775621848725,-2.368774143455709,66.97996239924879,27.165354330708663,0.214441536201234,-26.262896149010736,254,False
20,250,10,40,60,payems_only,-60.295889533048374,-2.372344018756505,60.43266661722756,25.742574257425744,0.17370656831275852,-29.849450263885313,202,False
50,200,10,45,55,both,-50.06434621613944,-2.3788097875786343,50.57474189989083,20.13422818791946,0.09391837329445588,-33.60023235982513,149,False
20,150,10,40,60,both,-63.847638491223165,-2.384329654276929,64.21715421542629,26.339285714285715,0.18678818046877918,-28.503410040724567,224,False
20,150,10,45,55,both,-50.25396047263618,-2.4005957673168483,50.94000187087545,21.019108280254777,0.10958606524597622,-32.00889202078739,157,False
20,200,10,40,60,payems_only,-62.55165534731314,-2.4058557081419147,62.68066152145209,25.59241706161137,0.17050138653607197,-29.645334287826095,211,False
50,200,10,45,55,payems_only,-49.50099141494909,-2.406449961878952,49.566084922080975,18.88111888111888,0.07489371785423062,-34.616077912551816,143,False
20,200,10,40,60,neither,-66.65627730169108,-2.4081531140150267,67.2178421950644,27.016129032258064,0.20676310897135275,-26.87753117003674,248,False
20,200,10,45,55,both,-50.58973017534426,-2.4133827931731213,51.208248172149005,20.64516129032258,0.10863733096605194,-32.63853559699627,155,False
20,100,10,45,55,neither,-56.19800845277574,-2.413903413356875,56.299657851792176,21.1340206185567,0.15906897747082727,-28.968045594214367,194,False
20,250,10,40,60,neither,-65.04689824483224,-2.424502388744953,65.10623324991657,27.500000000000004,0.19247143874176592,-27.102874268680047,240,False
20,250,10,40,60,both,-62.524900250182384,-2.42948752395716,62.90793577111996,26.851851851851855,0.17711704743017867,-28.946713078788132,216,False
20,200,10,45,55,payems_only,-49.89341645081503,-2.43837598628853,50.074134428714444,19.463087248322147,0.09104059728037876,-33.485514396520074,149,False
20,200,10,40,60,both,-64.19316944928399,-2.4434879596373773,64.55915347827069,26.36363636363636,0.17523406555305976,-29.178713386038115,220,False
20,150,10,45,55,payems_only,-50.00670251490125,-2.4471857307419254,50.187011907202205,19.736842105263158,0.09040872661582085,-32.899146391382295,152,False
20,100,10,45,55,both,-53.07826570013076,-2.5355035659594143,53.18715495205548,19.393939393939394,0.08859180266060819,-32.16864587886714,165,False
20,100,10,45,55,payems_only,-52.45585788208703,-2.5407215125881706,52.566191529081784,18.633540372670808,0.08422002300260789,-32.581278187631696,161,False
20,100,10,40,60,neither,-70.62220348614183,-2.5456043365883727,70.62220348614183,25.91240875912409,0.21212536828506506,-25.774526819759785,274,False
20,100,10,40,60,payems_only,-65.97630960210512,-2.552192381347294,65.97630960210512,24.568965517241377,0.16977717146187826,-28.438064483665983,232,False
20,100,10,40,60,both,-67.44113322685482,-2.5962348889501947,67.44113322685482,25.10460251046025,0.16590921146038212,-28.218047375253033,239,False
