Date,Gross_Equity,Net_Equity
2020-06-17,0.9994677010765604,0.9989677010765604
2020-06-18,0.9991364604044588,0.9986307889445026
2020-06-19,0.9974682870037654,0.9969540176673019
2020-06-22,0.9997295381779294,0.9988005234471781
2020-06-23,1.0015213194391597,1.0001894899236747
2020-06-24,0.9948884110683661,0.9931694556734374
2020-06-25,0.9973058110600418,0.9955284977928562
2020-06-26,0.994109942694583,0.9923204176780225
2020-06-29,0.9960292301378426,0.994147109475
2020-06-30,0.9966833987629997,0.9947816395029072
2020-07-01,0.997920901683966,0.9959672652866076
2020-07-02,1.0001290025559828,0.9981389284123308
2020-07-06,1.0038143447721106,1.0017829562216547
2020-07-07,1.0020622982780676,0.9999792640083277
2020-07-08,1.0043435643901537,1.0022043745436284
2020-07-09,1.003467391285579,1.0013074698064774
2020-07-10,1.004176977429296,1.0019558490021814
2020-07-13,1.0027900372854799,1.0004994758962338
2020-07-14,1.005894068125756,1.0035611100269268
2020-07-15,1.0083153610417481,1.0059019311461643
2020-07-16,1.0071979068420294,1.0047595865166146
2020-07-17,1.0088797579336997,1.0064193714859049
2020-07-20,1.0107981185805597,1.0083310321433323
2020-07-21,1.013310498037033,1.0108312034265778
2020-07-22,1.0151497307346216,1.0126582221790195
2020-07-23,1.013747637924923,1.0112435371893154
2020-07-24,1.0129379473705324,1.0104092289543567
2020-07-27,1.0157750368669787,1.0132244679507185
2020-07-28,1.0147364255763258,1.0121549364388829
2020-07-29,1.0186385668677056,1.016035759159324
2020-07-30,1.0163533336750963,1.0137422141110863
2020-07-31,1.015458133070116,1.0128284134821417
2020-08-03,1.0171933771604806,1.0145109992709702
2020-08-04,1.0198094754682632,1.017082475187159
2020-08-05,1.0212198820746743,1.0184629961333975
2020-08-06,1.022955730646937,1.0201744692709278
2020-08-07,1.0213560525009755,1.0185649530674084
2020-08-10,1.0220829378679457,1.0192634903676323
2020-08-11,1.0191800337725605,1.0163470110799953
2020-08-12,1.0266871163848756,1.0233247553239826
2020-08-13,1.0233544448389038,1.019748780789347
2020-08-14,1.021634658130694,1.0179644623181443
2020-08-17,1.0285536028943518,1.0248511758897816
2020-08-18,1.0293509554439773,1.0256344940167557
2020-08-19,1.0241925083238546,1.020484152848006
2020-08-20,1.0243093633645572,1.0205409645585184
2020-08-21,1.0221872202439923,1.0183865881890923
2020-08-24,1.0306920668823292,1.0267955056875784
2020-08-25,1.0339850807540947,1.029997272003854
2020-08-26,1.0401466186253894,1.0361175107259246
2020-08-27,1.0372085553929802,1.0331675127310798
2020-08-28,1.0439928757476713,1.0398900343638113
2020-08-31,1.0419006241610043,1.0372054048932566
2020-09-01,1.043761892155974,1.039014015852804
2020-09-02,1.047537743926121,1.0426618462805077
2020-09-03,1.039418853127222,1.0344680219865257
2020-09-04,1.0381707685270636,1.0330997086861728
2020-09-08,1.0213583275251674,1.0155798218731589
2020-09-09,1.029981077156392,1.0234432201915218
2020-09-10,1.019095095658901,1.0119679244400552
2020-09-11,1.022234869628985,1.0143513686678374
2020-09-14,1.0232641009017216,1.0146054499878507
2020-09-15,1.0267175948383447,1.017318738433282
2020-09-16,1.0268015830140675,1.0166978262290878
2020-09-17,1.0264217889811862,1.016279876187966
2020-09-18,1.0246191349575202,1.014408555063266
2020-09-21,1.0203004181458082,1.0100297196626584
2020-09-22,1.020553700697073,1.010140571275181
2020-09-23,1.020077803484882,1.0095117792662425
2020-09-24,1.0199551811268466,1.0092226789626826
2020-09-25,1.0202722653308514,1.00953412129207
2020-09-28,1.02041474436573,1.0096683404523623
2020-09-29,1.0200684181335746,1.0092857042609444
2020-09-30,1.0197600062444723,1.008948113997616
2020-10-01,1.02000092656569,1.0091523940168785
2020-10-02,1.019689286544171,1.008794270622438
2020-10-05,1.019972688471636,1.0090423018201062
2020-10-06,1.013426339166526,1.0016795568524672
2020-10-07,1.0201344938697852,1.0079294056154584
2020-10-08,1.0268299521866942,1.0141556957385813
2020-10-09,1.0314588047398265,1.0186424201314639
2020-10-12,1.0374350893485782,1.0243748747094705
2020-10-13,1.0294161339818946,1.01636264226092
2020-10-14,1.026653717284709,1.0135345294431402
2020-10-15,1.023252090042559,1.0098289598012902
2020-10-16,1.0229394720643563,1.0088720664656696
2020-10-19,1.016418973056945,1.0017253568248892
2020-10-20,1.0209748378487724,1.0060501786793734
2020-10-21,1.019343992656487,1.0043389497754107
2020-10-22,1.021868481295233,1.006673527295485
2020-10-23,1.0242937450011151,1.008981133475371
2020-10-26,1.0098705117475502,0.994667729199387
2020-10-27,1.0071574306727502,0.9915312724039798
2020-10-28,0.9962558882397622,0.9802345677362384
2020-10-29,0.9946733286235924,0.9778718512050336
2020-10-30,0.9942525844653125,0.9765159719468924
2020-11-02,1.0003946315500032,0.9816447174166252
2020-11-03,1.0034032892498346,0.9840636972124791
2020-11-04,1.0082398911800663,0.9882347244685495
2020-11-05,1.0178090838185945,0.9969573004880535
2020-11-06,1.0174474324859462,0.9965370344087752
2020-11-09,1.0256350603744702,1.0043342458158642
2020-11-10,1.0297608098411817,1.0081153429812333
2020-11-11,1.033856862876597,1.0121174431545197
2020-11-12,1.0241852558937834,1.002644975619806
2020-11-13,1.0325408436959138,1.0106017237016438
2020-11-16,1.0412656078086635,1.0191342478431022
2020-11-17,1.0414477501767807,1.0193107494626164
2020-11-18,1.0379360259947805,1.0158713482748176
2020-11-19,1.0420307400456315,1.019850414756365
2020-11-20,1.0419917127159455,1.0198098165815321
2020-11-23,1.044139195680343,1.0219103410197479
2020-11-24,1.0532492049051865,1.0308253193557373
2020-11-25,1.0529737444681846,1.0300022756443494
2020-11-27,1.0545559009198262,1.0315370415082137
2020-11-30,1.0516790517894827,1.0286167458119015
2020-12-01,1.0548736685672038,1.0317382755431364
2020-12-02,1.0553425474982236,1.031586406920401
2020-12-03,1.056834192596522,1.032491204169631
2020-12-04,1.0589287772425284,1.03443821648123
2020-12-07,1.0581652887708157,1.0335956910887325
2020-12-08,1.0586601934246065,1.0339844618081808
2020-12-09,1.057356471728001,1.0327027400551494
2020-12-10,1.0590074979859885,1.034211317315591
2020-12-11,1.0583355271578656,1.0334496080349487
2020-12-14,1.0580158227716785,1.0331249111281127
2020-12-15,1.061317608105196,1.0363480123099669
2020-12-16,1.0621421558208304,1.0371417043306947
2020-12-17,1.0644002108895623,1.039339245027929
2020-12-18,1.0631332881825566,1.0380989704213188
2020-12-21,1.060300219014151,1.0353312013417457
2020-12-22,1.0591612432802124,1.0342034697603333
2020-12-23,1.061342210833602,1.0363147752155109
2020-12-24,1.0623322740792491,1.0372608648495134
2020-12-28,1.063774245238829,1.0386617713779924
2020-12-29,1.0645281016437667,1.0393943868145046
2020-12-30,1.0657829311400435,1.040597476149522
2020-12-31,1.0655608540174044,1.0403669804839821
2021-01-04,1.0647189094815515,1.0395366899642704
2021-01-05,1.0677318268826266,1.0424564166503694
2021-01-06,1.0686078183094652,1.0432860853797443
2021-01-07,1.0734651340069175,1.0473125142904869
2021-01-08,1.0748778051889631,1.0480688611953806
2021-01-11,1.0652675883345721,1.0380727734934374
2021-01-12,1.0701371059702047,1.042624696253433
2021-01-13,1.06954739312852,1.041896095913355
2021-01-14,1.0735139965109144,1.0456346977171842
2021-01-15,1.0623909015648754,1.0346525153067767
2021-01-19,1.0675452587063219,1.0395521031810948
2021-01-20,1.071400541187622,1.0427631898554417
2021-01-21,1.071236063076234,1.0425847531325063
2021-01-22,1.0687023245001317,1.0400836839380159
2021-01-25,1.0691103509021682,1.0404308634299289
2021-01-26,1.0687555919711735,1.0399652055590956
2021-01-27,1.0605621597798909,1.0319578276052779
2021-01-28,1.0608428327520194,1.0319311877589452
2021-01-29,1.0560909928754316,1.0270965899659
2021-02-01,1.0586129224821659,1.0292812109998013
2021-02-02,1.0604992552113528,1.0307826436478662
2021-02-03,1.0612005306550107,1.0313266005175847
2021-02-04,1.0633599226227795,1.033406210132012
2021-02-05,1.065410035487053,1.0353639315397598
2021-02-08,1.0681631526218613,1.0380022594806906
2021-02-09,1.0686322246633233,1.0384395998545346
2021-02-10,1.0686878663974841,1.038484833658687
2021-02-11,1.0699408345742025,1.0397009523879137
2021-02-12,1.0720884160442286,1.0417588128133202
2021-02-16,1.0733868190098619,1.0429735276152026
2021-02-17,1.0719328587014838,1.0409754820059716
2021-02-18,1.070000792032665,1.038489357132613
2021-02-19,1.0711860833106606,1.0396280387411707
2021-02-22,1.0705030342095958,1.038923569422155
2021-02-23,1.0714719921646267,1.039834669020702
2021-02-24,1.0739960980619478,1.0422726631059287
2021-02-25,1.057467948803568,1.0256081843784335
2021-02-26,1.0430554704811523,1.0112001722104014
2021-03-01,1.0528393079153449,1.0201603916298543
2021-03-02,1.0510252860690348,1.0177701809941464
2021-03-03,1.046687071921883,1.0134919230792043
2021-03-04,1.0407093674209968,1.0073166244107643
2021-03-05,1.054206134115585,1.0200146293599133
2021-03-08,1.0524014459784667,1.0181046430663927
2021-03-09,1.0549152206399728,1.0203419185896248
2021-03-10,1.0613073770964785,1.026084478475071
2021-03-11,1.0694153205375032,1.033887882506587
2021-03-12,1.071064013379746,1.0353545907984008
2021-03-15,1.0742889652961194,1.0384404064622543
2021-03-16,1.0730483578044987,1.0371743271010079
2021-03-17,1.076460779002475,1.0404491372755131
2021-03-18,1.0629714122998735,1.0273762504155035
2021-03-19,1.063614022286722,1.027783111018292
2021-03-22,1.0650546735965674,1.0290213715217333
2021-03-23,1.0535240740025449,1.017824559856093
2021-03-24,1.0504548750154195,1.0144967827770495
2021-03-25,1.052074056691676,1.0153278069911622
2021-03-26,1.056943642045301,1.0199026677179073
2021-03-29,1.0559738602653665,1.0187172379864728
2021-03-30,1.0548874147152405,1.0171508818393855
2021-03-31,1.0557251892292974,1.0178738583999547
2021-04-01,1.0638100532714998,1.0256076841987891
2021-04-05,1.0727487258702837,1.0340853178083376
2021-04-06,1.0705987563257675,1.0319416020734355
2021-04-07,1.0701636027934784,1.031309860620762
2021-04-08,1.0739907256561882,1.0349609550888237
2021-04-09,1.0742402834501672,1.0347381788203038
2021-04-12,1.0724924789558208,1.032604206742074
2021-04-13,1.0764294514119845,1.0363263882023255
2021-04-14,1.0766177993512445,1.0360219076475483
2021-04-15,1.0819124801916606,1.0410957870048612
2021-04-16,1.0832967903557837,1.0424250020125707
2021-04-19,1.082459093031339,1.0416175702746742
2021-04-20,1.0791390437710973,1.0384108697210006
2021-04-21,1.0826268281182927,1.041754495838282
2021-04-22,1.080410299402455,1.039610166319526
2021-04-23,1.0842018782853189,1.0432532234919936
2021-04-26,1.0854599169529533,1.0444587241588972
2021-04-27,1.0839485429249918,1.0426282242246563
2021-04-28,1.086415740555811,1.044998652398122
2021-04-29,1.0877388384167883,1.046262871658318
2021-04-30,1.0839991521909325,1.0422946524559107
2021-05-03,1.0872310677107764,1.045400032939747
2021-05-04,1.0839605319591217,1.0422529444608049
2021-05-05,1.0863897500271926,1.04456122039103
2021-05-06,1.0895003137512023,1.0475391447739786
2021-05-07,1.0943811375457748,1.0522133190821734
2021-05-10,1.0913939838949753,1.0493296821666858
2021-05-11,1.0874501799700178,1.0455083865856298
2021-05-12,1.080002203089825,1.038183509636356
2021-05-13,1.080549150226409,1.0383241176064726
2021-05-14,1.0847495077352292,1.0421998642270023
2021-05-17,1.085613049268497,1.0427292897718439
2021-05-18,1.0844721144033878,1.0415288399423297
2021-05-19,1.0800317273976052,1.0371231214099068
2021-05-20,1.0836917753813895,1.0405136367217271
2021-05-21,1.0830127624581267,1.0396451829981894
2021-05-24,1.0859021849718493,1.0422147350131596
2021-05-25,1.0859545185524957,1.042195277734033
2021-05-26,1.0864078637682582,1.0426083941353663
2021-05-27,1.0874945622850947,1.0436424651280747
2021-05-28,1.0883580314301913,1.0444589014945607
2021-06-01,1.0909057278948264,1.0468847725176327
2021-06-02,1.0924458172693567,1.0483408947397919
2021-06-03,1.088987505343952,1.0450143203912896
2021-06-04,1.0933450318078468,1.049087806292746
2021-06-07,1.0936440443726279,1.0492744244960202
2021-06-08,1.0943210597179092,1.049915627744092
2021-06-09,1.0934995201692173,1.0491188136207483
2021-06-10,1.0959278788596145,1.0514188767291113
2021-06-11,1.0958638922540735,1.051341169669082
2021-06-14,1.095797651249544,1.0512194436838886
2021-06-15,1.0943541660675933,1.049462835942582
2021-06-16,1.089164249029498,1.0444544341103073
2021-06-17,1.0878668543169494,1.0430779794746228
2021-06-18,1.0800893864041363,1.0355168694606238
2021-06-21,1.0813323405552773,1.036320910902358
2021-06-22,1.0833669425328505,1.03795819463057
2021-06-23,1.0827223472397618,1.0372934263035163
2021-06-24,1.0865470006768878,1.0408726237413795
2021-06-25,1.0877257649700234,1.0418693919050785
2021-06-28,1.0881737951854227,1.0422974297362286
2021-06-29,1.0892300902251755,1.0431552252563083
2021-06-30,1.0893943150808103,1.0433097858501441
2021-07-01,1.0911251850133445,1.0449077280234615
2021-07-02,1.0948254471989256,1.0483932388780521
2021-07-06,1.0940083213368763,1.0474603960925144
2021-07-07,1.0951677142131304,1.048492797281918
2021-07-08,1.0931396558311623,1.0464992660781585
2021-07-09,1.0937642064428332,1.046635468597454
2021-07-12,1.0943788852018719,1.047161846989679
2021-07-13,1.0907063729773883,1.0432041562775642
2021-07-14,1.0923514876369869,1.044590663869494
2021-07-15,1.092343256329893,1.0445130578630997
2021-07-16,1.090942461472356,1.0427408027984477
2021-07-19,1.0882035914986716,1.0396758688038197
2021-07-20,1.0891455977085234,1.0400037513042175
2021-07-21,1.088761751016997,1.0394988301000863
2021-07-22,1.090005807804062,1.0405448446853893
2021-07-23,1.0919041801535565,1.0423183847024584
2021-07-26,1.0920810880841554,1.042418648810312
2021-07-27,1.0914775236569938,1.0417833160410455
2021-07-28,1.0921867842461401,1.0424208066096183
2021-07-29,1.0941511088457165,1.044255692157904
2021-07-30,1.0922779642116818,1.0423645953899472
2021-08-02,1.0926986006785564,1.0427164358205898
2021-08-03,1.0953367265230778,1.0451175313052998
2021-08-04,1.093862539701645,1.043649300906966
2021-08-05,1.0949735362658608,1.044663395469089
2021-08-06,1.0922136600414931,1.041984305817392
2021-08-09,1.0909622031044075,1.0406707651624323
2021-08-10,1.09330434104208,1.0422726215441958
2021-08-11,1.0981474559382072,1.0468317188042586
2021-08-12,1.097864523624507,1.0464977150473755
2021-08-13,1.1006129511368088,1.0491157548822962
2021-08-16,1.099573367913152,1.0477835770148891
2021-08-17,1.0944726284548985,1.0426958951054424
2021-08-18,1.0879277064800597,1.0359378113240485
2021-08-19,1.084711438859389,1.032634217150092
2021-08-20,1.087321454877834,1.0346336389112907
2021-08-23,1.090284533723574,1.0372527920971923
2021-08-24,1.0906052150799914,1.0371638772959173
2021-08-25,1.0915366640016109,1.037771546411756
2021-08-26,1.0868999014427947,1.0332737761890334
2021-08-27,1.0948452161669953,1.0407123982932176
2021-08-30,1.096064943408327,1.0412377514873303
2021-08-31,1.0956232472739795,1.0407392536067388
2021-09-01,1.0979628504785948,1.042857886512739
2021-09-02,1.1003558553030126,1.0450941181090954
2021-09-03,1.1005964992710695,1.045247841382486
2021-09-07,1.0972737101573342,1.0419045523900052
2021-09-08,1.0940330706382015,1.0383904946023024
2021-09-09,1.0932445439816625,1.037182855555475
2021-09-10,1.091173773953437,1.0349235648517132
2021-09-13,1.0948510616450926,1.0378015793424056
2021-09-14,1.0938522699035627,1.0362719984993245
2021-09-15,1.0951214994292535,1.0373393602516696
2021-09-16,1.0928857442843174,1.035106405482392
2021-09-17,1.0895027789004543,1.031747875343057
2021-09-20,1.0847176576413078,1.0266425240909183
2021-09-21,1.0850553898405622,1.0264539328970739
2021-09-22,1.0857175198127236,1.027066058529071
2021-09-23,1.0854048909578082,1.02625637017117
2021-09-24,1.0833488056392064,1.0239837197306683
2021-09-27,1.0873068712998208,1.0274467643860985
2021-09-28,1.0790329908109204,1.0195241307164509
2021-09-29,1.0778951934636203,1.017841140774672
2021-09-30,1.0732773143400893,1.0134744244928404
2021-10-01,1.0761974695798135,1.0157991108537825
2021-10-04,1.0831623929457692,1.022131587773059
2021-10-05,1.0923208127497357,1.0306539538056778
2021-10-06,1.0830233339050954,1.0217617475929557
2021-10-07,1.0886721021564478,1.0269631382956628
2021-10-08,1.0919434994838397,1.0297030650833778
2021-10-11,1.0929329456268648,1.0305277590643824
2021-10-12,1.0942724965750046,1.0316751333903702
2021-10-13,1.0988479339621622,1.0357949896807979
2021-10-14,1.1100040627318122,1.0461061866124222
2021-10-15,1.1165872205188998,1.051762730301932
2021-10-18,1.115144313253021,1.0502506164941048
2021-10-19,1.1208232350842438,1.0555502004270745
2021-10-20,1.1259452207125096,1.060185698895876
2021-10-21,1.1230918994543697,1.0574102181356666
2021-10-22,1.1247710232248447,1.0589055128797813
2021-10-25,1.127793291939657,1.0616351380676743
2021-10-26,1.12870708029431,1.0623736226060307
2021-10-27,1.1223211028494364,1.0563562227835095
2021-10-28,1.1284894121653855,1.06198312259283
2021-10-29,1.1229397021459084,1.0565882540966065
2021-11-01,1.1279613647744586,1.061174187472616
2021-11-02,1.1273776040347836,1.0605404356276766
2021-11-03,1.1301393027473607,1.0628896628339237
2021-11-04,1.1314609460754297,1.0638927156690479
2021-11-05,1.1359095405528181,1.0679250763973152
2021-11-08,1.1357374649616763,1.0674629330504022
2021-11-09,1.1355089206930526,1.0668907144871065
2021-11-10,1.126755687772786,1.0585671344825047
2021-11-11,1.1279923341255462,1.0595447403198937
2021-11-12,1.131489077901717,1.0625912174540981
2021-11-15,1.1300882104203458,1.0610969789016034
2021-11-16,1.1298734170966709,1.0605696461179084
2021-11-17,1.1282316052821606,1.0589959353573777
2021-11-18,1.1287064669837692,1.059299312953171
2021-11-19,1.1244193542841854,1.055234813138607
2021-11-22,1.1195816332877102,1.0502863777130855
2021-11-23,1.1190375021087344,1.049360444064446
2021-11-24,1.120444281037366,1.050588314566648
2021-11-26,1.099422370878002,1.030760091826871
2021-11-29,1.101672121152333,1.0321369861963894
2021-11-30,1.0985080684005,1.0285898309528545
2021-12-01,1.0985455328351128,1.0280637274474107
2021-12-02,1.0992329058627792,1.0286631573789
2021-12-03,1.1020642594418355,1.031310432943394
2021-12-06,1.1001113124303694,1.0294284650092842
2021-12-07,1.1026510951692987,1.0315668530202566
2021-12-08,1.1021113025110965,1.0306559972097307
2021-12-09,1.0964175391323183,1.025045398755834
2021-12-10,1.1005856686883837,1.028701610620816
2021-12-13,1.0983683424300426,1.0265128759202735
2021-12-14,1.094814946154318,1.0227581949528686
2021-12-15,1.098767358320825,1.0260820506444377
2021-12-16,1.0961992722230531,1.0232935937114238
2021-12-17,1.0939995570321988,1.0208421426639056
2021-12-20,1.0911810819944656,1.0180010659673266
2021-12-21,1.0928618729882695,1.0194533509282715
2021-12-22,1.096868383606263,1.0229558755222696
2021-12-23,1.0993872942381384,1.0250782933770115
2021-12-27,1.1058549421608403,1.0308766050454492
2021-12-28,1.1057644392807469,1.0306428979861963
2021-12-29,1.1056282317475623,1.030506265821267
2021-12-30,1.1047500714918776,1.0294762846716141
2021-12-31,1.1044971673387738,1.0291452837386765
2022-01-03,1.106811374584936,1.031252310608831
2022-01-04,1.1093779411893545,1.0335667732668756
2022-01-05,1.0981830299876376,1.0230500990955909
2022-01-06,1.095097008391033,1.0198613123648224
2022-01-07,1.095896203616855,1.0205040380793058
2022-01-10,1.0894591698254565,1.0143419104575653
2022-01-11,1.1020127637487072,1.0258593522721122
2022-01-12,1.1111908261808463,1.03414752467884
2022-01-13,1.103845039332193,1.0271188930663786
2022-01-14,1.102300580054744,1.0253620318560261
2022-01-18,1.0916444952728452,1.0153769854503265
2022-01-19,1.0958337653820012,1.0188329373172824
2022-01-20,1.0924437732628514,1.0155476320941539
2022-01-21,1.0822553675900397,1.0058166675886375
2022-01-24,1.0780214475880925,1.0016445859881165
2022-01-25,1.0854217869971674,1.00842425951784
2022-01-26,1.0825620274909469,1.0054595667868245
2022-01-27,1.0863103636688052,1.008636525107309
2022-01-28,1.08682416425979,1.0088909218468425
2022-01-31,1.088062558456967,1.010039612011116
2022-02-01,1.0961317665915775,1.0173215563597755
2022-02-02,1.0995407645521709,1.0204005365768445
2022-02-03,1.088579570904257,1.0098928805562897
2022-02-04,1.090880691121047,1.0116949073704422
2022-02-07,1.0934138539021252,1.0138466182144719
2022-02-08,1.0925832045217478,1.0129467961046623
2022-02-09,1.0997660318523221,1.0194619649461503
2022-02-10,1.089159009573637,1.0090324640749442
2022-02-11,1.0907441259981994,1.0099432363684486
2022-02-14,1.0897480594163012,1.008656589856666
2022-02-15,1.0851691148207798,1.0042885370638093
2022-02-16,1.0898409474222326,1.0083878418757566
2022-02-17,1.084593414913733,1.0032462589088913
2022-02-18,1.0831505607774625,1.0016218383688138
2022-02-22,1.087405252753143,1.005273247485666
2022-02-23,1.091810231293067,1.0092317843701897
2022-02-24,1.0917798067269466,1.0092007078775782
2022-02-25,1.0911307303666915,1.0085818919669403
2022-02-28,1.0958258723446195,1.0127726566488116
2022-03-01,1.1120843895290444,1.0274657068013304
2022-03-02,1.1123131040208627,1.027195207497376
2022-03-03,1.1185387316099344,1.0323016044217599
2022-03-04,1.133483744061345,1.0458707609471356
2022-03-07,1.1304506526303484,1.0430196664977287
2022-03-08,1.1335710753221342,1.045687370864499
2022-03-09,1.1031185030746284,1.0173127352951183
2022-03-10,1.110596579120171,1.0240463476401072
2022-03-11,1.1088626418973926,1.0224413102879744
2022-03-14,1.0914873887006267,1.0063445137415405
2022-03-15,1.0823362572535746,0.9976859850571895
2022-03-16,1.0870592489985198,1.0018486429171418
2022-03-17,1.1007225454602791,1.0142296232054238
2022-03-18,1.1056643683883485,1.0183830668792795
2022-03-21,1.1074532155136667,1.0196720062836897
2022-03-22,1.1141015976486575,1.025614397929112
2022-03-23,1.1086455943429365,1.0204801938170591
2022-03-24,1.1173013932960896,1.0283972102660242
2022-03-25,1.1226304701536733,1.0332515332056316
2022-03-28,1.1197987605196285,1.0306440638424763
2022-03-29,1.1325908110090208,1.0423173133999215
2022-03-30,1.1300707316133698,1.0397934061072025
2022-03-31,1.117364173515532,1.0281010061621296
2022-04-01,1.1245511884935713,1.0346749776468924
2022-04-04,1.1307749355420127,1.0403619931677128
2022-04-05,1.1198155970578776,1.0301909386655017
2022-04-06,1.1118970718920584,1.0226319582686174
2022-04-07,1.1141353854393667,1.024600370952723
2022-04-08,1.1153069938031435,1.0256489351418099
2022-04-11,1.1038544265209878,1.0150849932144208
2022-04-12,1.1040006407966123,1.01489522270297
2022-04-13,1.1119375760737027,1.0219876613116567
2022-04-14,1.107804282498332,1.0178072781819727
2022-04-18,1.1098722118278759,1.01941323604421
2022-04-19,1.1096028857485953,1.0190874954889684
2022-04-20,1.1119335484330315,1.0210015427816932
2022-04-21,1.0998552824923384,1.0098150670519757
2022-04-22,1.0798797628833101,0.9909946432463185
2022-04-25,1.0822297373428926,0.9926363832028722
2022-04-26,1.0834854708922763,0.9935469349903389
2022-04-27,1.0938222306739591,1.0028278337259346
2022-04-28,1.0973054847186727,1.0060103145485066
2022-04-29,1.085244396341063,0.9946938819588411
2022-05-02,1.095908464546624,1.0042122544523397
2022-05-03,1.0924163516926404,1.0010106572691728
2022-05-04,1.1033892616207304,1.0109328006837117
2022-05-05,1.1027355907583625,1.0101103359407284
2022-05-06,1.1047055681051317,1.011761637706201
2022-05-09,1.071803583741734,0.9816206353946826
2022-05-10,1.072310065926398,0.9813560362425994
2022-05-11,1.078856394769084,0.9866188323547975
2022-05-12,1.0828112696506829,0.9894895965592088
2022-05-13,1.0838142919575482,0.990177447307078
2022-05-16,1.0869094202283334,0.9928044861003168
2022-05-17,1.08290374031561,0.9889432772759426
2022-05-18,1.0775477967508331,0.9833371723637556
2022-05-19,1.0768375786434783,0.9820473251563991
2022-05-20,1.0784625906341612,0.9833285826592543
2022-05-23,1.0782251769765585,0.9828404723030169
2022-05-24,1.0803113266542694,0.9843946489035094
2022-05-25,1.0828882951053858,0.9864017098952892
2022-05-26,1.0865613340637046,0.9896646100819164
2022-05-27,1.0929924064234575,0.9953198290082486
2022-05-31,1.0875383225456803,0.9901665867063886
2022-06-01,1.0819219426725644,0.9849938372746613
2022-06-02,1.0919329262605686,0.9939606394062687
2022-06-03,1.083420171869707,0.9859804983245823
2022-06-06,1.0835957391473738,0.9859932815895593
2022-06-07,1.0878277168751953,0.9895039061847373
2022-06-08,1.0767367947808901,0.9792756474810208
2022-06-09,1.0551766574581294,0.9594473498922795
2022-06-10,1.047074827479392,0.9512971317405785
2022-06-13,1.0385711380203642,0.9431885647974627
2022-06-14,1.0260497283082681,0.93161278101114
2022-06-15,1.0185463599867082,0.9246244848928571
2022-06-16,1.0132266986064276,0.9197917769588722
2022-06-17,1.0065561305024662,0.9134103408925268
2022-06-21,1.0029548493483784,0.9096470014392543
2022-06-22,1.0015143050162933,0.9083404751953533
2022-06-23,1.002594713265357,0.909320369878279
2022-06-24,1.0004340561194789,0.907360725039667
2022-06-27,0.9981942550314723,0.9049324816487482
2022-06-28,0.9977865368868608,0.9043519805036915
2022-06-29,1.003510641156969,0.9092992036449983
2022-06-30,1.0005462776504985,0.9063700576056888
2022-07-01,1.0077596102869752,0.9124120516469271
2022-07-05,1.0084588298711843,0.912430166571447
2022-07-06,1.0048257600513237,0.9091046109524656
2022-07-07,1.0026219006317665,0.9067111938068589
2022-07-08,1.000650864510131,0.9046778517317463
2022-07-11,0.9978251239009321,0.9016558189152386
2022-07-12,0.9980132562227333,0.9011277071975278
2022-07-13,0.9999472676360365,0.9028159313352375
2022-07-14,0.9977501648381921,0.9008314391478203
2022-07-15,1.0013957651827217,0.9041215957386821
2022-07-18,0.9957356786145471,0.8987674570988615
2022-07-19,0.9977095004506121,0.9004357894737722
2022-07-20,0.9992642117750316,0.9014555385138748
2022-07-21,1.0087549608039965,0.909948016100646
2022-07-22,1.009282088895363,0.9101316422953807
2022-07-25,1.010290750293449,0.9109998763386414
2022-07-26,1.0049195392853045,0.9061140782616216
2022-07-27,1.015287187174159,0.9154191044086186
2022-07-28,1.022970369037954,0.9222497440056124
2022-07-29,1.0296285104847172,0.9282384411916872
2022-08-01,1.029261461410575,0.9278515950588263
2022-08-02,1.0190868811520275,0.9186479195091226
2022-08-03,1.0261020965074525,0.9249305118610079
2022-08-04,1.028915852086076,0.9273948393662415
2022-08-05,1.0228720976356398,0.9218966814074993
2022-08-08,1.0264490376997677,0.9249408717585961
2022-08-09,1.0235716102332109,0.9223038616385807
2022-08-10,1.039063544637823,0.9362174421866056
2022-08-11,1.0378152280244328,0.9350775220843238
2022-08-12,1.047512290301126,0.9437320549356006
2022-08-15,1.0442587180017577,0.9407361254732414
2022-08-16,1.0447303483962012,0.9411573939965492
2022-08-17,1.036825426515757,0.9340350585993532
2022-08-18,1.0363567257522461,0.9334456625993623
2022-08-19,1.0251530355633547,0.9232443784700941
2022-08-22,1.0122483217986795,0.9113718488659506
2022-08-23,1.013769017655363,0.912365498204705
2022-08-24,1.016599002320481,0.9148235583458113
2022-08-25,1.0253407097087162,0.9226159232631348
2022-08-26,1.0062032752604317,0.9052356864351858
2022-08-29,1.0073963311573766,0.9058565789844811
2022-08-30,0.9920217132674812,0.8917565026150335
2022-08-31,0.9844981319150402,0.8849912570889925
2022-09-01,0.9854836952891552,0.8855294158077752
2022-09-02,0.9853217262901577,0.8851939515900367
2022-09-06,0.9777524296282525,0.878207153471104
2022-09-07,0.9700159540468081,0.8710488120311547
2022-09-08,0.9716038963707868,0.8722533314334752
2022-09-09,0.9716551355061556,0.872294941449716
2022-09-12,0.9784260117976623,0.8778848765630408
2022-09-13,0.9539753127692736,0.8556430700260682
2022-09-14,0.9585587973249298,0.8591444004333716
2022-09-15,0.9436063955833808,0.8455666909784124
2022-09-16,0.9398837457495551,0.8418821290830769
2022-09-19,0.9393968703907909,0.8412452735719126
2022-09-20,0.9407657150305212,0.8423250542976084
2022-09-21,0.9486427415594428,0.8493769527983952
2022-09-22,0.9499899235413106,0.8504353715090102
2022-09-23,0.9440940951405983,0.8450102783229162
2022-09-26,0.9546808816453421,0.8541683142258139
2022-09-27,0.9549923347140578,0.8544469762874305
2022-09-28,0.9425373120291546,0.843303267499555
2022-09-29,0.9386555871558331,0.8396209229399807
2022-09-30,0.9386555871558331,0.8394125338904472
2022-10-03,0.9564663093746415,0.8551337886258196
2022-10-04,0.9567733767948001,0.8550539129712337
2022-10-05,0.9551243837778752,0.8531742424046797
2022-10-06,0.9571962112295946,0.8547646486767505
2022-10-07,0.9551372087084026,0.852738213590865
2022-10-10,0.9471164661865236,0.8455769102869646
2022-10-11,0.9368182667202964,0.8361958375793366
2022-10-12,0.9350059507291266,0.8345752893862609
2022-10-13,0.9416993316056164,0.8404462086404829
2022-10-14,0.930640078336406,0.8305745549885729
2022-10-17,0.9264474438354693,0.8267275274648407
2022-10-18,0.9274038413986387,0.8273397676782909
2022-10-19,0.9220424599961067,0.8220704689500786
2022-10-20,0.9200594703708775,0.8199967312418115
2022-10-21,0.9274505888115061,0.8262800055442165
2022-10-24,0.9325061480408385,0.8301761647214869
2022-10-25,0.944565630135421,0.8406477706864713
2022-10-26,0.949183179434392,0.8445820654402142
2022-10-27,0.9452116363131237,0.8409985133030302
2022-10-28,0.9506485284045751,0.8455732913984909
2022-10-31,0.9441193790165983,0.8396553785869358
2022-11-01,0.9490603416918861,0.843834851493702
2022-11-02,0.9346986316453619,0.8309741755180469
2022-11-03,0.9303632162698063,0.8270115318557822
2022-11-04,0.9529845247673949,0.8470653026026983
2022-11-07,0.9552901266756119,0.8489422460612512
2022-11-08,0.9619923325595998,0.8548743450363155
2022-11-09,0.9475638860213923,0.8420444901707342
2022-11-10,0.9914972811910402,0.8809674720432267
2022-11-11,1.0002589933796393,0.8883456596081029
2022-11-14,0.9946553797370684,0.8833666694622633
2022-11-15,1.0013493881784201,0.8893028033289635
2022-11-16,0.9986503316859988,0.8868966231125183
2022-11-17,0.9950529749872201,0.8836928601600488
2022-11-18,0.9959317132438388,0.8844577131358464
2022-11-21,0.9927298348194085,0.8816127763933597
2022-11-22,1.001338404671473,0.8892470217890553
2022-11-23,1.0077291714899588,0.894921336060917
2022-11-25,1.0090887449367725,0.8961174045887771
2022-11-28,1.0000605729029555,0.8880993885254768
2022-11-29,1.0016693519981277,0.8895177502430587
2022-11-30,1.0172714447591424,0.9033627287866614
2022-12-01,1.0222876945928587,0.9077930895338918
2022-12-02,1.0231135104279814,0.9085020550712974
2022-12-05,1.0113860437048119,0.8980720811933309
2022-12-06,1.0078739681061981,0.8949331368488845
2022-12-07,1.0112125005562507,0.8978684435605662
2022-12-08,1.0135781133220356,0.8999665320569324
2022-12-09,1.0107964094782198,0.8974928231321364
2022-12-12,1.013104274501718,0.899526751982502
2022-12-13,1.0222886725317888,0.9076662622172645
2022-12-14,1.0210081620641742,0.906508908416033
2022-12-15,1.0080937505879304,0.8950223696312279
2022-12-16,1.0033320199312872,0.8906801663329084
2022-12-19,0.9996681975273127,0.8872744448311372
2022-12-20,0.9986511223979906,0.8862155850516933
2022-12-21,1.000489943985976,0.8877293157200663
2022-12-22,0.9967109268445875,0.8841229104123721
2022-12-23,0.9963249465909506,0.883494747916511
2022-12-27,0.9935001126032855,0.8808253263443445
2022-12-28,0.9868021251317167,0.8745209250962185
2022-12-29,0.9892693445501154,0.8763515823730025
2022-12-30,0.9852111599528666,0.8723778088720128
2023-01-03,0.9789704696768146,0.8664747636516743
2023-01-04,0.9862581945604482,0.8725860433894573
2023-01-05,0.9797906089475837,0.8665662014203914
2023-01-06,0.9925591460985231,0.877614757985436
2023-01-09,0.99579637618214,0.8800688136744839
2023-01-10,0.9968535545024451,0.8809884296404894
2023-01-11,1.0035225120248683,0.886819332258749
2023-01-12,1.0115970225427369,0.8938749690234585
2023-01-13,1.0134007891806944,0.8954674241000983
2023-01-17,1.0130670148842376,0.8951707795150495
2023-01-18,1.0103434834369553,0.8927625360760065
2023-01-19,1.0090083922646094,0.8915587628001717
2023-01-20,1.0143269809322943,0.8962423432167697
2023-01-23,1.0168513002899828,0.8984713029046331
2023-01-24,1.017885181441075,0.8993664545389555
2023-01-25,1.0200906151175124,0.9013143823383009
2023-01-26,1.0231050554618832,0.9039674239454953
2023-01-27,1.0216423981419793,0.9026743527573239
2023-01-30,1.0144826252291503,0.8963382417124008
2023-01-31,1.0218404024372283,0.9028289806939097
2023-02-01,1.028604471352389,0.9087851656892205
2023-02-02,1.0309950946417823,0.9108705642055897
2023-02-03,1.0196694511922992,0.9008424668633233
2023-02-06,1.01263852792831,0.8945685739513385
2023-02-07,1.0182303065389469,0.8992657171380742
2023-02-08,1.0126406065004045,0.8942099668706209
2023-02-09,1.0084546278555533,0.8903792069817398
2023-02-10,1.0059836517489227,0.8879199157607764
2023-02-13,1.014471454354947,0.8953554334392942
2023-02-14,1.015031779076114,0.8958222851106733
2023-02-15,1.0137670157577168,0.8946608891635494
2023-02-16,1.0055119771849328,0.887284054015438
2023-02-17,1.006180818577383,0.8877407430860546
2023-02-21,0.9913235459818376,0.8745513402629463
2023-02-22,0.9897601380594405,0.872554844972481
2023-02-23,0.9898043442644469,0.8721505228935393
2023-02-24,0.979708162363148,0.8628400844677513
2023-02-27,0.9745500769564422,0.8577683820747417
2023-02-28,0.9723428024141612,0.8555035180250591
2023-03-01,0.9698781567915572,0.8530137909007015
2023-03-02,0.9729793208646789,0.8557410045517432
2023-03-03,0.9831139229029016,0.8641869585643318
2023-03-06,0.9795952987298422,0.8604970637377053
2023-03-07,0.9653218117805202,0.8477743791243317
2023-03-08,0.9659036407031287,0.8476943596094995
2023-03-09,0.9572040204908846,0.8397684497615097
2023-03-10,0.9492307088117493,0.8323799420367848
2023-03-13,0.9572035284945833,0.83861979948138
2023-03-14,0.9523152128663033,0.834211325869181
2023-03-15,0.9579079614797983,0.8390820552678826
2023-03-16,0.9556746649950841,0.8369499189049966
2023-03-17,0.9615581143683882,0.8420755992985735
2023-03-20,0.9604146179280416,0.8410062103683326
2023-03-21,0.9569191874920568,0.8378748211681266
2023-03-22,0.9608042781323479,0.8411026114949639
2023-03-23,0.9640979683557773,0.8438667921561308
2023-03-24,0.9638938320983399,0.8435765268160832
2023-03-27,0.9574411973535315,0.8378963518805514
2023-03-28,0.9571543701696257,0.837541336142095
2023-03-29,0.9606017398941689,0.8404043640428871
2023-03-30,0.9662215613166726,0.8450623337416628
2023-03-31,0.9721480393174713,0.8500672048118237
2023-04-03,0.9772776349861589,0.8545401361251846
2023-04-04,0.9774936407236814,0.8547116958379557
2023-04-05,0.9753270179036666,0.8527876767847987
2023-04-06,0.9769838303052577,0.8542095806662353
2023-04-10,0.9752788319043599,0.8526922312288112
2023-04-11,0.9789187350998678,0.8558705656405047
2023-04-12,0.980706633047768,0.8574325873290138
2023-04-13,0.988240033746229,0.8640019828443581
2023-04-14,0.9843351522185111,0.8605611803457169
2023-04-17,0.9829556073734744,0.8593289154442288
2023-04-18,0.9847158783072144,0.8608328210156903
2023-04-19,0.9812914652665278,0.8578048589383147
2023-04-20,0.9787759851918055,0.8554055842725676
2023-04-21,0.9790313510027312,0.8554373973784073
2023-04-24,0.9816988136887975,0.857576744666021
2023-04-25,0.9739027130687841,0.8505709297541201
2023-04-26,0.970286287699253,0.8473250169444599
2023-04-27,0.9750459349412255,0.8513814927066428
2023-04-28,0.9794568593662599,0.8550649789360418
2023-05-01,0.9752666766740403,0.8513264457150468
2023-05-02,0.966384050709165,0.8433116483373286
2023-05-03,0.9667136242732378,0.8433480850953171
2023-05-04,0.965501281506928,0.842145468248036
2023-05-05,0.9701910510201104,0.8460514060936882
2023-05-08,0.9691265949763629,0.8448605535817028
2023-05-09,0.9659232690590642,0.8419736528713085
2023-05-10,0.9675416978195472,0.8432444392332613
2023-05-11,0.9644242656276197,0.8403557207707679
2023-05-12,0.961909216027927,0.8379579722689325
2023-05-15,0.9641947042432765,0.8396057687669579
2023-05-16,0.9579513110164818,0.8339233955168943
2023-05-17,0.9612255019735385,0.8363266333834063
2023-05-18,0.9669062561758824,0.84077409274742
2023-05-19,0.9663444883720047,0.8401746840067459
2023-05-22,0.9666573505322128,0.8402146474290922
2023-05-23,0.9561655883634017,0.8309772304298925
2023-05-24,0.9522612485670721,0.8272557417115806
2023-05-25,0.9578039089753654,0.8318023762697384
2023-05-26,0.9697568855058927,0.8419078893279245
2023-05-30,0.9674832358341448,0.8398694973915727
2023-05-31,0.9625927921171464,0.8355597815494833
2023-06-01,0.9687510886461647,0.8407854839535254
2023-06-02,0.9803754641701526,0.8505917491867327
2023-06-05,0.9783754428908275,0.8486387325060106
2023-06-06,0.9840432183652024,0.8535085942346798
2023-06-07,0.9824378599639493,0.8520122307514998
2023-06-08,0.9852516214004106,0.8543699918292381
2023-06-09,0.9868600527415982,0.8556028681021715
2023-06-12,0.9911979189640208,0.8593287399963334
2023-06-13,0.9981433764992974,0.8652611740405044
2023-06-14,0.9997085001964044,0.8664941734264575
2023-06-15,1.0083477495740376,0.8738891033540099
2023-06-16,1.0067942066491835,0.8723416624517766
2023-06-20,0.9979990572416861,0.8646414265615741
2023-06-21,0.9982169885735788,0.8647484729051719
2023-06-22,0.9938726884966389,0.8609680335808724
2023-06-23,0.9850823829883123,0.8531952031001515
2023-06-26,0.984700877966334,0.8524695551391546
2023-06-27,0.9892364229834115,0.8561701233969544
2023-06-28,0.9887660108635208,0.8556314235181133
2023-06-29,0.9884839424167084,0.8552983994745846
2023-06-30,0.9971425877770901,0.8625302007481995
2023-07-03,0.9982333360220583,0.8631697521707852
2023-07-05,0.9928645622339832,0.8584436146519507
2023-07-06,0.9817646415428741,0.8486940058152019
2023-07-07,0.9822846611474688,0.8487689381825126
2023-07-10,0.984492422927275,0.8505333860988968
2023-07-11,0.993004381163891,0.8576614864658986
2023-07-12,1.0055889580880824,0.8682601848067599
2023-07-13,1.0155058830895691,0.8765528792927543
2023-07-14,1.0103045213540094,0.8720124780955119
2023-07-17,1.0106322760923296,0.8722743385873573
2023-07-18,1.014261984771349,0.8754029937953839
2023-07-19,1.015587100090526,0.876527046216241
2023-07-20,1.0114576583602675,0.8729440679738164
2023-07-21,1.012755846006523,0.8740333851300424
2023-07-24,1.013806819111496,0.8749300208818798
2023-07-25,1.0161998316938294,0.8769588507320907
2023-07-26,1.0181189530850936,0.8785434963221178
2023-07-27,1.0106875340639563,0.8720263201925067
2023-07-28,1.0185110095314949,0.8785489489712183
2023-07-31,1.0204336269324465,0.8800739489405258
2023-08-01,1.0135283880630332,0.8741132082534274
2023-08-02,1.0010657525454343,0.8632841497567034
2023-08-03,1.0001339536365437,0.8621578204002126
2023-08-04,0.9987741587557453,0.8608191620948684
2023-08-07,1.00179749758532,0.8631595048277096
2023-08-08,0.999201277673767,0.8606635152425813
2023-08-09,0.9982772860400297,0.8596194429477273
2023-08-10,0.9964281640047549,0.8578461681433627
2023-08-11,0.9957092428634023,0.8570361709618444
2023-08-14,0.9957463278845062,0.8569368296929982
2023-08-15,0.9909748444257839,0.8528285282752044
2023-08-16,0.9878562319069122,0.8498370824374926
2023-08-17,0.9880615642287472,0.849497630521121
2023-08-18,0.9897078223772139,0.8503564235081015
2023-08-21,0.9880876517393115,0.8488905904973649
2023-08-22,0.9881722300733502,0.8483823622778822
2023-08-23,0.9836321932882479,0.8444834180732783
2023-08-24,0.982851526219724,0.8431694269688077
2023-08-25,0.9837254288248289,0.8437562033096339
2023-08-28,0.9835461438361431,0.8430561235836864
2023-08-29,0.9875576134954982,0.8458930326460687
2023-08-30,0.9882444637742489,0.8460263332900263
2023-08-31,0.9884330872341962,0.8461582590451561
2023-09-01,0.9887300509533108,0.8463587917451341
2023-09-05,0.9850244710159282,0.8430246981961275
2023-09-06,0.9826397207134872,0.8407730110390991
2023-09-07,0.9831008124243797,0.8409522780138351
2023-09-08,0.9827602538690481,0.8406259042242773
2023-09-11,0.984923708327485,0.8424429189031961
2023-09-12,0.9829768975856152,0.8405261086470607
2023-09-13,0.9843307239049491,0.8415977395267228
2023-09-14,0.9897695607286593,0.8460437438203742
2023-09-15,0.9844918940744657,0.8413658124306466
2023-09-18,0.984159267012555,0.8408895995847511
2023-09-19,0.9822142981918672,0.8391321293220888
2023-09-20,0.9786861856683251,0.8357728458036318
2023-09-21,0.9666451798005209,0.8252433113173401
2023-09-22,0.9690394073294539,0.8269384759756532
2023-09-25,0.9679096395446233,0.8255939108128529
2023-09-26,0.9649100780263922,0.8228896988503052
2023-09-27,0.9681662845888417,0.8255588695058811
2023-09-28,0.9683502580507871,0.825234533917581
2023-09-29,0.9669612175162029,0.8235607722016542
2023-10-02,0.9635493343226662,0.8206533645936408
2023-10-03,0.9622940750946853,0.819453290392508
2023-10-04,0.9517167551344193,0.809887162394278
2023-10-05,0.9535423672067812,0.8108285430379701
2023-10-06,0.9537849348708751,0.8110342910987655
2023-10-09,0.9565679582599222,0.8132773460311894
2023-10-10,0.9569815612094115,0.8135755487324456
2023-10-11,0.9578905883646707,0.814182411337639
2023-10-12,0.9545784167998342,0.8112610594452622
2023-10-13,0.9520341893400043,0.8089555375961276
2023-10-16,0.9514369334414707,0.8083217627283525
2023-10-17,0.9507950567483963,0.8074995963381847
2023-10-18,0.9424000891592798,0.8000716081155088
2023-10-19,0.9452004702770224,0.801924008035547
2023-10-20,0.944539139592606,0.8009543497286673
2023-10-23,0.9411081050591578,0.7979973228660452
2023-10-24,0.9408977850830847,0.79766374517861
2023-10-25,0.9381699628239784,0.7952996164044713
2023-10-26,0.9397715168809637,0.7964926597463762
2023-10-27,0.9394707502552277,0.796138361348458
2023-10-30,0.9366335241580659,0.7935404927891646
2023-10-31,0.9352580601855914,0.7921664082401654
2023-11-01,0.9361825474250804,0.792787333989519
2023-11-02,0.9409346510841636,0.7963751791025706
2023-11-03,0.9490002293049659,0.8028131350920865
2023-11-06,0.9460922964223288,0.8003040428866075
2023-11-07,0.9448882564527751,0.7992512656745008
2023-11-08,0.9450062637873912,0.7993070540307688
2023-11-09,0.9403389814108152,0.7953579937646469
2023-11-10,0.944907955448428,0.799189102922558
2023-11-13,0.9449666961451402,0.7992230936586906
2023-11-14,0.9629156073179284,0.8143705046553801
2023-11-15,0.9624964486152037,0.8139875003017799
2023-11-16,0.9634400544033614,0.8147829209354408
2023-11-17,0.9676848146809748,0.8183685922743243
2023-11-20,0.971351397946914,0.8214663619174843
2023-11-21,0.9704377634881741,0.820689820384054
2023-11-22,0.9712996700718457,0.8214181046293374
2023-11-24,0.973715312949051,0.8234600930008935
2023-11-27,0.9738055034895253,0.8235353120477282
2023-11-28,0.9770323124037653,0.8262624054834089
2023-11-29,0.978972560893399,0.8279014149931218
2023-11-30,0.9788630265384122,0.8278074554761529
2023-12-01,0.9874019504391678,0.8350273984923314
2023-12-04,0.9813994458871712,0.8299480043036968
2023-12-05,0.9809289845444035,0.8295358062042765
2023-12-06,0.9813926964576282,0.8299254505559851
2023-12-07,0.9848963135288075,0.8328875567307852
2023-12-08,0.9839969995489128,0.8321248432292457
2023-12-11,0.9855003899794889,0.8333842293578053
2023-12-12,0.9870693503745547,0.8346769183687067
2023-12-13,1.00094567924206,0.8463767491757059
2023-12-14,1.0088446940737414,0.8530289382491182
2023-12-15,1.0035981542388859,0.848566220214148
2023-12-18,1.0050664859337761,0.8498057726685146
2023-12-19,1.01096080462809,0.8547886123178747
2023-12-20,1.0037401377251185,0.8486760855685422
2023-12-21,1.01226164535199,0.855873101325727
2023-12-22,1.0136527902584116,0.8570468629702155
2023-12-26,1.0175117724563343,0.8603087629390598
2023-12-27,1.0217693341204128,0.8639011794564265
2023-12-28,1.0200084557099474,0.8624047433915616
2023-12-29,1.0187037159634451,0.8612924792457164
2024-01-02,1.0124383856873131,0.8559944505957721
2024-01-03,1.0076474428670592,0.851929477884494
2024-01-04,1.0063045857319066,0.8507513154726006
2024-01-05,1.0066365060012517,0.8510169451927839
2024-01-08,1.012308776142832,0.8557973312577455
2024-01-09,1.0083986373240283,0.8524185691537901
2024-01-10,1.0101020718455507,0.8538035920064423
2024-01-11,1.0107046529055876,0.8542839345248161
2024-01-12,1.012926660732298,0.8561191677196464
2024-01-16,1.0031790136586876,0.84783762261508
2024-01-17,0.999140612613207,0.8441407398987186
2024-01-18,1.0025163074958316,0.8467981179457135
2024-01-19,1.0060417847030114,0.8497431632558453
2024-01-22,1.0084665480503137,0.8516996456617674
2024-01-23,1.0090544184278518,0.8520625989758752
2024-01-24,1.0093562749196103,0.8521839026324256
2024-01-25,1.0134967267591022,0.8555124711774827
2024-01-26,1.0147818490933276,0.8564815124611262
2024-01-29,1.0182797495693618,0.8594087825012806
2024-01-30,1.0182127748684862,0.8592616044722771
2024-01-31,1.0130444779372483,0.8548038572887137
2024-02-01,1.0184182244262427,0.8592653453527743
2024-02-02,1.0156389854913885,0.8567823226805871
2024-02-05,1.0112909345283443,0.8530080177009816
2024-02-06,1.014995023848077,0.8556149730578393
2024-02-07,1.017350587470784,0.857137680272697
2024-02-08,1.0179961267699866,0.8576340546570743
2024-02-09,1.020951689535988,0.8599667030903874
2024-02-12,1.0219759967326651,0.8607822156445152
2024-02-13,1.0081194879618032,0.849047435105038
2024-02-14,1.0156447961993147,0.8549898670978554
2024-02-15,1.0243868953477007,0.8620755020165226
2024-02-16,1.0230729997325105,0.8607515748783565
2024-02-20,1.0220339889875742,0.8597564856224152
2024-02-21,1.0226134223093188,0.8601258845186188
2024-02-22,1.0331603134555751,0.8688740882891403
2024-02-23,1.0337747990414006,0.869220852146533
2024-02-26,1.0310385811749647,0.8669052436195623
2024-02-27,1.0330471308253921,0.868529861047837
2024-02-28,1.0295621962155646,0.8655465298881535
2024-02-29,1.0322796717667302,0.8677938319082741
2024-03-01,1.0403765196866825,0.8745436935855335
2024-03-04,1.0397314084603932,0.8737419771975896
2024-03-05,1.0364257355924185,0.8708544525303491
2024-03-06,1.0423947767928954,0.8757435854990663
2024-03-07,1.0489819891532728,0.8812369378552479
2024-03-08,1.047421375037532,0.8799108388240974
2024-03-11,1.0465237738402091,0.8791540414869979
2024-03-12,1.0494049661767022,0.8815720841752521
2024-03-13,1.0505174051554003,0.8825051451000345
2024-03-14,1.045551409343218,0.878329574409412
2024-03-15,1.0441786488769196,0.8769412496800755
2024-03-18,1.0462296716613202,0.8786013147018287
2024-03-19,1.0485267201768473,0.8804701009756358
2024-03-20,1.0556556357523847,0.8862857629603262
2024-03-21,1.0563448822849992,0.8867505015368106
2024-03-22,1.054386593960049,0.8850702022769048
2024-03-25,1.0538034699266288,0.8845658852746286
2024-03-26,1.0527565007854873,0.8836521100478791
2024-03-27,1.0594609669755324,0.8892418818265369
2024-03-28,1.0600889503496929,0.8897405004060732
2024-04-01,1.0572570584770289,0.887361350975703
2024-04-02,1.0544484400482357,0.8848625573932325
2024-04-03,1.058959074607098,0.8885201995902197
2024-04-04,1.0534003898516509,0.8837762716042322
2024-04-05,1.0571322102784588,0.886641150008163
2024-04-08,1.0601615138103493,0.8890191430558124
2024-04-09,1.0614535235810871,0.889961254815355
2024-04-10,1.051153074221628,0.8811432107502652
2024-04-11,1.0532760562200265,0.8823500863796215
2024-04-12,1.0413969871840942,0.8721053283312815
2024-04-15,1.0440716501959282,0.8738365596002611
2024-04-16,1.0401158269528763,0.8702797587142264
2024-04-17,1.034690402086351,0.8657387626479889
2024-04-18,1.037124616247747,0.8677698231663996
2024-04-19,1.0435915420478068,0.8730976277934583
2024-04-22,1.038052508611506,0.8684600654212514
2024-04-23,1.0375206549413167,0.8679015760855898
2024-04-24,1.0359989470009323,0.8664010661598559
2024-04-25,1.039629891485465,0.8693395637628978
2024-04-26,1.0409517430478616,0.8703440234886839
2024-04-29,1.0440874525785826,0.8727243324967656
2024-04-30,1.0324718286880699,0.8626473366805517
2024-05-01,1.033125608828956,0.8626079221538197
2024-05-02,1.0368024985855944,0.8651708254401196
2024-05-03,1.0419968828632578,0.8692165464988463
2024-05-06,1.0458038578882722,0.8719723868857195
2024-05-07,1.046648170798732,0.8725515797785726
2024-05-08,1.0456335942744912,0.8716605591595281
2024-05-09,1.0502094413793364,0.8754503394021018
2024-05-10,1.0500830076885022,0.8753193556610693
2024-05-13,1.0507686506045928,0.8758875087790223
2024-05-14,1.0547501941973938,0.8792039236338309
2024-05-15,1.0635434954344123,0.8864970736945
2024-05-16,1.0612446298340998,0.8845667041615141
2024-05-17,1.0640876113877746,0.8869175642411548
2024-05-20,1.0640099416080995,0.8868400811435516
2024-05-21,1.064058330007627,0.8868675425597088
2024-05-22,1.0589880232362732,0.882631870262385
2024-05-23,1.0524302806382917,0.8771513959465829
2024-05-24,1.0572656046174567,0.8811359849713641
2024-05-28,1.0563140227222636,0.8803100917256155
2024-05-29,1.0470547270395958,0.8725635449930137
2024-05-30,1.0476121214327456,0.872662594281331
2024-05-31,1.0519579086089477,0.8759778262963311
2024-06-03,1.0551596414926974,0.8785470917236419
2024-06-04,1.0535012185127497,0.8771511468954636
2024-06-05,1.0591537755110672,0.8817613554034753
2024-06-06,1.0603771563527966,0.8827493610347577
2024-06-07,1.0518148579099897,0.8755893139173919
2024-06-10,1.0521325719768664,0.8757328036857667
2024-06-11,1.050939085075223,0.8746521658995936
2024-06-12,1.0554750576070882,0.8781864130236302
2024-06-13,1.052836288186581,0.8757524351996617
2024-06-14,1.0532289052118073,0.8758390898398603
2024-06-17,1.0540847521902472,0.8765325825831793
2024-06-18,1.0573256733011576,0.8792050599604208
2024-06-20,1.0563053483168616,0.8783153520687157
2024-06-21,1.0555927798971332,0.8776752210048011
2024-06-24,1.055087241487286,0.8771802059017296
2024-06-25,1.0549589524629257,0.8769881196028348
2024-06-26,1.0527515506035672,0.8750832590913249
2024-06-27,1.0545155959887695,0.8765153786655254
2024-06-28,1.0520964878592132,0.8744485354088127
2024-07-01,1.0511447018324895,0.8735762063198652
2024-07-02,1.054900289242429,0.8765635189423651
2024-07-03,1.0591180412449153,0.8800423246346275
2024-07-05,1.0634167530641254,0.883335649852154
2024-07-08,1.0616597246386745,0.8817781908174859
2024-07-09,1.0604336301922144,0.8807477211106373
2024-07-10,1.0656612691740859,0.8849900568789335
2024-07-11,1.0689500056106742,0.8876099362136232
2024-07-12,1.0741368584423898,0.891870634596728
2024-07-15,1.071390915799872,0.8895800408647
2024-07-16,1.0773887884482016,0.894533933766264
2024-07-17,1.0732951487287488,0.8911317320232314
2024-07-18,1.0666075761782399,0.8855559835855028
2024-07-19,1.0620304716586257,0.8817095376476753
2024-07-22,1.066252485616997,0.8851382093114288
2024-07-23,1.0637568518067981,0.8829878664851307
2024-07-24,1.0560080421315527,0.876501998434129
2024-07-25,1.0555507021176256,0.8758466280559534
2024-07-26,1.0618613344590817,0.8809952452171579
2024-07-29,1.060636802608439,0.8798416149768473
2024-07-30,1.062809466519755,0.8815394380851261
2024-07-31,1.0679782284634638,0.8857364589523089
2024-08-01,1.0604138870454773,0.8792769858677489
2024-08-02,1.0625380112484963,0.8807754648911144
2024-08-05,1.0570515198270172,0.8761077872977183
2024-08-06,1.0534799425873025,0.8728968883121022
2024-08-07,1.05231161060129,0.8717458303617445
2024-08-08,1.052666449693787,0.87203909515159
2024-08-09,1.0553758587525086,0.8741639212007053
2024-08-12,1.0563285964353801,0.8749515564758582
2024-08-13,1.0614895675419032,0.8791819797084579
2024-08-14,1.063044061118083,0.880379686050143
2024-08-15,1.0634169707101315,0.8806174163962771
2024-08-16,1.067142846996393,0.8834502129620636
2024-08-19,1.0736700924970504,0.8888320629545079
2024-08-20,1.0726670479539149,0.8879732524704202
2024-08-21,1.0770709061360095,0.8916070255528692
2024-08-22,1.071534946041565,0.8870202911155334
2024-08-23,1.0825780518543051,0.8961555795701217
2024-08-26,1.0811487528309163,0.8949701185891158
2024-08-27,1.0822108697325956,0.8958145800046537
2024-08-28,1.0785025308695244,0.8927440066440472
2024-08-29,1.0789095653090566,0.8930464280742518
2024-08-30,1.080460299709756,0.8942959437248746
2024-09-03,1.071527219518844,0.8868790991758027
2024-09-04,1.0731534352845096,0.8881769746664128
2024-09-05,1.0740399473444224,0.8888931625250579
2024-09-06,1.066680188824277,0.8827890413522445
2024-09-09,1.0698677107467824,0.8851938318696098
2024-09-10,1.0699370218542072,0.8851020261212111
2024-09-11,1.0718726326139212,0.8866154343304156
2024-09-12,1.0763235692904671,0.8901758390193075
2024-09-13,1.0804985249178922,0.8935800723140989
2024-09-16,1.0852749586016437,0.8975200793347375
2024-09-17,1.0833744427955612,0.8959473948422193
2024-09-18,1.080694078456425,0.8937164825507227
2024-09-19,1.0897737783405619,0.9012013339273183
2024-09-20,1.0871596024112942,0.8989970658451236
2024-09-23,1.0892901814753007,0.9007483749472218
2024-09-24,1.0945195096754938,0.9050716228177772
2024-09-25,1.0899065202919107,0.9012236276507702
2024-09-26,1.0966452241590485,0.9067584919864857
2024-09-27,1.0975321673694398,0.907454180332056
2024-09-30,1.0951854363591194,0.9055128086504997
2024-10-01,1.0943720754735924,0.9047925781924296
2024-10-02,1.0946395817443868,0.9049747260696317
2024-10-03,1.0906562629413101,0.9016698141036779
2024-10-04,1.0938465754958808,0.9040334518935998
2024-10-07,1.088185172426499,0.8991812109787927
2024-10-08,1.0858373725606227,0.8971056256300747
2024-10-09,1.0864714040612455,0.897526974891608
2024-10-10,1.0875905280356097,0.8983956156144214
2024-10-11,1.0938052273516206,0.9034190405398708
2024-10-14,1.0959070455466349,0.9050022748714672
2024-10-15,1.0877018698843897,0.8981469784568158
2024-10-16,1.092687891056832,0.902057499240857
2024-10-17,1.0922387373051001,0.9016316167488917
2024-10-18,1.0963663772457553,0.9050118591651896
2024-10-21,1.091314070646595,0.9007724293097603
2024-10-22,1.0914850959267826,0.9005691300635148
2024-10-23,1.0850509764533327,0.8951982756532095
2024-10-24,1.0844550143254577,0.8946388531603887
2024-10-25,1.0831832654013722,0.8935213843434785
2024-10-28,1.0822688623042607,0.8926164912407865
2024-10-29,1.082977684627498,0.8930823373638482
2024-10-30,1.0801574043552686,0.8906350965510906
2024-10-31,1.0647970871767887,0.8778784370728425
2024-11-01,1.0664762829588643,0.8788549307552564
2024-11-04,1.063287016653298,0.8761394353792168
2024-11-05,1.0683218058492876,0.8801002779120294
2024-11-06,1.0795773272427802,0.8889134284180942
2024-11-07,1.0838545353262297,0.8921607175901544
2024-11-08,1.0813429030937844,0.8898730704850718
2024-11-11,1.083258774983165,0.8912156250622952
2024-11-12,1.0802871063325603,0.8887063980823554
2024-11-13,1.081798302597906,0.8899210120928025
2024-11-14,1.0773775137434003,0.8862714019773346
2024-11-15,1.071648374930142,0.8815456241909545
2024-11-18,1.07463379814258,0.883977684360203
2024-11-19,1.0766146082106856,0.885553828979856
2024-11-20,1.0781203163289603,0.8867381866941431
2024-11-21,1.0838364322901743,0.891436528303732
2024-11-22,1.0862068286079969,0.8933021022078276
2024-11-25,1.0865939522939707,0.8935864718464137
2024-11-26,1.0864375986546198,0.8930228135206317
2024-11-27,1.086945087920888,0.8934266620452173
2024-11-29,1.0907684512215046,0.8965676079806313
2024-12-02,1.0903023265724494,0.8960499408887428
2024-12-03,1.0896317684270236,0.895480300755379
2024-12-04,1.0915492279442192,0.8970293666320756
2024-12-05,1.0923121681560308,0.897555503582051
2024-12-06,1.0928990948391395,0.8980056860184036
2024-12-09,1.0903091727242737,0.8958068395048917
2024-12-10,1.0870900149787497,0.8930970692986757
2024-12-11,1.0898874798193965,0.8953397629569562
2024-12-12,1.084834815855059,0.8911574573799508
2024-12-13,1.0824920786151668,0.889168686608264
2024-12-16,1.082132464776941,0.8887267433953737
2024-12-17,1.0803406944743221,0.8870973310227938
2024-12-18,1.0665915548319371,0.8755126735197475
2024-12-19,1.0688612557187198,0.876918211192368
2024-12-20,1.0691510231226464,0.8771548744014181
2024-12-23,1.0697523961787996,0.8776043725503921
2024-12-24,1.0732370029173581,0.8804222325694454
2024-12-26,1.0719270875182563,0.8790445889406241
2024-12-27,1.0678365901072804,0.8756531157881328
2024-12-30,1.0705708931061826,0.8775927137561648
2024-12-31,1.071249056226659,0.8780283839287891
2025-01-02,1.0741690929419438,0.8804198062319457
2025-01-03,1.0717613731811089,0.8783885973952849
2025-01-06,1.0727968194551156,0.8789239033573141
2025-01-07,1.0701971356512185,0.8766762162721399
2025-01-08,1.0711510199275267,0.8771250629471715
2025-01-10,1.0737559815485478,0.8792089152264174
2025-01-13,1.0764360696846804,0.8807836093597378
2025-01-14,1.0756266656085025,0.8795352202896035
2025-01-15,1.081136129737311,0.8839712456088928
2025-01-16,1.0840583175572245,0.885950722630844
2025-01-17,1.0848782890510191,0.8865310260715056
2025-01-21,1.0924227497825911,0.8924954479758006
2025-01-22,1.0907792069524813,0.8908340498570987
2025-01-23,1.094058188491558,0.8933775585167496
2025-01-24,1.0956051297351714,0.8945776330300729
2025-01-27,1.0937930307908685,0.892935325000461
2025-01-28,1.093289302617499,0.8924818460893209
2025-01-29,1.0920961414536978,0.89149285826831
2025-01-30,1.0985744556510941,0.8967696282183942
2025-01-31,1.0939396897666407,0.8929823673119655
2025-02-03,1.0904764633354067,0.8901271106217346
2025-02-04,1.095122812946998,0.8938772769415136
2025-02-05,1.1000029185029905,0.897806891530225
2025-02-06,1.10123619758533,0.8987920995311562
2025-02-07,1.0956560846959478,0.8942163839910602
2025-02-10,1.0997240925347662,0.8974915722708631
2025-02-11,1.1005491494558641,0.8980944701635156
2025-02-12,1.0986121087806662,0.8964712365990175
2025-02-13,1.1065436658877892,0.9028252750089687
2025-02-14,1.107918253274445,0.9038238505871755
2025-02-18,1.110434521128409,0.9058584651763014
2025-02-19,1.1090680550086338,0.9047407853920908
2025-02-20,1.1108559715375603,0.9061967533153952
2025-02-21,1.1056818377310422,0.9019741011944413
2025-02-24,1.1049689916937826,0.9012798361161357
2025-02-25,1.1088389520829935,0.9044089976381208
2025-02-26,1.1097530343880364,0.9051137945985703
2025-02-27,1.1030704708574706,0.8996368954797639
2025-02-28,1.105179488486225,0.9012850826163711
2025-03-03,1.1087439991064876,0.9041128505935132
2025-03-04,1.1069393669802376,0.9025919010131991
2025-03-05,1.113721775122011,0.9080743083474083
2025-03-06,1.1097197562610686,0.9047421738362994
2025-03-07,1.1129476700019858,0.9072572079740661
2025-03-10,1.1059749705832036,0.9014568280353513
2025-03-11,1.1049887068666864,0.900441786966319
2025-03-12,1.1050958762948229,0.9005022098949258
2025-03-13,1.1051195258690898,0.9004743795639563
2025-03-14,1.110340116999064,0.9046812643487535
2025-03-17,1.1154515453960951,0.908738525834878
2025-03-18,1.1162163507126082,0.9093591001411736
2025-03-19,1.119174172360641,0.9117509110614151
2025-03-20,1.116003201633408,0.9090147743696437
2025-03-21,1.1126617813561617,0.9062317561610489
2025-03-24,1.1105934372702402,0.904408560575051
2025-03-25,1.1128796299429309,0.9060652494335973
2025-03-26,1.107891996196734,0.9019830170759969
2025-03-27,1.1089392891131096,0.9025738906111395
2025-03-28,1.1049785946229234,0.8992517502898241
2025-03-31,1.1073901720317323,0.9008393278359915
2025-04-01,1.1089783560624304,0.9020441855002077
2025-04-02,1.110204802500977,0.9029951396240244
2025-04-03,1.102472326013591,0.8965959129334532
2025-04-04,1.0960188146898142,0.8911240295018231
2025-04-07,1.0874060001386487,0.8840385215039412
2025-04-08,1.087488433770282,0.8837568414072527
2025-04-09,1.0858257015905552,0.8824036057146722
2025-04-10,1.0893447693123846,0.8852126410748221
2025-04-11,1.0892275941957412,0.8851115112335584
2025-04-14,1.0917094578159081,0.8869338246442278
2025-04-15,1.092037450315033,0.886943858190756
2025-04-16,1.0957979650100347,0.8899445177561262
2025-04-17,1.0968415612873235,0.8907052773105043
2025-04-21,1.096599879134011,0.8903748903094875
2025-04-22,1.0989615852390966,0.8922380060229999
2025-04-23,1.0985260225265183,0.8916559184599504
2025-04-24,1.1060260965584807,0.8976515645824137
2025-04-25,1.1077188696727824,0.8987376776288744
2025-04-28,1.1113569859948746,0.9016780697328343
2025-04-29,1.113916682500458,0.9037216471179267
2025-04-30,1.1128387253662204,0.9028271211893452
2025-05-01,1.1105066335529146,0.9009195061056235
2025-05-02,1.1176656905392937,0.9066920064460955
2025-05-05,1.1182305334038432,0.9071462111959745
2025-05-06,1.1178415825947114,0.906683175396566
2025-05-07,1.1165973510894567,0.9055162913694835
2025-05-08,1.114741093525367,0.9039992913649204
2025-05-09,1.1173689814372942,0.9059111862810447
2025-05-12,1.1239447413210375,0.9111994393982481
2025-05-13,1.1285884470669463,0.9146617459753651
2025-05-14,1.1246418582622761,0.9114235806934644
2025-05-15,1.1304988409022625,0.9161186747125517
2025-05-16,1.1334539133084605,0.9184372051101456
2025-05-19,1.136478198809141,0.920869056506822
2025-05-20,1.1381895212171218,0.9221896486903538
2025-05-21,1.1294375741087244,0.9150769285285342
2025-05-22,1.1274373728278895,0.9133347566442053
2025-05-23,1.1292092185457094,0.9147156426859974
2025-05-27,1.1365741205019928,0.9204249859711229
2025-05-28,1.1315951063125618,0.9162330424432661
2025-05-29,1.134069375977728,0.9179481737660258
2025-05-30,1.1346659814740456,0.9180524065666459
2025-06-02,1.139101530823136,0.9216161006269958
2025-06-03,1.1383311017356494,0.9209531074487343
2025-06-04,1.1412722623958578,0.9232785606191878
2025-06-05,1.1402493911877083,0.9223790577064022
2025-06-06,1.1404169706348366,0.9225126956930872
2025-06-09,1.1422684562974186,0.9236431926164883
2025-06-10,1.1451231949711747,0.9257385633022253
2025-06-11,1.147154578952549,0.9272693207036373
2025-06-12,1.1514164180283535,0.9306303041134402
2025-06-13,1.1460529659756802,0.9262940343785511
2025-06-16,1.1480917795000718,0.9279142911206444
2025-06-17,1.145237251852218,0.9255847770182333
2025-06-18,1.145845786773334,0.9260048367628418
2025-06-20,1.1439013288640068,0.9244183446629103
2025-06-23,1.1462392690569596,0.9262304111052687
2025-06-24,1.151090942650342,0.9300508382395948
2025-06-25,1.1495212606649647,0.9287227048050565
2025-06-26,1.15596146205344,0.9338773249918226
2025-06-27,1.1563093578925483,0.9341228113904468
2025-06-30,1.1600930931027158,0.9371660957534148
2025-07-01,1.1603381616308528,0.9373506821238141
2025-07-02,1.1623972290339062,0.9390009110075599
2025-07-03,1.16315610635768,0.9396121420230471
2025-07-07,1.15649986378534,0.9342220419637631
2025-07-08,1.1576803037988501,0.9351636048385833
2025-07-09,1.1617127916369416,0.9384004206304811
2025-07-10,1.162728927359023,0.9392006133147641
2025-07-11,1.159119523544308,0.9362739691020333
2025-07-14,1.1593472822243083,0.9364124647684253
2025-07-15,1.153849880278974,0.9319588983267573
2025-07-16,1.1568881934296529,0.9340945493713443
2025-07-17,1.1597886982907077,0.936256853588426
2025-07-18,1.1605343926622589,0.936808937329726
2025-07-21,1.1636277757091282,0.9391781705849845
2025-07-22,1.1668444006313334,0.9417273983391855
2025-07-23,1.1707086464820713,0.9448126291730755
2025-07-24,1.167403147142345,0.9421109722821915
2025-07-25,1.1676455151913376,0.9423050361920893
2025-07-28,1.1625542648991984,0.9381435963127407
2025-07-29,1.1645616044716414,0.9396772520522674
2025-07-30,1.1604743119406595,0.9363467749036654
2025-07-31,1.158766697889111,0.934836737094004
2025-08-01,1.1594539355919251,0.9352842635722038
2025-08-04,1.1624756529691356,0.9375687660930225
2025-08-05,1.161699738894129,0.9367956957815883
2025-08-06,1.1632860297025298,0.938026119190759
2025-08-07,1.1644554082378809,0.9389054928501435
2025-08-08,1.1648595450162857,0.9391570244558503
2025-08-11,1.163423490143959,0.9379577840007431
2025-08-12,1.1680439174887456,0.9415892685750484
2025-08-13,1.1717467255658158,0.9444393558221685
2025-08-14,1.1688291145556606,0.9420427454108544
2025-08-15,1.169032874234905,0.9421432248668534
2025-08-18,1.168530039994942,0.9416872401954568
2025-08-19,1.1674170101758163,0.940755740143621
2025-08-20,1.1680583494741907,0.9411709426866229
2025-08-21,1.1649767378286116,0.9386566077297868
2025-08-22,1.1769137900143078,0.9481975874203713
2025-08-25,1.170811072020951,0.943162361468424
2025-08-26,1.1719443991721963,0.944001098108519
2025-08-27,1.1725559293863694,0.944441890018849
2025-08-28,1.1747272679860516,0.9461444540095207
2025-08-29,1.1724878146534576,0.944288512759846
2025-09-02,1.168022704625311,0.9406318330870407
2025-09-03,1.169735714094779,0.9418510211226833
2025-09-04,1.1738136430018091,0.9450337455179328
2025-09-05,1.17692928939197,0.9474920635162734
2025-09-08,1.1813929683742608,0.951043942000834
2025-09-09,1.1802791209135854,0.9500918282179084
2025-09-10,1.1817912885534072,0.9513040745981383
2025-09-11,1.1887019575563647,0.9568512621831329
2025-09-12,1.1869122811015402,0.9553778642430794
2025-09-15,1.1917247266801023,0.9592362012555696
2025-09-16,1.1917470906059324,0.9592435338511792
2025-09-17,1.189378322363534,0.9573222252939676
2025-09-18,1.1896663208321383,0.9575383184944816
2025-09-19,1.1893932437383188,0.9572989843155959
2025-09-22,1.190860886606581,0.9584318726273662
2025-09-23,1.1911080790458801,0.9585966624290472
2025-09-24,1.1876830151078488,0.9558212200128016
2025-09-25,1.184458178918247,0.9531652338112986
2025-09-26,1.187266031307617,0.9552350858550288
2025-09-29,1.1904837812877573,0.9576956263504234
2025-09-30,1.192080590165608,0.9588494126489423
2025-10-01,1.1963390719647014,0.9622121162693731
2025-10-02,1.1963699006548816,0.9622222940300648
2025-10-03,1.1988789269494393,0.9641924321587065
2025-10-06,1.1999042281937318,0.9649557629747247
2025-10-07,1.1969316384133863,0.96247269415749
2025-10-08,1.1993503698112862,0.9643598185414135
2025-10-09,1.1946752373879483,0.9605700569212209
2025-10-10,1.1821974662829549,0.950319717911268
2025-10-13,1.1875041797152746,0.9541348677276461
2025-10-14,1.187421904300903,0.9537514616207369
2025-10-15,1.1902746305040672,0.955977774181515
2025-10-16,1.1915040823345777,0.9567910287062126
2025-10-17,1.1896276480451509,0.9550407303122755
2025-10-20,1.1955966295353804,0.959651227187158
2025-10-21,1.191556618348794,0.9562290043050101
2025-10-22,1.1905441273279596,0.9553403046327117
2025-10-23,1.193222225535658,0.9573276989265039
2025-10-24,1.1957935701804214,0.9592007731415981
2025-10-27,1.1992744149949224,0.9619587199542227
2025-10-28,1.1979426498680155,0.9608370678003417
2025-10-29,1.1938938818876883,0.9575517862854663
2025-10-30,1.189637249369468,0.9540639058323476
2025-10-31,1.1900996997670994,0.954280975953554
2025-11-03,1.1906469227952174,0.9546220205362267
2025-11-04,1.1823124313123077,0.9476576290296136
2025-11-05,1.1841826329500897,0.9489320423180535
2025-11-06,1.1794476183395435,0.9449972375158702
2025-11-07,1.1806109516736552,0.9455508822626951
2025-11-10,1.1844906190864595,0.9484391186521444
2025-11-11,1.1886822601269345,0.9512857880944049
2025-11-12,1.1894735063290998,0.9517709105496229
2025-11-13,1.1810911929231116,0.9450173286383367
2025-11-14,1.1791469032191477,0.9429524321812442
2025-11-17,1.1711564279039957,0.9364755252047162
2025-11-18,1.174342882961947,0.9385752323588966
2025-11-19,1.1735016962804508,0.9377006462780183
2025-11-20,1.170915588023296,0.935588111497337
2025-11-21,1.173761216885237,0.9377677028556133
2025-11-24,1.174853176682314,0.9382864102466556
2025-11-25,1.1772391724857483,0.9399852779479034
2025-11-26,1.1811402714688795,0.942894141850345
2025-11-28,1.1842542993826715,0.9451798741590047
2025-12-01,1.1799652990682217,0.9416660996599872
2025-12-02,1.1806417326259835,0.9419955925713561
2025-12-03,1.1846324563875643,0.9450528806380807
2025-12-04,1.1844954743440672,0.9448752111285126
2025-12-05,1.1846967510102506,0.9449927236652649
2025-12-08,1.1808723153180607,0.9418310345368315
2025-12-09,1.1792881571381126,0.940412778167971
2025-12-10,1.187315660043464,0.9467755353318733
2025-12-11,1.190319263702361,0.9489126628305005
2025-12-12,1.185708847964884,0.9452189719236396
2025-12-15,1.1881830361988759,0.9469296133507008
2025-12-16,1.1853653748143873,0.9445813648268361
2025-12-17,1.1822449544425444,0.9419737341827102
2025-12-18,1.1858260860562495,0.9447091502987929
2025-12-19,1.1882250851312104,0.9464682335151399
2025-12-22,1.1918984199829372,0.9493469973449146
2025-12-23,1.1952340937631925,0.9519890838804723
2025-12-24,1.197457926150357,0.9536865781717568
2025-12-26,1.1993857136027388,0.9551387538929429
2025-12-29,1.1968527326190996,0.9531141117695537
2025-12-30,1.1981254458879997,0.9541262755108791
2025-12-31,1.1936813894650928,0.9505696842140527
2026-01-02,1.1982769525842092,0.9541791234406006
2026-01-05,1.2056496817256637,0.9599829628082087
2026-01-06,1.2081213426088768,0.9618436319811524
2026-01-07,1.205424657188893,0.9596505104167778
2026-01-08,1.2060932171350467,0.9601684112973133
2026-01-09,1.2100545804110263,0.9632449735473391
2026-01-12,1.2127712249884288,0.9653455516670247
2026-01-13,1.2115557074910337,0.9642915371664669
2026-01-14,1.2138540659063795,0.9660218796867116
2026-01-15,1.2138142291794694,0.9659679235709479
2026-01-16,1.2132442958101681,0.9654442063403398
2026-01-20,1.2050294753499944,0.9589052153546118
2026-01-21,1.212887543314433,0.9648810645776345
2026-01-22,1.2155747808214172,0.9668032380496873
2026-01-23,1.2194125076151272,0.9697556415902037
2026-01-26,1.2231802448469655,0.9727159655395851
2026-01-27,1.2296455243039113,0.977843820035475
2026-01-28,1.2281214473073057,0.9766171540440767
2026-01-29,1.2301959521897914,0.9782051386281934
2026-01-30,1.2214200728712075,0.9711967515063085
2026-02-02,1.2203051169602923,0.9702341197345109
2026-02-03,1.2221454551372903,0.9714346695574493
2026-02-04,1.2223900039810969,0.9715757380841179
2026-02-05,1.214144362115957,0.9649399279320295
2026-02-06,1.2226589398028722,0.9713818855805264
2026-02-09,1.2285444937305272,0.9758984439381554
2026-02-10,1.2305176987431323,0.9774508939863621
2026-02-11,1.2324756270201342,0.9789921962118534
2026-02-12,1.2290933932339774,0.9762914924748998
2026-02-13,1.2327970821423864,0.9791668251946724
2026-02-17,1.231952830379957,0.9784816980300568
2026-02-18,1.2323840066498364,0.9788129084909423
2026-02-19,1.2324742746205348,0.9788411413381922
2026-02-20,1.2364499985341812,0.9819957455952657
2026-02-23,1.2347602594032534,0.9805837841056296
2026-02-24,1.2363136310936331,0.9817475325818273
2026-02-25,1.2391458775700477,0.9839621267458671
2026-02-26,1.2388472781659807,0.9836475951076727
2026-02-27,1.239858301024352,0.9844412692994526
2026-03-02,1.2328201889417416,0.9786655283040484
2026-03-03,1.221359420436846,0.9694846040983169
2026-03-04,1.2217412912646126,0.9695870980514422
2026-03-05,1.2174493495436114,0.9660513261088516
2026-03-06,1.2186233745139867,0.9667449742614026
2026-03-09,1.2190256254901586,0.9668177608337339
2026-03-10,1.2167417446879991,0.9647271429288988
2026-03-11,1.2165003705918989,0.964220033435774
2026-03-12,1.2174206910200658,0.9642877532480638
2026-03-13,1.2160002202228593,0.9628328914887602
2026-03-16,1.2080484020043687,0.9563554804779326
2026-03-17,1.212450742382036,0.959656030339761
2026-03-18,1.2150898541567894,0.9616491604363213
2026-03-19,1.2058634865016058,0.9542467528617432
2026-03-20,1.2010822105323886,0.9504579861625837
2026-03-23,1.181299013116824,0.9346224349959873
2026-03-24,1.1944896001861762,0.9450205107159363
2026-03-25,1.193407252477478,0.9441633716924029
2026-03-26,1.204518670591652,0.9529521689241778
2026-03-27,1.2190657708251835,0.964460394909679
2026-03-30,1.2232454320352946,0.9677272942387486
2026-03-31,1.211712306029949,0.958563307541213
2026-04-01,1.199571219223862,0.9488568114463247
2026-04-02,1.207112113465053,0.9544457010247118
2026-04-06,1.2088823880690664,0.9553119313076402
2026-04-07,1.208060110482173,0.9545972599291611
2026-04-08,1.2176647657616626,0.9618852725626347
2026-04-09,1.2190352641664166,0.9623027723788075
2026-04-10,1.2187159313404903,0.9620196786647643
2026-04-13,1.224801797115996,0.9668224191786251
2026-04-14,1.2309671968792495,0.9716125462813258
2026-04-15,1.2306609940511954,0.9713238869837832
2026-04-16,1.2303610195739063,0.9710574456351203
2026-04-17,1.2381054282529553,0.9771456950263548
2026-04-20,1.2363058847741442,0.9756859869876662
2026-04-21,1.2271763792375026,0.968450738979991
2026-04-22,1.2309788082974995,0.9714419309622231
2026-04-23,1.2272042960969396,0.9684538320489143
2026-04-24,1.230501038122908,0.9710409468159488
2026-04-27,1.2293213938455223,0.9701032124223302
2026-04-28,1.226842019984589,0.9681164724092243
2026-04-29,1.2218662561527747,0.9641872760520341
2026-04-30,1.233191620255864,0.9728353716843273
2026-05-01,1.2320977482333346,0.9719100845497235
2026-05-04,1.226122979896571,0.9670161525518131
2026-05-05,1.2324810369235855,0.9717901919790116
2026-05-06,1.2435717385758784,0.9804273860831771
2026-05-07,1.2365943041418805,0.9746810054317994
2026-05-08,1.2425160710806897,0.9791657170705002
2026-05-11,1.2425423489193108,0.9790420161617249
2026-05-12,1.2379959189458523,0.9752366719420016
2026-05-13,1.2405166779721786,0.9769212377595272
2026-05-14,1.2413305324576178,0.9774520883858352
2026-05-15,1.2242260744586069,0.9637117831935691
2026-05-18,1.2254841726927115,0.9642563861407852
2026-05-19,1.219501549299261,0.9592549830821306
2026-05-20,1.2243891759430396,0.9627273313342305
2026-05-21,1.228253346176911,0.9653788685950955
2026-05-22,1.2299732802571535,0.9665801536478197
2026-05-26,1.2386557493293449,0.9733803410901906
2026-05-27,1.2368148792392224,0.9717417083834227
2026-05-28,1.2391129785456267,0.9733021835103867
2026-05-29,1.239271610260705,0.9732295869438173
2026-06-01,1.2389634869739687,0.9728941082504058
2026-06-02,1.24092018159431,0.9742954682357615
2026-06-03,1.236215054372804,0.9705419805695075
2026-06-04,1.2398188520424196,0.9733290216125543
2026-06-05,1.2252286780590216,0.9618098449315201
2026-06-08,1.225064861051277,0.960979771616346
2026-06-09,1.2245454740925947,0.9602746111339359
2026-06-10,1.2193601859139542,0.9556116305627547
2026-06-11,1.2249710411581378,0.9593258664149948
2026-06-12,1.226198630582268,0.9594817312886892
2026-06-15,1.230655290921986,0.9628504986258539
2026-06-16,1.2310593901593532,0.9631178208638386
2026-06-17,1.224426943745561,0.9579175782675785
2026-06-18,1.2302157157785993,0.9620406219450279
2026-06-22,1.2295108850421814,0.9611229025336826
2026-06-23,1.2213518904078655,0.9544760044406833
2026-06-24,1.2246693097964545,0.9567560148636342
2026-06-25,1.2266988776496095,0.958296923882133
2026-06-26,1.2269770881379638,0.9584183134593728
2026-06-29,1.2275279193556772,0.9587829815637386
2026-06-30,1.2262600516912856,0.9576776821066767
2026-07-01,1.2238109108446655,0.9556997050452563
2026-07-02,1.2273428708846696,0.9584139534632095
2026-07-06,1.230175948856216,0.9605764905995022
2026-07-07,1.2248761218453976,0.9563895828051784
2026-07-08,1.2177633555878553,0.9505165923340307
2026-07-09,1.2192328514322746,0.9515086482469626
2026-07-10,1.2216970997082388,0.953321585683646
2026-07-13,1.2173151140763714,0.9498252909339125
2026-07-14,1.2195095455221006,0.9511167089138615
2026-07-15,1.222224453542694,0.9528636004829409
2026-07-16,1.22117325617445,0.9518326289581488
2026-07-17,1.218525246780508,0.9496747930077006
2026-07-20,1.2159167686143628,0.947493902033507
2026-07-21,1.2178835864621844,0.9487398096583581
2026-07-22,1.218586270757489,0.9490496997559481
2026-07-23,1.211085447228014,0.942780923822746
2026-07-24,1.215597206235245,0.9458449467260599
2026-07-27,1.214450807688077,0.9447669623604102
2026-07-28,1.2169247613747627,0.9462523810502252
2026-07-29,1.2138085124016709,0.943802578816093
2026-07-30,1.218026864681879,0.9469411983651944
2026-07-31,1.2146253860727045,0.9441445856584895
