Date,Gross_Returns,Net_Returns
2020-06-17,-0.0005322989234396317,-0.0010322989234396317
2020-06-18,-0.00033141708505914986,-0.00033726028548741017
2020-06-19,-0.0016696151795101012,-0.001679070278789448
2020-06-22,0.00226699054358552,0.0018521473880979567
2020-06-23,0.0017922660007585205,0.0013906345099849444
2020-06-24,-0.0066228329263204894,-0.007018704276499671
2020-06-25,0.0024298202338889985,0.0023752664824144504
2020-06-26,-0.0032045018990333684,-0.0032224894836725792
2020-06-29,0.0019306591362092068,0.0018408285916879693
2020-06-30,0.0006567765336230205,0.000638265727335204
2020-07-01,0.0012416208823204911,0.0011918452619339157
2020-07-02,0.0022127012955544386,0.0021804563276467057
2020-07-06,0.0036848668588845765,0.0036508222508865465
2020-07-07,-0.0017453889787168051,-0.0018004820326848114
2020-07-08,0.002276571143337274,0.0022251566761311266
2020-07-09,-0.0008723838491529625,-0.0008949319718938146
2020-07-10,0.000707134232641055,0.0006475325664245697
2020-07-13,-0.0013811710236244549,-0.0014535302203164452
2020-07-14,0.003095394574001425,0.003060105681664955
2020-07-15,0.002407105273524208,0.002332514777475634
2020-07-16,-0.0011082387940258335,-0.001135642147786821
2020-07-17,0.0016698317979469083,0.0016519225012269951
2020-07-20,0.0019014760002609152,0.0018994672713870812
2020-07-21,0.0024855402976031076,0.0024795143693347524
2020-07-22,0.0018150731697257718,0.0018074419806672008
2020-07-23,-0.0013811684791402456,-0.001397001435153469
2020-07-24,-0.000798710176082762,-0.0008250319574626425
2020-07-27,0.0028008522178587965,0.0027862364235085014
2020-07-28,-0.001022481605628313,-0.0010555721320062038
2020-07-29,0.003845472768126526,0.00383421804382573
2020-07-30,-0.002243419076146213,-0.002257346778951519
2020-07-31,-0.0008807966435681197,-0.0009014132155341735
2020-08-03,0.001708828787572469,0.0016612742755148671
2020-08-04,0.0025718790217504773,0.002534694959479652
2020-08-05,0.0013830099056135717,0.0013573343164569932
2020-08-06,0.0016997794527228963,0.0016804470501413198
2020-08-07,-0.0015637804237626665,-0.0015776872015526228
2020-08-10,0.0007116865516096521,0.0006858053559769368
2020-08-11,-0.0028401844780234654,-0.0028613595161591757
2020-08-12,0.007365806200625083,0.006865513616823223
2020-08-13,-0.0032460439921625614,-0.0034944669480837056
2020-08-14,-0.0016805386607573675,-0.001749762789440842
2020-08-17,0.006772425650004367,0.0067651807372081625
2020-08-18,0.0007752173026097839,0.0007643237822252162
2020-08-19,-0.005011358946956671,-0.005021614618848472
2020-08-20,0.0001140948012733301,5.567133046973656e-05
2020-08-21,-0.0020717794803654837,-0.0021110141035426567
2020-08-24,0.008320243561944229,0.008257097644460231
2020-08-25,0.003194954126042901,0.003118212242399076
2020-08-26,0.0059590200922445945,0.005941995079427389
2020-08-27,-0.0028246625810234905,-0.0028471654656023215
2020-08-28,0.0065409413752093234,0.006506710238073003
2020-08-31,-0.0020040860768983405,-0.002581647464481199
2020-09-01,0.0017864160475654024,0.0017437346074509854
2020-09-02,0.0036175413171560724,0.003510857767120428
2020-09-03,-0.007750451805650355,-0.00785856346735222
2020-09-04,-0.0012007523207833064,-0.0013227216997247367
2020-09-08,-0.016194292414676122,-0.0169585633077901
2020-09-09,0.008442433374110887,0.007742767381749835
2020-09-10,-0.010569108247643885,-0.011212440050478853
2020-09-11,0.0030809430674905817,0.0023552566936358597
2020-09-14,0.0010068442227080037,0.00025048649596336344
2020-09-15,0.0033749781054370157,0.0026742301112850308
2020-09-16,8.180260681729854e-05,-0.0006103418532823684
2020-09-17,-0.00036988064604128904,-0.00041108580183755853
2020-09-18,-0.0017562507372872358,-0.0018413442679974992
2020-09-21,-0.00421494842753551,-0.0043166388717359675
2020-09-22,0.00024824311228377043,0.00010975084234105524
2020-09-23,-0.00046631275930503305,-0.0006224797090811924
2020-09-24,-0.00012020882879383567,-0.00028637635488503523
2020-09-25,0.0003108805267840291,0.0003085962452882449
2020-09-28,0.00013964805250530973,0.00013295158376662648
2020-09-29,-0.0003393975185753597,-0.0003789721595572639
2020-09-30,-0.00030234431692991457,-0.0003344843406611767
2020-10-01,0.00023625198060557324,0.0002024683097461534
2020-10-02,-0.0003055291553198486,-0.0003548754346359044
2020-10-05,0.0002779296901565388,0.00024586895950081013
2020-10-06,-0.006418161367555263,-0.007296765412468909
2020-10-07,0.006619281978378627,0.006239369387381383
2020-10-08,0.006563309403949645,0.006177307744406155
2020-10-09,0.004507905659817388,0.0044240982047781055
2020-10-12,0.005794011919127614,0.005627543546897298
2020-10-13,-0.0077295972046972005,-0.007821582358531504
2020-10-14,-0.002683479115972484,-0.002782582417126938
2020-10-15,-0.0033133150787654055,-0.003656086235055008
2020-10-16,-0.00030551413600311253,-0.0009475796136889719
2020-10-19,-0.00637427647038839,-0.007083861153790572
2020-10-20,0.004482270513039742,0.004317372845779345
2020-10-21,-0.0015973412192230411,-0.0017009379255903743
2020-10-22,0.0024765816612770646,0.002324491667475894
2020-10-23,0.002373361885874124,0.0022923083972275996
2020-10-26,-0.014081149400701772,-0.014185997935048138
2020-10-27,-0.0026865633199894545,-0.003153270889698737
2020-10-28,-0.010824069903059893,-0.0113931904944887
2020-10-29,-0.0015885071645257518,-0.0024103583050138627
2020-10-30,-0.0004229973260287398,-0.0013865612927402501
2020-11-02,0.006177552043270484,0.005252085595187351
2020-11-03,0.003007470856945447,0.0024642110866953475
2020-11-04,0.004820197404223828,0.0042385744620856165
2020-11-05,0.00949098793078718,0.008826421298032015
2020-11-06,-0.00035532334933730697,-0.0004215487253793409
2020-11-09,0.00804722448266348,0.007824306712007801
2020-11-10,0.004022629126197339,0.003764779684772738
2020-11-11,0.003977674229073519,0.003969883209446334
2020-11-12,-0.009354880090366852,-0.009359059661288374
2020-11-13,0.008158277766690526,0.007935758194887857
2020-11-16,0.008449800476192395,0.00844301364359979
2020-11-17,0.0001749240220278462,0.00017318780120252194
2020-11-18,-0.0033719638660740766,-0.0033742420450406903
2020-11-19,0.003945054365876431,0.003916899997528991
2020-11-20,-3.745314623267477e-05,-3.9807970115410055e-05
2020-11-23,0.0020609405412641843,0.0020597217285637567
2020-11-24,0.008724899192111588,0.00872383611177994
2020-11-25,-0.00026153396149657365,-0.0007984317962836573
2020-11-27,0.0015025602109773359,0.0014900606534138546
2020-11-30,-0.002728019565235059,-0.0028310138936380237
2020-12-01,0.0030376346969022893,0.0030346868685002656
2020-12-02,0.0004444882311420491,-0.00014719684859538823
2020-12-03,0.0014134226861546033,0.000877093031819796
2020-12-04,0.001981942541866879,0.0018857422743516216
2020-12-07,-0.0007210007775034427,-0.0008144762819799005
2020-12-08,0.00046770070710366364,0.0003761342300477542
2020-12-09,-0.0012314826841538047,-0.0012395947911925825
2020-12-10,0.0015614660732999638,0.001460804936337131
2020-12-11,-0.0006345288672656275,-0.0007365122271329741
2020-12-14,-0.0003020822583984683,-0.00031418745946727635
2020-12-15,0.0031207334166966447,0.0031197594280588225
2020-12-16,0.0007769094843403461,0.0007658547237996342
2020-12-17,0.0021259443063786788,0.0021188432478014604
2020-12-18,-0.0011902691243803841,-0.00119332990892395
2020-12-21,-0.0026648297065824584,-0.002666189986153035
2020-12-22,-0.0010742011682291638,-0.0010892471703266987
2020-12-23,0.0020591459206295037,0.0020414797638097348
2020-12-24,0.0009328407327449486,0.0009129365484593625
2020-12-28,0.0013573635996605472,0.0013505826508572508
2020-12-29,0.0007086620195138593,0.0007053455289301775
2020-12-30,0.0011787659661959674,0.0011574906986985556
2020-12-31,-0.00020836993739579995,-0.00022150319486925738
2021-01-04,-0.000790142142214157,-0.0007980746556618426
2021-01-05,0.0028297773001347195,0.002808680746226799
2021-01-06,0.0008204226986434741,0.0007958785769104146
2021-01-07,0.00454546150068082,0.003859371812935538
2021-01-08,0.0013159916771331142,0.0007221788096421124
2021-01-11,-0.008940752900467216,-0.009537624932909489
2021-01-12,0.0045711684922711045,0.004384974614714978
2021-01-13,-0.000551062885675718,-0.0006988136217146133
2021-01-14,0.003708674723418939,0.003588267408327127
2021-01-15,-0.010361387911280856,-0.01050288636593999
2021-01-19,0.004851657835034473,0.004735491193258755
2021-01-20,0.003611352727070307,0.003088913643213091
2021-01-21,-0.0001535169202038307,-0.00017111912337463276
2021-01-22,-0.0023652476456274838,-0.00239891211431578
2021-01-25,0.0003817961210361165,0.0003337995752403768
2021-01-26,-0.00033182629903005746,-0.00044756253125577655
2021-01-27,-0.007666329189605495,-0.007699659479965817
2021-01-28,0.00026464547083848765,-2.5814859503052532e-05
2021-01-29,-0.004479306198695375,-0.004685000172874507
2021-02-01,0.002387985148768054,0.0021269869409008295
2021-02-02,0.0017818908962151788,0.0014587195724738281
2021-02-03,0.0006612691524410097,0.00052771248436382
2021-02-04,0.00203485760267735,0.0020164413614307177
2021-02-05,0.001927957618730798,0.001894435497438862
2021-02-08,0.002584091610841335,0.002548213107063666
2021-02-09,0.0004391389464340492,0.00042132892279314263
2021-02-10,5.206817918899676e-05,4.355939831117442e-05
2021-02-11,0.0011724360462161331,0.0011710510253117703
2021-02-12,0.0020071964735139444,0.0019792810814303267
2021-02-16,0.0012110969078689671,0.001166023063056021
2021-02-17,-0.0013545539060367138,-0.0019157203479552188
2021-02-18,-0.001802413885473361,-0.0023882645809944654
2021-02-19,0.0011077480379652791,0.0010964788427891327
2021-02-22,-0.0006376568102468672,-0.0006776166982459407
2021-02-23,0.0009051426516938686,0.000876964990845104
2021-02-24,0.0023557367021995812,0.0023445978075751534
2021-02-25,-0.015389394140448997,-0.01598859810621504
2021-02-26,-0.013629234189766491,-0.014048261692416094
2021-03-01,0.009379978065480311,0.00886097497379443
2021-03-02,-0.001722980736634864,-0.0023429753353678426
2021-03-03,-0.004127602070714434,-0.0042035598947918465
2021-03-04,-0.005711071304158012,-0.006093091151311794
2021-03-05,0.012968814461654082,0.012605773240937663
2021-03-08,-0.0017118930337398088,-0.001872508725408176
2021-03-09,0.002388608141039671,0.002197490737782956
2021-03-10,0.006059403003615629,0.00562807406107933
2021-03-11,0.007639580781211968,0.007605030770091297
2021-03-12,0.0015416768495650482,0.0014186337964016112
2021-03-15,0.003010979620347079,0.0029804433102227023
2021-03-16,-0.001154817308654728,-0.001219212343209776
2021-03-17,0.00318011874596049,0.003157434665451748
2021-03-18,-0.012531219869526244,-0.01256465731159325
2021-03-19,0.0006045411752497763,0.00039601908514418554
2021-03-22,0.0013544869470109877,0.001204787751585479
2021-03-23,-0.010826298292354266,-0.010881029272581888
2021-03-24,-0.002913268963532037,-0.003269499686187607
2021-03-25,0.0015414100260450158,0.0008191491862971037
2021-03-26,0.00462855758361503,0.004505796743912964
2021-03-29,-0.000917534049457768,-0.0011622969220061597
2021-03-30,-0.001028856481213585,-0.0015375769533294051
2021-03-31,0.0007941838175054817,0.0007107859546479926
2021-04-01,0.007658114180362157,0.007598019867601002
2021-04-05,0.008402508108750425,0.008265961478410045
2021-04-06,-0.0020041688166740922,-0.0020730549965117923
2021-04-07,-0.0004064580961989329,-0.000612187212342434
2021-04-08,0.0035762035381504574,0.003540249742074741
2021-04-09,0.0002323649432133562,-0.00021525089176024903
2021-04-12,-0.00162701447829994,-0.0020623304734563256
2021-04-13,0.00367086253135955,0.0036046545578148604
2021-04-14,0.00017497471758415773,-0.0002938075863390106
2021-04-15,0.004917883434220291,0.004897463383601411
2021-04-16,0.0012795029075530358,0.0012767461210592451
2021-04-19,-0.0007732851531569966,-0.0007745705795023788
2021-04-20,-0.003067136006908252,-0.0030785776326986074
2021-04-21,0.003232006447479747,0.0032199452208929126
2021-04-22,-0.0020473617115976048,-0.0020583827833932466
2021-04-23,0.003509387947302059,0.003504253123423007
2021-04-26,0.0011603361816933235,0.0011555206729854512
2021-04-27,-0.001392381242601882,-0.001752582358594416
2021-04-28,0.0022761206211520287,0.002273512378037249
2021-04-29,0.001217855938188345,0.0012097807564582
2021-04-30,-0.0034380368648958943,-0.0037927554440671083
2021-05-03,0.002981474213620736,0.0029793691030835494
2021-05-04,-0.003008133090365972,-0.003010415515381575
2021-05-05,0.0022410576736410044,0.0022146984016621365
2021-05-06,0.0028632115904366857,0.0028508854481824803
2021-05-07,0.00447987369344352,0.004462052164364197
2021-05-10,-0.0027295368572400796,-0.0027405440163054758
2021-05-11,-0.0036135474293919464,-0.0036416539491817977
2021-05-12,-0.006849028136993089,-0.007006043225721951
2021-05-13,0.0005064315008055107,0.0001354365281391817
2021-05-14,0.0038872433594898,0.0037326944013049024
2021-05-17,0.0007960746025788032,0.0005079884991486692
2021-05-18,-0.001050959055694822,-0.0011512574177107524
2021-05-19,-0.004094514692270649,-0.004230049484435747
2021-05-20,0.0033888337638038222,0.003269154106998511
2021-05-21,-0.0006265738457079876,-0.0008346394442977607
2021-05-24,0.0026679487203499176,0.002471566316077267
2021-05-25,4.819364153672135e-05,-1.8669165262031213e-05
2021-05-26,0.0004174624332948038,0.00039639059028496776
2021-05-27,0.0010002675358655416,0.00099181149751422
2021-05-28,0.0007939985863304768,0.0007822950807063667
2021-06-01,0.00234086246534836,0.002322610319660138
2021-06-02,0.0014117529454194967,0.0013909097356124495
2021-06-03,-0.0031656599080118397,-0.0031731799886790825
2021-06-04,0.0040014476222283235,0.0038980192155941688
2021-06-07,0.00027348417570123974,0.00017788616182046218
2021-06-08,0.0006190454277741949,0.0006110920395108603
2021-06-09,-0.0007507299081895856,-0.0007589315772503247
2021-06-10,0.0022207222276800897,0.00219237619085746
2021-06-11,-5.838578137769881e-05,-7.390685268177047e-05
2021-06-14,-6.044637933384595e-05,-0.00011578162132807864
2021-06-15,-0.0013172917283631716,-0.0016710190739537439
2021-06-16,-0.0047424473712604845,-0.004772347967688058
2021-06-17,-0.0011911837114600803,-0.0013178694931359344
2021-06-18,-0.007149282912656176,-0.007248844441915445
2021-06-21,0.001150788228073536,0.0007764638756226501
2021-06-22,0.001881569524248692,0.0015799003098243786
2021-06-23,-0.0005949925807977234,-0.0006404577086946057
2021-06-24,0.0035324415782831617,0.003450515878248627
2021-06-25,0.0010848718853407016,0.0009576274185368801
2021-06-28,0.00041189629760361984,0.0004108363624805648
2021-06-29,0.0009707043529501157,0.0008229853548587425
2021-06-30,0.00015077150099739522,0.00014816643783549852
2021-07-01,0.0015888369423020738,0.0015316085356329788
2021-07-02,0.0033912352463351114,0.003335711624206043
2021-07-06,-0.0007463526392630989,-0.0008897832902241441
2021-07-07,0.0010597660489797297,0.0009856231254708407
2021-07-08,-0.0018518244791623007,-0.0019013303753039673
2021-07-09,0.0005713365244224248,0.00013015061138650397
2021-07-12,0.0005619847087863437,0.0005029242826354112
2021-07-13,-0.0033557959442958854,-0.003779445100575569
2021-07-14,0.0015083020511814705,0.001329085571205042
2021-07-15,-7.535401550899548e-06,-7.429322229123287e-05
2021-07-16,-0.0012823760749377622,-0.0016967284911474567
2021-07-19,-0.0025105540121592826,-0.0029393057089572273
2021-07-20,0.0008656525462798314,0.0003153699246430385
2021-07-21,-0.00035242918149251245,-0.00048549940661093884
2021-07-22,0.0011426345441534463,0.001006268169827897
2021-07-23,0.001741616728922783,0.001704434005057688
2021-07-26,0.0001620178160450514,9.619336022943613e-05
2021-07-27,-0.0005526736372849063,-0.0006094794735221433
2021-07-28,0.000649816944255415,0.0006119224206770053
2021-07-29,0.0017985244171695352,0.0017602157752910224
2021-07-30,-0.001711961555301956,-0.0018109518407786378
2021-08-02,0.0003851002040293342,0.00033754065726968263
2021-08-03,0.002414321609712904,0.0023027310227641366
2021-08-04,-0.0013458754607017429,-0.0014048471625004238
2021-08-05,0.0010156637821410845,0.0009716813504704847
2021-08-06,-0.002520495822921574,-0.0025645482203324943
2021-08-09,-0.0011457986499070537,-0.0012606146250247559
2021-08-10,0.0021468552540205217,0.0015392537538164806
2021-08-11,0.004429795725050312,0.00437418883104524
2021-08-12,-0.00025764510236775677,-0.00031906155581965233
2021-08-13,0.0025034304808647973,0.0025017157680102035
2021-08-16,-0.0009445493282475354,-0.001269810181772183
2021-08-17,-0.004638835031021199,-0.004855661055445629
2021-08-18,-0.005979977757943974,-0.006481356465597666
2021-08-19,-0.00295632476451657,-0.0031889888928122714
2021-08-20,0.0024061846542243422,0.0019362342715281194
2021-08-23,0.0027251176112155356,0.0025314788611144785
2021-08-24,0.00029412630051908734,-8.572143835381801e-05
2021-08-25,0.0008540660806864762,0.0005858949864538685
2021-08-26,-0.004247921954190348,-0.004334065853197076
2021-08-27,0.0073100703327451545,0.00719908147830822
2021-08-30,0.001114063635042325,0.0005048015138228525
2021-08-31,-0.0004029835430864867,-0.0004787550968829025
2021-09-01,0.0021354085087518806,0.0020357000071418133
2021-09-02,0.0021794952564877378,0.002144330138629154
2021-09-03,0.00021869649431786628,0.00014709036318059763
2021-09-07,-0.0030190802132625486,-0.003198561011193977
2021-09-08,-0.002953355656965518,-0.00337272524593745
2021-09-09,-0.0007207521213952715,-0.0011629912379831247
2021-09-10,-0.0018941508005917592,-0.0021782954583757404
2021-09-13,0.0033700293935147343,0.00278089569938892
2021-09-14,-0.00091226265975322,-0.001473866366680929
2021-09-15,0.0011603299281016139,0.0010300015381007825
2021-09-16,-0.0020415589924053157,-0.002152578852050839
2021-09-17,-0.0030954428690790426,-0.0032446230856526793
2021-09-20,-0.004392022996009097,-0.00494825467941111
2021-09-21,0.0003113549381953459,-0.00018369704100399368
2021-09-22,0.0006102268864439519,0.0005963498335179607
2021-09-23,-0.00028794677179868266,-0.0007883508087692531
2021-09-24,-0.0018943026106944144,-0.0022145055627014313
2021-09-27,0.0036535468909102823,0.003381933314663569
2021-09-28,-0.007609517338016455,-0.007710991892004734
2021-09-29,-0.0010544602037098776,-0.0016507602822467757
2021-09-30,-0.004284163387622284,-0.004290174671568079
2021-10-01,0.0027207835297625473,0.0022937790088835533
2021-10-04,0.006471789390728724,0.006233985491436323
2021-10-05,0.008455260137918181,0.008337836472881931
2021-10-06,-0.008511674167624177,-0.008627732111139496
2021-10-07,0.0052157401179756535,0.005090610129964651
2021-10-08,0.003004942737957499,0.002667989420012004
2021-10-11,0.0009061330952498851,0.0008009046578277359
2021-10-12,0.001225647880320305,0.0011133851717195613
2021-10-13,0.004181259605334512,0.00399336589308742
2021-10-14,0.010152568362597604,0.009954862723174366
2021-10-15,0.005930751073906821,0.005407236628460229
2021-10-18,-0.0012922476984899931,-0.001437694799655946
2021-10-19,0.005092544313530835,0.005046018397647351
2021-10-20,0.0045698424764374235,0.004391547144726882
2021-10-21,-0.0025341563742631978,-0.0026179194485456145
2021-10-22,0.00149509026936334,0.0014141103598857758
2021-10-25,0.0026870079797637414,0.0025777797496488895
2021-10-26,0.0008102445378810299,0.0006956104897778307
2021-10-27,-0.005657780974678065,-0.005664108835609419
2021-10-28,0.005496028988752528,0.005326706737707804
2021-10-29,-0.00491782196593946,-0.005079994570019085
2021-11-01,0.004471889825387799,0.004340322124752818
2021-11-02,-0.0005175361124108107,-0.0005972175467712398
2021-11-03,0.002449666112483753,0.002215122712277012
2021-11-04,0.001169451699322297,0.0009437036318989257
2021-11-05,0.003931726051012736,0.003790194884200719
2021-11-08,-0.00015148705508547764,-0.00043274884832932757
2021-11-09,-0.00020122984023543362,-0.0005360547383697819
2021-11-10,-0.007708643024067245,-0.007801717543865896
2021-11-11,0.00109752838719159,0.0009235180325779776
2021-11-12,0.0030999712235470584,0.002875269932711378
2021-11-15,-0.0012380742410426828,-0.0014062214405224985
2021-11-16,-0.00019006775019359055,-0.000496969451596011
2021-11-17,-0.0014530935852346406,-0.001483835376857172
2021-11-18,0.0004208902670207859,0.00028647663854420316
2021-11-19,-0.0037982529780661977,-0.0038369701224791647
2021-11-22,-0.004302417045778273,-0.004689416387621966
2021-11-23,-0.0004860129559090806,-0.0008816011216443043
2021-11-24,0.0012571329611213607,0.0011701131952774118
2021-11-26,-0.018762120093915736,-0.018873446872437347
2021-11-29,0.002046302070908675,0.001335804888485954
2021-11-30,-0.00287204576668738,-0.0034367097497463115
2021-12-01,3.410483335582762e-05,-0.0005114803681816943
2021-12-02,0.0006257119137269361,0.0005830669008988344
2021-12-03,0.0025757540226055203,0.00257351062444907
2021-12-06,-0.0017720808879648471,-0.0018248316646409858
2021-12-07,0.0023086597785439396,0.002077257510994751
2021-12-08,-0.0004895407627736189,-0.0008829828215777809
2021-12-09,-0.005166232635311189,-0.005443715914025926
2021-12-10,0.003801589638345145,0.0035668779835703436
2021-12-13,-0.0020146784765819594,-0.002127667224338845
2021-12-14,-0.0032351590431521707,-0.0036577046966302473
2021-12-15,0.0036101189341546805,0.0032498939710007666
2021-12-16,-0.00233724280060199,-0.002717576953288045
2021-12-17,-0.002006674558717229,-0.002395647800966753
2021-12-20,-0.0025763036370682144,-0.00278307152285578
2021-12-21,0.0015403410318769292,0.0014266045581835995
2021-12-22,0.0036660722795994038,0.003435688931532588
2021-12-23,0.0022964565936287613,0.0020747892509617883
2021-12-27,0.005882956767463936,0.005656457371012954
2021-12-28,-8.183973923076425e-05,-0.00022670711325590613
2021-12-29,-0.00012317952029026577,-0.0001325698408210371
2021-12-30,-0.000794263596450084,-0.0009994904289416882
2021-12-31,-0.0002289243147659591,-0.000321523611438075
2022-01-03,0.0020952586521685163,0.0020473560958273237
2022-01-04,0.002318883473149068,0.0022443223973754997
2022-01-05,-0.010091160808294818,-0.010175127958152147
2022-01-06,-0.0028101159026645258,-0.003116940933379095
2022-01-07,0.0007297939997078793,0.0006302089379125056
2022-01-10,-0.005873762287116072,-0.006038317725168745
2022-01-11,0.011522775952459008,0.011354595226526154
2022-01-12,0.008328453838336837,0.008079248279377607
2022-01-13,-0.006610733886186466,-0.006796546377311343
2022-01-14,-0.0013991631274470886,-0.0017104750211609412
2022-01-18,-0.009667131610662606,-0.00973806918481813
2022-01-19,0.003837577276573731,0.0034036145357608807
2022-01-20,-0.0030935277103531587,-0.0032245769672299084
2022-01-21,-0.009326251768895708,-0.009581987292363838
2022-01-24,-0.003912126591134711,-0.0041479543290163816
2022-01-25,0.006864742279137403,0.006768542080258577
2022-01-26,-0.0026346988244378127,-0.0029399260311659056
2022-01-27,0.0034624678149350963,0.003159707685349505
2022-01-28,0.00047297771260292553,0.000252218448569819
2022-01-31,0.0011394614123439912,0.001138567251820134
2022-02-01,0.0074161251776312526,0.007209563132044033
2022-02-02,0.00311002569626625,0.0030265555642860972
2022-02-03,-0.009968883375031903,-0.010297579865848635
2022-02-04,0.0021138741515040064,0.001784374213193868
2022-02-07,0.00232212633489284,0.0021268376744352506
2022-02-08,-0.0007596843385630211,-0.0008875327822211813
2022-02-09,0.006574169638383144,0.006431896390355901
2022-02-10,-0.009644798958574768,-0.01023039723876019
2022-02-11,0.0014553581346979333,0.0009026194160555152
2022-02-14,-0.0009131991254014197,-0.0012739790370883642
2022-02-15,-0.0042018378064135765,-0.004330564868938599
2022-02-16,0.004305165469277495,0.004081799861952228
2022-02-17,-0.0048149526047001085,-0.005098814913616089
2022-02-18,-0.0013303179942183118,-0.0016191643134996856
2022-02-22,0.003928070694647146,0.0036454967104137346
2022-02-23,0.004050907910157154,0.003937772038024922
2022-02-24,-2.7866166892896076e-05,-3.079222542607359e-05
2022-02-25,-0.0005945121500287212,-0.0006131742732714638
2022-02-28,0.004303005906863404,0.0041551060109738394
2022-03-01,0.014836770690254287,0.014507747672747411
2022-03-02,0.00020566289210757272,-0.00026326844989936867
2022-03-03,0.005597010020440326,0.004971204000089566
2022-03-04,0.013361193518886772,0.013144565955582676
2022-03-07,-0.0026759020117297326,-0.002726048529002729
2022-03-08,0.002760335167683017,0.002557674080804311
2022-03-09,-0.026864281305741505,-0.027134912747317885
2022-03-10,0.006779032374762629,0.0066190190207689285
2022-03-11,-0.0015612664899004945,-0.0015673483488628408
2022-03-14,-0.01566943689890647,-0.015743491958379596
2022-03-15,-0.008384092699363377,-0.008603940863312317
2022-03-16,0.004363700941636945,0.004172312653779183
2022-03-17,0.012569044855969855,0.012358134510450262
2022-03-18,0.004489617250460525,0.004095170934496171
2022-03-21,0.001617893437160947,0.0012656724628778095
2022-03-22,0.006003307446181292,0.005827748147249633
2022-03-23,-0.004897222405241882,-0.00500597897457321
2022-03-24,0.007807543724812347,0.007758128474156474
2022-03-25,0.004769596538193524,0.004720280151627171
2022-03-28,-0.002522388006854413,-0.0025235572165720555
2022-03-29,0.011423526208813156,0.01132616969036306
2022-03-30,-0.002225057250293076,-0.0024214385199898725
2022-03-31,-0.011244037866282183,-0.011244926036650948
2022-04-01,0.006432115104806726,0.006394285625011797
2022-04-04,0.005534427522840118,0.005496427036202269
2022-04-05,-0.00969188309686235,-0.009776457203364477
2022-04-06,-0.0070712760088569295,-0.007337455721243318
2022-04-07,0.0020130582262434292,0.0019248495689868485
2022-04-08,0.001051585273287708,0.0010233884535020513
2022-04-11,-0.010268533547972266,-0.010299763949863067
2022-04-12,0.00013245793295886424,-0.0001869503664416481
2022-04-13,0.007189248795510894,0.00698834564399419
2022-04-14,-0.0037171992963539553,-0.004090443836003619
2022-04-18,0.0018666919438876826,0.0015778604620570384
2022-04-19,-0.00024266404403176984,-0.00031953730216965914
2022-04-20,0.0021004475694597216,0.0018781972119149973
2022-04-21,-0.010862399068464253,-0.010956374952422118
2022-04-22,-0.01816195269232386,-0.018637495537277858
2022-04-25,0.002176144549007955,0.0016566587597040493
2022-04-26,0.0011603206842817331,0.0009173064808773591
2022-04-27,0.009540284627139694,0.009341177964266058
2022-04-28,0.003184479110986214,0.003173506673371596
2022-04-29,-0.010991550252482288,-0.011248823621400233
2022-05-02,0.009826420888709728,0.009569147519791783
2022-05-03,-0.0031865004851735126,-0.003188167809118085
2022-05-04,0.010044622557221872,0.009912125652695041
2022-05-05,-0.0005924209026719959,-0.0008135701427702889
2022-05-06,0.0017864457838114847,0.0016347736546370743
2022-05-09,-0.029783487395499873,-0.02979061588048754
2022-05-10,0.00047255130729817593,-0.00026955337178380704
2022-05-11,0.006104884259414694,0.005362779580332711
2022-05-12,0.0036658028823618,0.0029096993796069288
2022-05-13,0.0009263131396748201,0.0006951571297578249
2022-05-16,0.00285577362630534,0.002653098997945709
2022-05-17,-0.0036853852199401974,-0.0038891935707713737
2022-05-18,-0.004945909193384082,-0.005668783074828104
2022-05-19,-0.0006591058972012969,-0.0013117039034087757
2022-05-20,0.0015090595117695238,0.0013046799986457785
2022-05-23,-0.00022014083721063162,-0.0004963858112590383
2022-05-24,0.001934799633932198,0.0015813111530203713
2022-05-25,0.002385394272498503,0.002038878405134953
2022-05-26,0.003391890904094841,0.0033078817219139365
2022-05-27,0.005918738462467446,0.005714278219834404
2022-05-31,-0.004990047365127103,-0.005177473764382595
2022-06-01,-0.005164305254061552,-0.005224120366385502
2022-06-02,0.009252962892382963,0.009103409374029411
2022-06-03,-0.0077960414839896445,-0.008028628866484214
2022-06-06,0.00016204911282369683,1.296502821176548e-05
2022-06-07,0.0039054949875968943,0.003560495452381229
2022-06-08,-0.010195476657061189,-0.010336754246028049
2022-06-09,-0.020023591120193886,-0.02024792267605692
2022-06-10,-0.007678174001929197,-0.008494700780210617
2022-06-13,-0.008121377036155657,-0.008523695355077531
2022-06-14,-0.012056381362535609,-0.012273032369522452
2022-06-15,-0.007312870043766127,-0.0075012883686483
2022-06-16,-0.005222797497749561,-0.0052266709490663655
2022-06-17,-0.006583490262481336,-0.0069379138041920745
2022-06-21,-0.00357782446994781,-0.004120097271501543
2022-06-22,-0.0014363002811351722,-0.0014363002811351722
2022-06-23,0.0010787746551919053,0.0010787746551919053
2022-06-24,-0.0021550653691770894,-0.0021550653691770894
2022-06-27,-0.002238829310443916,-0.0026761610062114288
2022-06-28,-0.0004084557114573603,-0.00064148558796238
2022-06-29,0.005736802470764468,0.0054704619970549085
2022-06-30,-0.002953993096727711,-0.00322132256089932
2022-07-01,0.007209394305494083,0.006666144794322812
2022-07-05,0.0006938356896542967,1.985388562917678e-05
2022-07-06,-0.0036025960725878325,-0.00364472344385268
2022-07-07,-0.002193275199716802,-0.0026327191796983347
2022-07-08,-0.0019658817749676778,-0.002242546567199129
2022-07-11,-0.002823902631196235,-0.003340451864409913
2022-07-12,0.0001885423781129539,-0.0005857132030115055
2022-07-13,0.0019378614474751758,0.0018734571406755544
2022-07-14,-0.0021972186623785426,-0.0021981138331068164
2022-07-15,0.0036538208391282967,0.0036523554217581943
2022-07-18,-0.005652197427798861,-0.0059219231849518975
2022-07-19,0.0019822748932841854,0.0018562447513352008
2022-07-20,0.0015582805653521934,0.001132506117619479
2022-07-21,0.009497737352272703,0.009420850196085986
2022-07-22,0.0005225531589421934,0.0002017985549565166
2022-07-25,0.0009993850175126395,0.0009539653418390004
2022-07-26,-0.005316500231823828,-0.005363116070504937
2022-07-27,0.01031689352585152,0.010269155253440776
2022-07-28,0.007567496133955678,0.007461762119774172
2022-07-29,0.00650863568318685,0.006493574246021456
2022-08-01,-0.0003564868983369777,-0.00041675297606104747
2022-08-02,-0.0098853213104895,-0.009919340117230903
2022-08-03,0.006883824613162224,0.006838955619953285
2022-08-04,0.0027421789588000485,0.002664337994726791
2022-08-05,-0.005873905468734583,-0.005928605298795368
2022-08-08,0.0034969573149917213,0.003302094922881235
2022-08-09,-0.0028032833203341097,-0.0028510039944517223
2022-08-10,0.015135173982680475,0.015085679597292177
2022-08-11,-0.0012013862095655848,-0.00121758050097787
2022-08-12,0.009343727105596888,0.009255417488793313
2022-08-15,-0.003105999165349221,-0.0031745551575692583
2022-08-16,0.0004516413282581452,0.00044780732014078583
2022-08-17,-0.007566470996634838,-0.007567634746991151
2022-08-18,-0.00045205369344178734,-0.0006310212818721312
2022-08-19,-0.010810650339301939,-0.010928631990062236
2022-08-22,-0.0125880852097204,-0.012859574215677828
2022-08-23,0.001502295260891655,0.0010902787265053577
2022-08-24,0.002791547794253139,0.002694161655545927
2022-08-25,0.008598973015201992,0.008517888336209643
2022-08-26,-0.01866446369199659,-0.018837997903264174
2022-08-29,0.001185700669316492,0.0006858904908403566
2022-08-30,-0.015261737028793604,-0.015565462233827994
2022-08-31,-0.007584089392217209,-0.007586426907123429
2022-09-01,0.0010010820154608322,0.0006080949551444423
2022-09-02,-0.00016435482369905885,-0.00037882899398938884
2022-09-06,-0.007682055982267263,-0.007892957364182876
2022-09-07,-0.007912509697762523,-0.008151085323839697
2022-09-08,0.0016370270172917402,0.0013828380059571742
2022-09-09,5.273665076907085e-05,4.7704049662268536e-05
2022-09-12,0.006968394489038196,0.006408308529262554
2022-09-13,-0.024989829311125356,-0.02533567570277581
2022-09-14,0.004804615480405692,0.004092045538564001
2022-09-15,-0.015598836277208039,-0.015803757142699444
2022-09-16,-0.00394512993049833,-0.004357505959786671
2022-09-19,-0.0005180165748860906,-0.0007564663616958921
2022-09-20,0.0014571526506798225,0.0012835504217586556
2022-09-21,0.008372994894553698,0.008371944375639217
2022-09-22,0.0014201152054914654,0.0012461118789812162
2022-09-23,-0.00620620098656866,-0.006379195136801152
2022-09-26,0.011213698464205724,0.01083778048365711
2022-09-27,0.0003262378818971179,0.0003262378818971179
2022-09-28,-0.013042013252004159,-0.013042013252004159
2022-09-29,-0.004118377939823617,-0.004366572147280696
2022-09-30,0.0,-0.0002481942074570792
2022-10-03,0.01897471496736689,0.018728877757529572
2022-10-04,0.00032104363441642914,-9.340720206397698e-05
2022-10-05,-0.001723493835550759,-0.0021983064904320627
2022-10-06,0.0021691703058869054,0.001864104883884261
2022-10-07,-0.0021510767562975814,-0.002370752100034377
2022-10-10,-0.008397476769568117,-0.008398009130779099
2022-10-11,-0.010873213415549518,-0.011094286744944708
2022-10-12,-0.001934543823013377,-0.001938000789105656
2022-10-13,0.007158650563956519,0.007034619079770936
2022-10-14,-0.01174393237632874,-0.011745729292869996
2022-10-17,-0.004505108471613913,-0.004631766649515465
2022-10-18,0.0010323279205240983,0.0007405586400728681
2022-10-19,-0.0057810644761255615,-0.006368965851840044
2022-10-20,-0.002150648924820077,-0.0025225790082395606
2022-10-21,0.008033305105428906,0.007662560182269987
2022-10-24,0.005451028109013121,0.00471530129148455
2022-10-25,0.012932335212930204,0.012613715510005579
2022-10-26,0.004888542576241128,0.004680075164572422
2022-10-27,-0.004184169301899132,-0.004242988673121057
2022-10-28,0.005752036774175182,0.005439698195771082
2022-10-31,-0.006868100241983659,-0.0069986988375277176
2022-11-01,0.005233408809418163,0.004977605114374257
2022-11-02,-0.015132557347114127,-0.015240749955859183
2022-11-03,-0.004638302901892523,-0.0047686724557887425
2022-11-04,0.024314491482462446,0.024248477771423915
2022-11-07,0.002419348738931145,0.002215819078866553
2022-11-08,0.007015885223593371,0.006987635498865705
2022-11-09,-0.014998504717617977,-0.015007883837052373
2022-11-10,0.0463645732153369,0.04622437689082243
2022-11-11,0.008836849434497657,0.008375096469525764
2022-11-14,-0.005602162719514854,-0.005604789185367456
2022-11-15,0.006729977616087632,0.006719897944885934
2022-11-16,-0.0026954193254477435,-0.0027056928275027217
2022-11-17,-0.003602218498946859,-0.003612329632315108
2022-11-18,0.0008831070090815471,0.0008655190171607045
2022-11-21,-0.0032149577946478953,-0.003216588764204528
2022-11-22,0.008671613917628123,0.008659408756446338
2022-11-23,0.006382224818973447,0.0063810326409028464
2022-11-25,0.001349145668576352,0.0013365068857613955
2022-11-28,-0.008946856338569831,-0.008947506233270588
2022-11-29,0.0016086816526546884,0.0015970754353710087
2022-11-30,0.015576090782743553,0.0155645893966922
2022-12-01,0.004931082907673537,0.004904298800528421
2022-12-02,0.0008078115773971464,0.000780977015114271
2022-12-05,-0.01146252747484858,-0.011480407578327382
2022-12-06,-0.003472537138982711,-0.003495203124759689
2022-12-07,0.003312450321864931,0.003279917337754501
2022-12-08,0.0023393824388876485,0.002336743775119399
2022-12-09,-0.00274443953283358,-0.002748667685610702
2022-12-12,0.0022832145047780588,0.002266234111229403
2022-12-13,0.00906559992019381,0.009048658327085471
2022-12-14,-0.0012525918578783313,-0.0012750873855378012
2022-12-15,-0.012648685834337182,-0.012671181361996652
2022-12-16,-0.004723499827140305,-0.004851502538544069
2022-12-19,-0.003651655016676735,-0.003823731155699991
2022-12-20,-0.0010174127093748333,-0.0011933847363826094
2022-12-21,0.0018413052834407712,0.0017080840078938135
2022-12-22,-0.0037771665413574933,-0.004062505590196578
2022-12-23,-0.0003872539602418284,-0.0007104922725825407
2022-12-27,-0.002835253696427692,-0.0030214345681868014
2022-12-28,-0.006741808467457493,-0.007157379629728456
2022-12-29,0.002500216969100322,0.0020933258704844567
2022-12-30,-0.004102203934252396,-0.0045344512190295585
2023-01-03,-0.006334368234674279,-0.006766615519451441
2023-01-04,0.007444274479535162,0.00705303835050846
2023-01-05,-0.006557700253884271,-0.006898851998231061
2023-01-06,0.013031903994930412,0.012749812474724764
2023-01-09,0.0032614984168364922,0.002796278967187395
2023-01-10,0.0010616410599506047,0.0010449364319203912
2023-01-11,0.006690007265662764,0.006618591597893158
2023-01-12,0.008046167795056335,0.007956115195119563
2023-01-13,0.001783088124778829,0.0017815188161935261
2023-01-17,-0.0003293606044324927,-0.0003312734523501955
2023-01-18,-0.002688402057580932,-0.0026902614497176557
2023-01-19,-0.0013214230548648158,-0.0013483689415618718
2023-01-20,0.005271104490764422,0.005253249266361318
2023-01-23,0.002488664311550084,0.002487005556848895
2023-01-24,0.0010167476314358458,0.0009963052035480463
2023-01-25,0.0021666821726544477,0.002165888876013279
2023-01-26,0.0029550711473054912,0.0029435252107167637
2023-01-27,-0.0014296257379390407,-0.001430440029052875
2023-01-30,-0.007008100804988385,-0.007019265613971077
2023-01-31,0.00725273851429045,0.0072413946872428355
2023-02-01,0.006619496448787345,0.0065972461259861045
2023-02-02,0.002324142424006931,0.0022947101197316713
2023-02-03,-0.010985157454525113,-0.011009354936189406
2023-02-06,-0.006895296564752396,-0.0069644728604214305
2023-02-07,0.005521988800956114,0.0052507357440340074
2023-02-08,-0.005489622536911261,-0.005622087188582401
2023-02-09,-0.004133725843088136,-0.004283960178040973
2023-02-10,-0.00245026006959281,-0.002762071712456123
2023-02-13,0.008437316641546,0.008374085935607246
2023-02-14,0.000552331678492985,0.0005214149084747778
2023-02-15,-0.0012460332222785282,-0.001296457976573374
2023-02-16,-0.008142934662964781,-0.00824539804686019
2023-02-17,0.0006651749632289405,0.0005147044720907149
2023-02-21,-0.01476600658771428,-0.01485726877563137
2023-02-22,-0.001577091484141623,-0.00228287945892926
2023-02-23,4.46635536292678e-05,-0.00046337726650804074
2023-02-24,-0.010200179419096914,-0.010675265543496721
2023-02-27,-0.005264920314906774,-0.0058779169910007905
2023-02-28,-0.002264916492720848,-0.002640414472033073
2023-03-01,-0.0025347496957705087,-0.002910247675082733
2023-03-02,0.0031974780042274735,0.003197150714482603
2023-03-03,0.010416050804878488,0.009869754946489773
2023-03-06,-0.003579060463989429,-0.004269787677375369
2023-03-07,-0.01457079976581066,-0.014785273709256508
2023-03-08,0.0006027305252073116,-9.438774844184813e-05
2023-03-09,-0.009006716452493407,-0.009349961761737963
2023-03-10,-0.008329793344418236,-0.008798267816352377
2023-03-13,0.008399243312318116,0.00749640534264516
2023-03-14,-0.005106871718252092,-0.0052568203313649725
2023-03-15,0.005872791422350418,0.005838723651500144
2023-03-16,-0.002331431175563152,-0.002541034395265813
2023-03-17,0.0061563307983415715,0.006124237875885078
2023-03-20,-0.0011892119917241175,-0.0012699440894994244
2023-03-21,-0.003639501493142259,-0.003723384157691956
2023-03-22,0.004059998682306045,0.0038523538902115514
2023-03-23,0.00342805532655606,0.0032863774566742063
2023-03-24,-0.00021173808486041164,-0.00034397056827650384
2023-03-27,-0.006694341772850035,-0.00673344356435625
2023-03-28,-0.000299576814428559,-0.0004236988711785166
2023-03-29,0.003601686239945015,0.003418372057885264
2023-03-30,0.005850313599393225,0.005542533925416511
2023-03-31,0.0061336635799378045,0.005922487454861437
2023-04-03,0.005276558159073237,0.005261856107425184
2023-04-04,0.00022102801679845554,0.00020076261549165133
2023-04-05,-0.0022165083533542424,-0.0022510737392807583
2023-04-06,0.0016987250134341426,0.0016673597897162642
2023-04-10,-0.0017451654244524072,-0.0017763198537771648
2023-04-11,0.0037321667162616224,0.003727411011019902
2023-04-12,0.0018264007866983486,0.0018250676576780274
2023-04-13,0.007681604717049191,0.007661704969493449
2023-04-14,-0.003951349261692297,-0.003982401159906921
2023-04-17,-0.0014014991153443379,-0.001431931778508839
2023-04-18,0.0017907939285718162,0.0017500930603318232
2023-04-19,-0.003477564560625758,-0.003517479821230362
2023-04-20,-0.0025634382482261978,-0.002796993559486957
2023-04-21,0.00026090322483310335,3.71906688762767e-05
2023-04-24,0.002724593735771875,0.002500881179815048
2023-04-25,-0.007941438363074996,-0.008169315405852364
2023-04-26,-0.0037133332939751577,-0.0038161577078568137
2023-04-27,0.004905405035928634,0.00478739053027244
2023-04-28,0.004523811922050899,0.004326481443340712
2023-05-01,-0.004278067637333918,-0.004372221191478238
2023-05-02,-0.009107894463458673,-0.009414481857175597
2023-05-03,0.0003410378760193523,4.3206752877442145e-05
2023-05-04,-0.0012540867697206249,-0.0014260029382115696
2023-05-05,0.004857341572724534,0.004638079753344745
2023-05-08,-0.0010971612680082804,-0.0014075415552865123
2023-05-09,-0.0033053740697073417,-0.0034170144388390587
2023-05-10,0.0016755251812699571,0.001509294688282842
2023-05-11,-0.0032220132723509536,-0.0034257189589296123
2023-05-12,-0.0026078248850945644,-0.002853254214341822
2023-05-15,0.0023759915980295066,0.0019664428915971473
2023-05-16,-0.006475241151313553,-0.006767906393030972
2023-05-17,0.0034179095736948896,0.002881844878596396
2023-05-18,0.0059099079151358775,0.005317849732970109
2023-05-19,-0.0005809951071156828,-0.0007129248460967011
2023-05-22,0.00032375841531948464,4.756561118419013e-05
2023-05-23,-0.010853651671954566,-0.010994115643502056
2023-05-24,-0.0040833301719343665,-0.004478448484547098
2023-05-25,0.005820525004701965,0.005496044728261342
2023-05-26,0.01247956540845009,0.012148935067371084
2023-05-30,-0.0023445563581245966,-0.002421157898851641
2023-05-31,-0.005054809774333616,-0.00513141131506066
2023-06-01,0.006397613382782171,0.006254133479655358
2023-06-02,0.011999341895174606,0.011663219002184191
2023-06-05,-0.0020400564400274985,-0.0022960682167320074
2023-06-06,0.00579304756222025,0.005738439152180446
2023-06-07,-0.0016313901374372481,-0.0017531908797260467
2023-06-08,0.002864060467462657,0.0027672854832831552
2023-06-09,0.0016325081900413446,0.0014430238476583316
2023-06-12,0.004395624496474005,0.004354674385823911
2023-06-13,0.007007134904536468,0.006903567596489636
2023-06-14,0.0015680349476407695,0.001425002557546113
2023-06-15,0.008641768451439444,0.008534310044244132
2023-06-16,-0.0015406816998504293,-0.001770752028254185
2023-06-20,-0.0087357966001507,-0.008827087162798722
2023-06-21,0.0002183682743097729,0.00012380431969755915
2023-06-22,-0.004352059849379843,-0.0043717213071205515
2023-06-23,-0.008844498505762454,-0.009028012861746655
2023-06-26,-0.0003872823517775208,-0.0008505063769232042
2023-06-27,0.004606012971618962,0.004340997558787637
2023-06-28,-0.0004755305293673839,-0.0006291972402678335
2023-06-29,-0.0002852732028743232,-0.0003892143677465148
2023-06-30,0.008759520502894993,0.008455296161032771
2023-07-03,0.0010938738936020946,0.0007414829324593906
2023-07-05,-0.0053782753934762196,-0.005475328006975037
2023-07-06,-0.011179692692559997,-0.011357308354727098
2023-07-07,0.0005296784815731394,8.82913827567305e-05
2023-07-10,0.002247578392629329,0.0020788318669653343
2023-07-11,0.008646037326835564,0.008380741407101995
2023-07-12,0.01267323403894853,0.01235767083879989
2023-07-13,0.009861807771180921,0.009550932578855776
2023-07-14,-0.00512194150932443,-0.005179837183246596
2023-07-17,0.0003244118296937021,0.0003002944320443983
2023-07-18,0.003591522618942889,0.0035867789176206376
2023-07-19,0.0013064822886721529,0.0012840399551109932
2023-07-20,-0.004066063590105286,-0.004087698443409612
2023-07-21,0.0012834819485770276,0.0012478659242789332
2023-07-24,0.0010377359055662424,0.001025859843676244
2023-07-25,0.0023604226537267577,0.002318848138467101
2023-07-26,0.0018885275626007478,0.001806978273500784
2023-07-27,-0.0072991657788302414,-0.007418159894068158
2023-07-28,0.007740745981184268,0.00747985310497462
2023-07-31,0.0018876746377400725,0.0017358167363280138
2023-08-01,-0.006766965226509828,-0.006772999807884621
2023-08-02,-0.012296286580996886,-0.012388622428394102
2023-08-03,-0.0009308068990686912,-0.0013047029263867198
2023-08-04,-0.0013596127557254927,-0.0015526835965169253
2023-08-07,0.003027049511714524,0.0027187391218683717
2023-08-08,-0.0025915615858603646,-0.002891689857052065
2023-08-09,-0.0009247302364228555,-0.00121310160865803
2023-08-10,-0.0018523130408084187,-0.0020628602795254346
2023-08-11,-0.0007214982146460469,-0.0009442219498065229
2023-08-14,3.724482962236676e-05,-0.00011591257430201536
2023-08-15,-0.0047918664875817646,-0.0047941706733104815
2023-08-16,-0.003147014817191148,-0.0035076756212200147
2023-08-17,0.00020785648275840202,-0.0003994317539049938
2023-08-18,0.0016661493656538442,0.0010109421805609903
2023-08-21,-0.00163701912955573,-0.0017237866031391156
2023-08-22,8.559800731219955e-05,-0.0005986969642164921
2023-08-23,-0.004594378031413982,-0.004595739348158249
2023-08-24,-0.000793657501097178,-0.001555970284731631
2023-08-25,0.0008891501735426503,0.0006959174776244831
2023-08-28,-0.00018225104631075452,-0.0008297180194959868
2023-08-29,0.004078577995038459,0.003365029898986035
2023-08-30,0.0006955040084390479,0.000157585697970029
2023-08-31,0.00019086720630531214,0.00015593575511615787
2023-09-01,0.00030043886930728033,0.0002369919549143611
2023-09-05,-0.003747817651349588,-0.003939338235185035
2023-09-06,-0.0024210061502141066,-0.002670962264624631
2023-09-07,0.0004692378103316559,0.00021321685209018076
2023-09-08,-0.0003464126476427908,-0.0003881002502646941
2023-09-11,0.0022014061414466425,0.0021615021257232817
2023-09-12,-0.001976610701325975,-0.0022752998608274524
2023-09-13,0.0013772717575145006,0.0012749525191870148
2023-09-14,0.005525416094027499,0.005282813967812696
2023-09-15,-0.005332217582351507,-0.0055291838322732685
2023-09-18,-0.0003378667350262081,-0.0005659997576080248
2023-09-19,-0.0019762744566657205,-0.002090013080825407
2023-09-20,-0.0035919987420636023,-0.004003283155384471
2023-09-21,-0.012303234728486113,-0.012598560169979072
2023-09-22,0.002476842153629885,0.0020541392278684975
2023-09-25,-0.0011658636132705655,-0.0016259554995477154
2023-09-26,-0.003099009861749358,-0.0032754746941934896
2023-09-27,0.0033746217773056556,0.003243655448968485
2023-09-28,0.00019002258689853647,-0.0003928679107938469
2023-09-29,-0.001434440196649726,-0.002028225488796484
2023-10-02,-0.003528459189191356,-0.0035302890887347065
2023-10-03,-0.0013027451561296926,-0.0014623399512009466
2023-10-04,-0.010991775003109277,-0.011673792893854834
2023-10-05,0.0019182304635415855,0.001162360248937728
2023-10-06,0.0002543858274535,0.00025375039219074745
2023-10-09,0.0029178730836462645,0.0027656721263722944
2023-10-10,0.0004323821908497921,0.00036666790574138884
2023-10-11,0.0009498899373884798,0.0007459204079312636
2023-10-12,-0.003457776498765883,-0.003588080326590906
2023-10-13,-0.0026652891109347483,-0.0028418988219538134
2023-10-16,-0.0006273471112919077,-0.0007834483334626934
2023-10-17,-0.0006746392435625496,-0.0010171276193192327
2023-10-18,-0.008829418631840988,-0.009198751623356797
2023-10-19,0.002971541651954667,0.002315292657867585
2023-10-20,-0.0006996724030643884,-0.001209164830037925
2023-10-23,-0.003632495880401765,-0.0036918793981502583
2023-10-24,-0.00022348120788931978,-0.0004180185545448481
2023-10-25,-0.002899169604130299,-0.002963816255193307
2023-10-26,0.0017071043845451358,0.001500118090460706
2023-10-27,-0.0003200422872297622,-0.00044482318020493545
2023-10-30,-0.0030200260054834395,-0.003263086776641702
2023-10-31,-0.0014685188358069905,-0.001731587186142844
2023-11-01,0.0009884835842050646,0.0007838324661266769
2023-11-02,0.0050760438465271675,0.004525608519748398
2023-11-03,0.008571879260168648,0.008084074137984515
2023-11-06,-0.0030642067228653746,-0.0031253751287853454
2023-11-07,-0.0012726453582878289,-0.0013154715654184106
2023-11-08,0.0001248902542816384,6.98007731284947e-05
2023-11-09,-0.00493889041313915,-0.004940604797877854
2023-11-10,0.004858858483945804,0.004816836176848304
2023-11-13,6.216552244427422e-05,4.2531531033492044e-05
2023-11-14,0.01899422619443442,0.018952669307073556
2023-11-15,-0.00043530159812465215,-0.0004703072513194878
2023-11-16,0.0009803732673667556,0.0009771902312579043
2023-11-17,0.004405837455286301,0.004400768900220591
2023-11-20,0.0037890263547723417,0.003785298791282905
2023-11-21,-0.0009405807832994976,-0.0009453114204429981
2023-11-22,0.0008881626582353227,0.000887404994182185
2023-11-24,0.0024870212063663986,0.0024859305633122973
2023-11-27,9.262516392106882e-05,9.13451027853375e-05
2023-11-28,0.0033136071861137053,0.0033114468751797087
2023-11-29,0.0019858590806071177,0.001983642846189978
2023-11-30,-0.00011188705318451562,-0.00011349119021575931
2023-12-01,0.008723308235424911,0.008721766116524936
2023-12-04,-0.006079089219265543,-0.006082907216943611
2023-12-05,-0.00047937803994018617,-0.0004966553293493513
2023-12-06,0.0004727273029250994,0.0004697137227765549
2023-12-07,0.0035700460007758346,0.003569123193915364
2023-12-08,-0.0009131052350805342,-0.0009157460636502138
2023-12-11,0.0015278404621814215,0.0015134581533128406
2023-12-12,0.0015920444182660222,0.0015511320773342698
2023-12-13,0.014058109353957321,0.014017197013025569
2023-12-14,0.007891551954810257,0.007859607532804852
2023-12-15,-0.005200542626308374,-0.0052316138818574885
2023-12-18,0.0014630673528925624,0.0014607610164517957
2023-12-19,0.005864605751765603,0.0058635041201394325
2023-12-20,-0.007142380663934597,-0.007150922065699429
2023-12-21,0.008489754774761417,0.008480285799927427
2023-12-22,0.0013742938031974516,0.001371420182116153
2023-12-26,0.0038070059442532308,0.0038059762071115826
2023-12-27,0.004184287375664007,0.004175729310363136
2023-12-28,-0.0017233619679741935,-0.0017321843058560496
2023-12-29,-0.001279146010210364,-0.0012897240586491009
2024-01-02,-0.006150296870377471,-0.006151253816339125
2024-01-03,-0.004732083342534969,-0.004748830682779316
2024-01-04,-0.0013326656507277924,-0.001382934201101905
2024-01-05,0.0003298407599959023,0.00031222957326336974
2024-01-08,0.005634874264706359,0.005617263077973826
2024-01-09,-0.0038625950015984505,-0.003948086749686049
2024-01-10,0.0016892471473807446,0.0016248154401741178
2024-01-11,0.0005965546223817618,0.0005625913534106123
2024-01-12,0.002198473926406189,0.002148270757135435
2024-01-16,-0.009623250578243585,-0.00967335555238772
2024-01-17,-0.004025603596662395,-0.004360366440166621
2024-01-18,0.003378598407481075,0.003148027244027534
2024-01-19,0.003516628289055929,0.00347786000903767
2024-01-22,0.002410201429176275,0.0023024397141668037
2024-01-23,0.0005829349309351981,0.0004261517730535263
2024-01-24,0.00029914788166616194,0.00014236472378449013
2024-01-25,0.00410207172865858,0.003905927505524535
2024-01-26,0.0012680083717043656,0.0011327026972614022
2024-01-29,0.0034469482077941226,0.003417785436772294
2024-01-30,-6.577239791326014e-05,-0.00017125497435011835
2024-01-31,-0.005075851588981953,-0.005187881269640947
2024-02-01,0.00530455138547946,0.005219312039854046
2024-02-02,-0.002728976041664981,-0.002889704193956445
2024-02-05,-0.004281098919160351,-0.004405208744033079
2024-02-06,0.003662733634075598,0.0030561909182097386
2024-02-07,0.0023207637154480983,0.0017796640577896392
2024-02-08,0.0006345298338181967,0.0005791069460619474
2024-02-09,0.0029033143528542082,0.0027198645163942093
2024-02-12,0.0010032866463471008,0.0009483071277030836
2024-02-13,-0.013558546203787788,-0.013632693991813839
2024-02-14,0.007464698706227842,0.006998939926227037
2024-02-15,0.008607437542239426,0.008287390519279958
2024-02-16,-0.0012826165789090295,-0.0015357438357421086
2024-02-20,-0.0010155783069320933,-0.0011560702123395274
2024-02-21,0.0005669413424486062,0.0004296552598102275
2024-02-22,0.010313663908731764,0.010170841184970752
2024-02-23,0.0005947630564420667,0.0003990956366019872
2024-02-26,-0.0026468219857682554,-0.0026640048052831477
2024-02-27,0.0019480838904576759,0.0018740426825559944
2024-02-28,-0.0033734517098393444,-0.0034349206555595777
2024-02-29,0.0026394476809214738,0.0025963965454416644
2024-03-01,0.007843657238832074,0.0077781858191092726
2024-03-04,-0.0006200747653202357,-0.0009167253664101586
2024-03-05,-0.0031793527069357637,-0.003304779606105141
2024-03-06,0.005759256061954997,0.0056141792173323825
2024-03-07,0.006319306760768682,0.0062727862894378745
2024-03-08,-0.0014877415740956299,-0.0015048155316526137
2024-03-11,-0.0008569628410445028,-0.0008600841172849337
2024-03-12,0.002753107390881922,0.0027504198060266318
2024-03-13,0.0010600664324574409,0.0010584057067271543
2024-03-14,-0.0047271904185610366,-0.004731497276595769
2024-03-15,-0.0013129535803130944,-0.001580642129999931
2024-03-18,0.0019642450902501887,0.0018930173741500474
2024-03-19,0.00219554900586948,0.0021270014539431126
2024-03-20,0.00679898321936419,0.006605178277202264
2024-03-21,0.0006529084952247982,0.0005243665146238889
2024-03-22,-0.001853834252232294,-0.0018948951897898257
2024-03-25,-0.000553045758321187,-0.0005698045205665379
2024-03-26,-0.0009935146078180702,-0.0010330211033016846
2024-03-27,0.006368487095584352,0.006325760686923439
2024-03-28,0.0005927385658701081,0.0005607232292210668
2024-04-01,-0.002671371936977313,-0.002673981266767511
2024-04-02,-0.002656514237737954,-0.0028159819894375696
2024-04-03,0.0042777194100226314,0.00413357098955837
2024-04-04,-0.005249196960240914,-0.005339133525805394
2024-04-05,0.0035426419647837963,0.0032416330874447796
2024-04-08,0.0028655862553773224,0.0026820242300141096
2024-04-09,0.0012186914483380067,0.0010597204423564866
2024-04-10,-0.009704098324256314,-0.009908346028973324
2024-04-11,0.002019669685093842,0.0013696702359298784
2024-04-12,-0.011278210461333009,-0.011610763354005479
2024-04-15,0.002568341415185204,0.001985117178784087
2024-04-16,-0.0037888426932285173,-0.004070327393559478
2024-04-17,-0.005216173743283655,-0.005217857844868765
2024-04-18,0.002352601470437621,0.002346043178427602
2024-04-19,0.006235437573024397,0.006139651880977102
2024-04-22,-0.005307664170439376,-0.005311619485128112
2024-04-23,-0.0005123571936651704,-0.0006430800423628813
2024-04-24,-0.0014666772493993722,-0.0017288941132028407
2024-04-25,0.0035047762307517153,0.0033916135584484202
2024-04-26,0.0012714635979808129,0.0011554285202877396
2024-04-29,0.003012348604691067,0.0027349059036915115
2024-04-30,-0.011125144605296941,-0.011546596606725405
2024-05-01,0.0006332183820617525,-4.569019697406166e-05
2024-05-02,0.0035589958522140707,0.002971110304552664
2024-05-03,0.005010003626293091,0.004676210685524068
2024-05-06,0.0036535378249438104,0.0031704877202044907
2024-05-07,0.0008073339030940485,0.0006642330669686319
2024-05-08,-0.0009693577579815164,-0.0010211667019965542
2024-05-09,0.004376147753764629,0.004347770703572821
2024-05-10,-0.00012038902513406353,-0.00014961869924226705
2024-05-13,0.0006529416351569288,0.000649080948888684
2024-05-14,0.0037891724220263665,0.003786347928892984
2024-05-15,0.008336856712986587,0.008295174605824976
2024-05-16,-0.002161515358968475,-0.002177524991640437
2024-05-17,0.0026789125464119047,0.0026576402532232685
2024-05-20,-7.299190296351904e-05,-8.736223153889149e-05
2024-05-21,4.547739418147206e-05,3.096546574874399e-05
2024-05-22,-0.004765064685238912,-0.0047759920101469455
2024-05-23,-0.0061924615331730125,-0.00620924136148959
2024-05-24,0.004594436389869376,0.004542646848873036
2024-05-28,-0.0009000405300589442,-0.0009373050923298643
2024-05-29,-0.00876566578071674,-0.008799793169946113
2024-05-30,0.0005323450424847965,0.00011351527219497008
2024-05-31,0.004148278821228788,0.0037989848960243403
2024-06-03,0.0030435940996760536,0.0029330256430960783
2024-06-04,-0.0015717270778111254,-0.0015889243061969218
2024-06-05,0.005365496402839818,0.005255888365795071
2024-06-06,0.0011550549788098853,0.0011204909641681624
2024-06-07,-0.008074766974664992,-0.008111075955889387
2024-06-10,0.0003020627294691037,0.0001638779346595195
2024-06-11,-0.001134350302833977,-0.0012339811659730804
2024-06-12,0.004316113651383166,0.004040745866560206
2024-06-13,-0.002500077478372369,-0.002771595856952715
2024-06-14,0.0003729136520384289,9.894878588462822e-05
2024-06-17,0.0008125935152413272,0.0007918038271685962
2024-06-18,0.0030746304831523867,0.0030489196070333396
2024-06-20,-0.0009650054000015637,-0.001011945827228447
2024-06-21,-0.0006745856402826248,-0.0007288168906610943
2024-06-24,-0.0004789142361283046,-0.0005640071534716312
2024-06-25,-0.00012159091619711986,-0.00021898157026622962
2024-06-26,-0.002092405447818634,-0.0021720482512038665
2024-06-27,0.0016756521367183503,0.0016365523615291472
2024-06-28,-0.0022940468009751656,-0.002358022810574515
2024-07-01,-0.0009046565953852703,-0.0009975762479145175
2024-07-02,0.003572854815699675,0.0034196359755316688
2024-07-03,0.003998247081262205,0.003968686372505944
2024-07-05,0.004058765550020632,0.0037422350327228435
2024-07-08,-0.0016522482087931514,-0.0017631565474898834
2024-07-09,-0.0011548845811941287,-0.0011686268923177458
2024-07-10,0.00492971821435358,0.00481674339497193
2024-07-11,0.00308609924346504,0.002960348892426244
2024-07-12,0.004852287576117593,0.0048001923021279876
2024-07-15,-0.002556417853959291,-0.002568302669886359
2024-07-16,0.005598211222326455,0.005568799516622075
2024-07-17,-0.0037995937616438235,-0.0038033232889314395
2024-07-18,-0.006230879323762738,-0.006256929517109025
2024-07-19,-0.00429127321222895,-0.004343537855454056
2024-07-22,0.0039754169687594085,0.0038886634626873777
2024-07-23,-0.002340565526329987,-0.002429386511255537
2024-07-24,-0.007284380506770868,-0.007345364865340341
2024-07-25,-0.00043308383618378065,-0.0007477112195368107
2024-07-26,0.0059785212863729415,0.005878446061535214
2024-07-29,-0.0011531937465889595,-0.0013094625045633858
2024-07-30,0.0020484523127734314,0.0019296917528997864
2024-07-31,0.004863300625872634,0.004761013161588732
2024-08-01,-0.007082861069995337,-0.007292770913145594
2024-08-02,0.002003108624819413,0.0017042172687898893
2024-08-05,-0.005163571903684063,-0.005299509102439664
2024-08-06,-0.003378810940359053,-0.0036649588465818912
2024-08-07,-0.0011090215758101792,-0.0013186642841441325
2024-08-08,0.00033719963642161386,0.00033641088908200825
2024-08-09,0.0025738533412076052,0.0024366178774886563
2024-08-12,0.0009027472771620857,0.0009010155373045428
2024-08-13,0.0048857629377251285,0.00483503709581255
2024-08-14,0.001464445458262301,0.0013622962814618916
2024-08-15,0.00035079410693149787,0.00027003161238378165
2024-08-16,0.0035036833047469053,0.003216830047921378
2024-08-19,0.006116562106965354,0.006091854315592681
2024-08-20,-0.0009342204371201911,-0.0009662235644750115
2024-08-21,0.0041055220168225515,0.004092210066394987
2024-08-22,-0.005139828829194547,-0.005144345329145122
2024-08-23,0.01030587556060141,0.010298849469497027
2024-08-26,-0.0013202734167208946,-0.0013228294372441807
2024-08-27,0.0009823966395912534,0.0009435638106769849
2024-08-28,-0.0034266324306902038,-0.003427688529685035
2024-08-29,0.0003774070323264772,0.00033875492633261926
2024-08-30,0.0014373163892149716,0.0013991609073643449
2024-09-03,-0.008267846762450888,-0.008293501274510654
2024-09-04,0.0015176616478259793,0.0014634187363489278
2024-09-05,0.0008260813698814453,0.0008063571552439692
2024-09-06,-0.006852406689660473,-0.006867103303476392
2024-09-09,0.0029882639200592164,0.0027240828835864454
2024-09-10,6.478474556101136e-05,-0.00010371259388993262
2024-09-11,0.0018090884979000803,0.0017098686530373248
2024-09-12,0.00415248653722196,0.004015726042013706
2024-09-13,0.0038789038413209395,0.003824225670449156
2024-09-16,0.004420583252637307,0.004409237787090712
2024-09-17,-0.001751183689460064,-0.0017522554968172949
2024-09-18,-0.0024740885821709206,-0.0024900036590759012
2024-09-19,0.008401730022529244,0.008374972961484851
2024-09-20,-0.0023988243993615936,-0.0024459219035869897
2024-09-23,0.001959766587427439,0.0019480698754580832
2024-09-24,0.004800675053465373,0.0047996177298779835
2024-09-25,-0.0042146250869029706,-0.004251591885100678
2024-09-26,0.006182827372509912,0.006141499363641118
2024-09-27,0.000808778619422145,0.0007672256193004442
2024-09-30,-0.002138188820419739,-0.0021393605579578786
2024-10-01,-0.0007426695594409163,-0.0007953840643550575
2024-10-02,0.0002444381365255748,0.00020131451295278413
2024-10-03,-0.0036389318178399067,-0.0036519384141337247
2024-10-04,0.0029251311003953917,0.002621400598035554
2024-10-07,-0.005175682948785782,-0.0053673245217238106
2024-10-08,-0.0021575370859363775,-0.0023083059603286743
2024-10-09,0.0005839101845681738,0.0004696763117914249
2024-10-10,0.0010300537779282975,0.0009678157282329683
2024-10-11,0.005714190364673186,0.0055915510251170275
2024-10-14,0.001921565323017632,0.001752491657304765
2024-10-15,-0.007487109144509957,-0.0075748941245755465
2024-10-16,0.004583996139468349,0.004353987574238826
2024-10-17,-0.0004110540213797829,-0.0004721234426006539
2024-10-18,0.0037790638618433155,0.0037490282655418313
2024-10-21,-0.004608228329522939,-0.004684391494427264
2024-10-22,0.0001567149959737353,-0.00022569434812886262
2024-10-23,-0.005894830353122469,-0.005963844674452056
2024-10-24,-0.0005492480453066181,-0.0006249146228667124
2024-10-25,-0.0011727078645825501,-0.0012490725312931867
2024-10-28,-0.0008441813369159025,-0.001012726856399641
2024-10-29,0.0006549410667957068,0.000521888322289681
2024-10-30,-0.0026041905685244148,-0.0027402185782569644
2024-10-31,-0.014220443350706269,-0.014323104409030356
2024-11-01,0.0015770101198604594,0.0011123336001620562
2024-11-04,-0.0029904709148505055,-0.0030898107082428816
2024-11-05,0.004735117721870387,0.004520790153793599
2024-11-06,0.010535703129774362,0.010013802662320808
2024-11-07,0.003961928409865176,0.003653099467559048
2024-11-08,-0.0023173148707536697,-0.002564164796744069
2024-11-11,0.0017717524051799887,0.0015087034564286168
2024-11-12,-0.002743267554560903,-0.002815510533452002
2024-11-13,0.001398883923067742,0.001366721352595164
2024-11-14,-0.0040865185717979865,-0.004101049493016527
2024-11-15,-0.005317670677339712,-0.005332201598558252
2024-11-18,0.0027858234867689,0.002758859102137183
2024-11-19,0.001843241922531406,0.001783014037049805
2024-11-20,0.0013985581347230832,0.0013374203526977917
2024-11-21,0.0053019276927064474,0.005298454132335106
2024-11-22,0.002187042479106972,0.0020927725585192032
2024-11-25,0.00035639960620567537,0.00031833535137018836
2024-11-26,-0.00014389334582704249,-0.0006307820715070181
2024-11-27,0.00046711312908960956,0.0004522264364035194
2024-11-29,0.0035175312378750625,0.0035156169709820583
2024-12-02,-0.00042733602033795284,-0.0005773876808403994
2024-12-03,-0.0006150203747009272,-0.0006357236437054587
2024-12-04,0.00175973165683625,0.0017298715285974265
2024-12-05,0.0006989517213515596,0.0005865325813701816
2024-12-06,0.0005373250433523217,0.0005015650113624958
2024-12-09,-0.0023697724035968517,-0.0024485886311713164
2024-12-10,-0.0029525182636779175,-0.003024949226457889
2024-12-11,0.0025733516103555393,0.002511142109156827
2024-12-12,-0.004635950093834318,-0.004671193830588805
2024-12-13,-0.0021595336042433745,-0.0022316715808381555
2024-12-16,-0.00033220920996097274,-0.0004970296632645253
2024-12-17,-0.0016557772370209161,-0.0018334233606550404
2024-12-18,-0.012726670126107871,-0.013059060260827916
2024-12-19,0.002127994429076783,0.0016053881515730299
2024-12-20,0.00027109917435622923,0.00026988059550997
2024-12-23,0.0005624771834354526,0.0005124501522958109
2024-12-24,0.0032573955907982794,0.0032108545800248415
2024-12-26,-0.0012205276146286406,-0.0015647533397706059
2024-12-27,-0.0038160220584091647,-0.0038581355202681154
2024-12-30,0.0025606005864883237,0.0022150300536373574
2024-12-31,0.0006334593298243073,0.0004964377732350535
2025-01-02,0.002725824306039676,0.0027236275579793786
2025-01-03,-0.0022414718284629043,-0.002307091256106656
2025-01-06,0.0009661164321806685,0.0006094181591341868
2025-01-07,-0.00242327694932713,-0.0025573170516680053
2025-01-08,0.0008913164168839069,0.000511986827862523
2025-01-10,0.0024319274990721885,0.0023757755504604104
2025-01-13,0.0024959936728524167,0.0017910352204684782
2025-01-14,-0.0007519295376407716,-0.0014173618319733862
2025-01-15,0.005122097010947347,0.005043601685250013
2025-01-16,0.0027028861024407133,0.00223930023944113
2025-01-17,0.0007563905746717286,0.0006550064533368813
2025-01-21,0.006954200123381117,0.0067278208307331834
2025-01-22,-0.0015044934119477636,-0.0018615199914688854
2025-01-23,0.0030060909835618946,0.002855199192328716
2025-01-24,0.0014139478684825658,0.0013433004913573994
2025-01-27,-0.00165397084690624,-0.0018358474088482494
2025-01-28,-0.0004605333542903938,-0.0005078519109319463
2025-01-29,-0.001091349893339927,-0.001108132143353202
2025-01-30,0.005931999895881705,0.00591902660929229
2025-01-31,-0.00421889100061646,-0.004223226107637993
2025-02-03,-0.0031658293995831207,-0.0031974390477896098
2025-02-04,0.004260843555833969,0.004213068307918119
2025-02-05,0.004456217602535372,0.0043961455225227635
2025-02-06,0.001121159827483018,0.0010973495639491847
2025-02-07,-0.00506713537170111,-0.005090961015882269
2025-02-10,0.0037128510448124243,0.0036626350606384092
2025-02-11,0.0007502399253583041,0.0006717588346006325
2025-02-12,-0.001760067395586767,-0.0018074196183420486
2025-02-13,0.007219615589278549,0.007087832995129514
2025-02-14,0.0012422351047058288,0.0011060562944441047
2025-02-18,0.0022711674318274585,0.0022511184981499088
2025-02-19,-0.0012305688392924158,-0.0012338348949392235
2025-02-20,0.0016120891056704127,0.0016092652689173577
2025-02-21,-0.004657789973759141,-0.00465975198598423
2025-02-24,-0.0006447117180855181,-0.0007697173093840946
2025-02-25,0.003502324878165827,0.003471908941699514
2025-02-26,0.0008243598435333621,0.0007792900803620513
2025-02-27,-0.006021667275053599,-0.006051061370946757
2025-02-28,0.0019119518511948664,0.0018320581835722018
2025-03-03,0.0032252775747267527,0.003137484500390654
2025-03-04,-0.0016276364315876619,-0.0016822563458926535
2025-03-05,0.006127172222879711,0.006074071048117164
2025-03-06,-0.003593373991905576,-0.0036694513659053666
2025-03-07,0.0029087647784093564,0.0027798351955920955
2025-03-10,-0.006265073917419522,-0.0063933137017089655
2025-03-11,-0.0008917595268880123,-0.001126000755071616
2025-03-12,9.698689902489416e-05,6.710364787742498e-05
2025-03-13,2.1400472822555013e-05,-3.090534444416835e-05
2025-03-14,0.004724005872458782,0.004671853947509724
2025-03-17,0.004603479887627394,0.004484741362523157
2025-03-18,0.0006856463821039005,0.0006828964423241477
2025-03-19,0.0026498641111506425,0.0026302160718138226
2025-03-20,-0.0028333129959070445,-0.0030009695176351535
2025-03-21,-0.0029940956014784252,-0.003061576430949422
2025-03-24,-0.0018589153690534161,-0.0020118425265975132
2025-03-25,0.0020585324889996464,0.001831792544613758
2025-03-26,-0.004481736939018964,-0.00450545074999003
2025-03-27,0.0009453023579652892,0.0006550827720216184
2025-03-28,-0.003571606244877247,-0.0036807405530708418
2025-03-31,0.002182465271765712,0.00176544282027335
2025-04-01,0.0014341684356690278,0.0013374834190581662
2025-04-02,0.001105924594327705,0.001054221222311243
2025-04-03,-0.0069649099607270015,-0.007086667922969882
2025-04-04,-0.00585367194395868,-0.0061029537974664335
2025-04-07,-0.007858272536683548,-0.007951202933942842
2025-04-08,7.580759313688515e-05,-0.00031862875863066794
2025-04-09,-0.0015289653922681626,-0.0015312307969527453
2025-04-10,0.0032409140036696966,0.0031833906184854416
2025-04-11,-0.00010756476732084693,-0.0001142435575038233
2025-04-14,0.0022785537507424643,0.0020588517803024654
2025-04-15,0.00030043936761448535,1.1312621358581046e-05
2025-04-16,0.003443576677628407,0.003383144871752112
2025-04-17,0.0009523619413541,0.000854839306495524
2025-04-21,-0.00022034372314326078,-0.00037092740936080606
2025-04-22,0.0021536625619095365,0.002092507025736965
2025-04-23,-0.00039634025286118486,-0.00065239045985495
2025-04-24,0.006827397693058653,0.0067241701628794545
2025-04-25,0.0015305001568850392,0.001209949482977772
2025-04-28,0.0032843318117050805,0.0032716911476522587
2025-04-29,0.0023032171820937843,0.002266415757120448
2025-04-30,-0.0009677179192772765,-0.0009898246118528035
2025-05-01,-0.002095624244688702,-0.0021129350669136073
2025-05-02,0.006446658462070327,0.0064073430549023876
2025-05-05,0.0005053772960291972,0.0005009471205766171
2025-05-06,-0.0003478270334362539,-0.0005104312774431594
2025-05-07,-0.0011130660414032283,-0.001286981008081563
2025-05-08,-0.0016624233993379168,-0.001675287368125511
2025-05-09,0.0023573975402813073,0.0021149296624309736
2025-05-12,0.005885038866288059,0.005837496210763093
2025-05-13,0.004131613926544806,0.0037997242177887666
2025-05-14,-0.0034969246893557892,-0.0035402872112548426
2025-05-15,0.00520786470551267,0.005151385281819344
2025-05-16,0.0026139543883471287,0.00253081883558536
2025-05-19,0.002668203325402797,0.002647814551877587
2025-05-20,0.0015058119106675122,0.0014340716241907072
2025-05-21,-0.007689358358385391,-0.007712860550886367
2025-05-22,-0.0017709710803745467,-0.0019038529221039298
2025-05-23,0.0015715690827026781,0.001511916667735127
2025-05-27,0.00652217661291202,0.006241659176572589
2025-05-28,-0.004380721063076809,-0.004554356511121817
2025-05-29,0.002186532666466665,0.0018719378622125608
2025-05-30,0.0005260749553380454,0.00011354976631466516
2025-06-02,0.003909123408572011,0.003881798070414577
2025-06-03,-0.000676348039783456,-0.0007193810718047544
2025-06-04,0.0025837479585015936,0.0025250505716795544
2025-06-05,-0.0008962552073265334,-0.0009742486733174473
2025-06-06,0.00014696736382709938,0.000144884020911548
2025-06-09,0.0016235164069431348,0.0012254540546477114
2025-06-10,0.0024991836708943786,0.0022685932213727705
2025-06-11,0.0017739436161063934,0.001653552592593347
2025-06-12,0.0037151393142637133,0.0036246032676379375
2025-06-13,-0.004658134076164584,-0.004659497671333704
2025-06-16,0.0017789871715533762,0.0017491818817340252
2025-06-17,-0.002486323566480663,-0.0025104841305955677
2025-06-18,0.0005313614450908671,0.00045383173431364453
2025-06-20,-0.0016969630047711654,-0.0017132654570981046
2025-06-23,0.0020438302972117187,0.0019602233694520277
2025-06-24,0.004232688343834071,0.004124704920633113
2025-06-25,-0.0013636472386474273,-0.001428022404723845
2025-06-26,0.005602507416652655,0.005550225228797658
2025-06-27,0.0003009579908402089,0.0002628679292822648
2025-06-30,0.0032722516550965147,0.0032579060545988824
2025-07-01,0.0002112490192329503,0.00019696227940353784
2025-07-02,0.0017745407943485468,0.0017605245456340697
2025-07-03,0.0006528554136391235,0.0006509376171227268
2025-07-07,-0.005722570286101505,-0.005736515971024721
2025-07-08,0.0010207005210068473,0.0010078576960578626
2025-07-09,0.0034832482032035837,0.0034612294310325193
2025-07-10,0.0008746875556473971,0.0008527198695685768
2025-07-11,-0.0031042521862023904,-0.0031161012580705675
2025-07-14,0.0001964928338916466,0.0001479221584305652
2025-07-15,-0.004741807765130552,-0.004755987995919542
2025-07-16,0.0026331962264834387,0.002291572137378008
2025-07-17,0.0025071609145359084,0.00231486653951356
2025-07-18,0.0006429570943828648,0.0005896712415871056
2025-07-21,0.002665481580234114,0.0025290463837929
2025-07-22,0.0027643074437999184,0.002714317510822341
2025-07-23,0.0033117062126252444,0.0032761400372667395
2025-07-24,-0.0028235029694700722,-0.0028594631437647883
2025-07-25,0.000207612982358277,0.00020598837674897446
2025-07-28,-0.004360270498110103,-0.004416234360972206
2025-07-29,0.0017266631184884216,0.0016347771764946835
2025-07-30,-0.0035097263341738205,-0.0035442777201727537
2025-07-31,-0.0014714794062894554,-0.001612690778816119
2025-08-01,0.0005930768497801183,0.00047872153547462166
2025-08-04,0.002606155608646779,0.0024425755995222263
2025-08-05,-0.0006674669469633222,-0.0008245478512000545
2025-08-06,0.0013654912326232268,0.001313438367310265
2025-08-07,0.0010052373238334921,0.000937472466271151
2025-08-08,0.0003470607595155036,0.0002678987476612547
2025-08-11,-0.0012328137572212652,-0.0012769328492239697
2025-08-12,0.00397140627117203,0.0038716929868800936
2025-08-13,0.0031700931973783542,0.00302689011253631
2025-08-14,-0.0024899672826021522,-0.002537601166808441
2025-08-15,0.00017432803196542696,0.00010666124917197026
2025-08-18,-0.0004301284001888824,-0.0004839865737622696
2025-08-19,-0.0009525042412521405,-0.0009891819832267654
2025-08-20,0.00054936607294919,0.0004413499969063658
2025-08-21,-0.0026382343373227276,-0.0026714965823942953
2025-08-22,0.010246601325229508,0.010164504902021872
2025-08-25,-0.005185356858876322,-0.005310312975638202
2025-08-26,0.0009679846546795869,0.0008892812885249617
2025-08-27,0.0005218082142847345,0.0004669400398086062
2025-08-28,0.0018517995988631536,0.0018027196894430347
2025-08-29,-0.0019063602196221772,-0.0019615833943850782
2025-09-02,-0.0038082357635983682,-0.003872417829290426
2025-09-03,0.001466589187594292,0.0012961373331810638
2025-09-04,0.003486196803169235,0.0033792227474105626
2025-09-05,0.0026542938981295554,0.0026013018159401105
2025-09-08,0.0037926483965717325,0.003748715816551564
2025-09-09,-0.000942825537727733,-0.0010011249121911205
2025-09-10,0.0012811949419652645,0.0012759254887012024
2025-09-11,0.005847622223900984,0.005831140361022743
2025-09-12,-0.0015055720598824134,-0.0015398400966643805
2025-09-15,0.004054592454040174,0.00403854553982916
2025-09-16,1.876601645456723e-05,7.644202335076064e-06
2025-09-17,-0.001987643402757546,-0.0020029413693287237
2025-09-18,0.00024214201922904464,0.00022572671437536308
2025-09-19,-0.00022954091331144885,-0.0002499473642600057
2025-09-22,0.001233942496301294,0.0011834216167901747
2025-09-23,0.0002075745723779071,0.00017193689649442178
2025-09-24,-0.0028755274171046617,-0.0028953182553470495
2025-09-25,-0.0027152330618360155,-0.0027787478933219735
2025-09-26,0.002370579594405256,0.002171556379006672
2025-09-29,0.00271021817797354,0.0025758481151183545
2025-09-30,0.001341310904818347,0.0012047526027823216
2025-10-01,0.003572310323836342,0.003507019534111056
2025-10-02,2.5769191112055655e-05,1.057746054067965e-05
2025-10-03,0.0020971994474152655,0.0020474875097627535
2025-10-06,0.0008552166705450072,0.0007916789123819414
2025-10-07,-0.0024773558676595767,-0.0025732462694247715
2025-10-08,0.0020207765592244664,0.001960704335176457
2025-10-09,-0.0038980539307070863,-0.003929821159414031
2025-10-10,-0.010444487936549984,-0.010671099870432028
2025-10-13,0.0044888553593375865,0.004014596082214936
2025-10-14,-6.928431560643608e-05,-0.00040183638590036806
2025-10-15,0.0024024537469213903,0.002334269094586736
2025-10-16,0.0010329144207584452,0.000850704427091856
2025-10-17,-0.001574845035990387,-0.001829342397057983
2025-10-20,0.005017520818415869,0.0048275395263771385
2025-10-21,-0.0033790754229177803,-0.0035661110882739717
2025-10-22,-0.0008497212849503137,-0.0009293795401493063
2025-10-23,0.002249474123826972,0.0020802998514298544
2025-10-24,0.0021549587241465416,0.0019565653612599876
2025-10-27,0.0029109077865135616,0.0028752549933750674
2025-10-28,-0.0011104757262019463,-0.0011660086141059075
2025-10-29,-0.0033797677883605735,-0.0034191868996025767
2025-10-30,-0.003565335732762026,-0.003642497986086976
2025-10-31,0.0003887322777397129,0.00022752157363829087
2025-11-03,0.0004598127604143574,0.0003573838222352566
2025-11-04,-0.006999968944062342,-0.007295444015319388
2025-11-05,0.0015818167755424109,0.0013448034916838537
2025-11-06,-0.00399855096569871,-0.004146561214827697
2025-11-07,0.0009863374312031536,0.0005858691696076213
2025-11-10,0.003286152315717848,0.0030545541690338764
2025-11-11,0.0035387709897676425,0.003001425591034148
2025-11-12,0.0006656498786149686,0.0005099649982049479
2025-11-13,-0.007047078696067267,-0.00709580618237866
2025-11-14,-0.0016461808500594552,-0.0021850355485731484
2025-11-17,-0.006776488403045852,-0.006868752606688265
2025-11-18,0.0027207766460833572,0.0022421377790106892
2025-11-19,-0.0007163041507729367,-0.0009318230981657228
2025-11-20,-0.002203753318254103,-0.0022528882635055956
2025-11-21,0.0024302596114078616,0.002329648412043293
2025-11-24,0.0009303082955619119,0.0005531299376837703
2025-11-25,0.00203088849806063,0.0018106067429892651
2025-11-26,0.0033137692614271454,0.0030945845330598125
2025-11-28,0.002636459012543427,0.0024241664119092807
2025-12-01,-0.003621688615937997,-0.003717572279185595
2025-12-02,0.0005732656361133147,0.0003499041873631203
2025-12-03,0.0033801310349283083,0.003245543918500758
2025-12-04,-0.00011563252615475736,-0.00018799954289131665
2025-12-05,0.00016992607447063483,0.00012436831379236202
2025-12-08,-0.003228198008417395,-0.003345728542935677
2025-12-09,-0.0013415152166738208,-0.0015058501120192459
2025-12-10,0.006807074977190119,0.006765919510682984
2025-12-11,0.0025297431508541587,0.002257269457092702
2025-12-12,-0.003873259786737117,-0.003892550970753296
2025-12-15,0.002086674345256336,0.0018097832120104662
2025-12-16,-0.0023714034779546123,-0.0024798554092689395
2025-12-17,-0.0026324544635290548,-0.0027606204623821765
2025-12-18,0.003029094436181026,0.0029039197345093535
2025-12-19,0.0020230614785505027,0.0018620368139660943
2025-12-22,0.0030914469806209203,0.0030415852617504866
2025-12-23,0.0027986225372319206,0.0027830567147175403
2025-12-24,0.0018605831265763417,0.001783102684712933
2025-12-26,0.0016098999474490638,0.0015226970311042634
2025-12-29,-0.002111898578506942,-0.002119736127486332
2025-12-30,0.0010633833505271774,0.0010619544174477146
2025-12-31,-0.0037091745594412273,-0.0037275897206814033
2026-01-02,0.0038499076551539273,0.0037971326947293877
2026-01-05,0.006152775554561368,0.006082547002999207
2026-01-06,0.0020500655544282804,0.0019382314530882888
2026-01-07,-0.002232131264365069,-0.0022801227678320465
2026-01-08,0.0005546260748580825,0.0005396765540306715
2026-01-09,0.0032844586303117764,0.0032041902376989746
2026-01-12,0.002245059538124025,0.002180730943188738
2026-01-13,-0.0010022644603945564,-0.0010918520303302393
2026-01-14,0.0018970307358836642,0.0017944184445808573
2026-01-15,-3.281838239790507e-05,-5.5853927222846296e-05
2026-01-16,-0.00046953920591831353,-0.0005421683451683131
2026-01-20,-0.00677095329320144,-0.006773038713977035
2026-01-21,0.006521058716971581,0.006231949860459045
2026-01-22,0.0022155702082988045,0.001992135137292009
2026-01-23,0.00315712933030483,0.00305377911897795
2026-01-26,0.0030897971017265946,0.003052649371059197
2026-01-27,0.005285631029591099,0.005271687396480027
2026-01-28,-0.0012394441865417897,-0.0012544600336625291
2026-01-29,0.0016891691672952793,0.0016260052135485513
2026-01-30,-0.007133724755769724,-0.007164537217329744
2026-02-02,-0.0009128357521538257,-0.0009911810045744654
2026-02-03,0.0015080967468055005,0.0012373815747346022
2026-02-04,0.0002000979857008432,0.00014521668938668434
2026-02-05,-0.006745508257009069,-0.006829946335602941
2026-02-06,0.0070128215001354546,0.0066760193686902225
2026-02-09,0.004813733197422951,0.004649621765316092
2026-02-10,0.0016061323156585637,0.001590790576467943
2026-02-11,0.0015911419063714468,0.0015768589859337882
2026-02-12,-0.0027442601800851587,-0.002758657063257303
2026-02-13,0.00301335027004243,0.0029451580208730926
2026-02-17,-0.0006848262172735595,-0.0006997042250480359
2026-02-18,0.0003499941387742356,0.00033849428308389774
2026-02-19,7.324662622326496e-05,2.8843967018636202e-05
2026-02-20,0.0032258068144021936,0.003222794919266358
2026-02-23,-0.0013666053078822897,-0.0014378488867894015
2026-02-24,0.0012580350546189773,0.0011867914757118655
2026-02-25,0.0022908802468749488,0.0022557674865917327
2026-02-26,-0.00024097195453090173,-0.0003196582771276645
2026-02-27,0.0008160996728087421,0.0008068684310594022
2026-03-02,-0.005676545518786871,-0.005867024448816896
2026-03-03,-0.00929638288510955,-0.009381064255569886
2026-03-04,0.00031266048419221234,0.00010572004206347134
2026-03-05,-0.003512970996141675,-0.0036466780031380397
2026-03-06,0.0009643316749197719,0.0007180241192203075
2026-03-09,0.0003300863782727084,7.529035502572132e-05
2026-03-10,-0.0018735297719776225,-0.0021623701896335383
2026-03-11,-0.0001983774265607661,-0.0005256506949573849
2026-03-12,0.0007565311531462721,7.023273728147116e-05
2026-03-13,-0.001166787132569781,-0.0015087423379620693
2026-03-16,-0.006539323008537985,-0.006727450908757414
2026-03-17,0.0036441754902891365,0.0034511747244643457
2026-03-18,0.0021766754578155393,0.0020769213484279187
2026-03-19,-0.0075931566901167565,-0.0076976176750567565
2026-03-20,-0.0039650225939657216,-0.003970426609047533
2026-03-23,-0.016471143475512456,-0.01666096912976812
2026-03-24,0.011166171242748369,0.011125429190016977
2026-03-25,-0.000906117314482855,-0.0009070057356574837
2026-03-26,0.009310667495196625,0.009308555590354057
2026-03-27,0.012077106473066288,0.01207639413685721
2026-03-30,0.003428577284457602,0.0033872819934462777
2026-03-31,-0.009428300898010427,-0.009469596189021752
2026-04-01,-0.010019776761916562,-0.010126087675717646
2026-04-02,0.006286324746995911,0.005890129586431451
2026-04-06,0.0014665370219273093,0.0009075741888704861
2026-04-07,-0.0006801965145730572,-0.0007481026406745003
2026-04-08,0.007950477957306357,0.007634646504238299
2026-04-09,0.0011255137237191236,0.00043404325659384465
2026-04-10,-0.00026195536364947877,-0.00029418362096498017
2026-04-13,0.004993670484648289,0.004992351633104615
2026-04-14,0.005033793857725509,0.0049545056131094995
2026-04-15,-0.0002487497870213773,-0.0002970930116610983
2026-04-16,-0.0002437506988025877,-0.0002743074192176441
2026-04-17,0.006294419731967076,0.006269710838015809
2026-04-20,-0.0014534654624287192,-0.0014938489174322323
2026-04-21,-0.007384503826340152,-0.007415549781557513
2026-04-22,0.0030985187820838046,0.003088636170986422
2026-04-23,-0.0030662690333232677,-0.003075941873693825
2026-04-24,0.0026863840327592745,0.002671386783158249
2026-04-27,-0.0009586698757972514,-0.0009657001557899421
2026-04-28,-0.0020168638350767437,-0.0020479676674249226
2026-04-29,-0.004055749436978889,-0.004058598804141793
2026-04-30,0.009268906515798907,0.00896931109452492
2026-05-01,-0.0008870251829170073,-0.0009511240663481913
2026-05-04,-0.004849264877994254,-0.005035375263317416
2026-05-05,0.00518549699439684,0.004936876612247614
2026-05-06,0.008998679346804808,0.008887920639100377
2026-05-07,-0.0056108017073371735,-0.005861097652866118
2026-05-08,0.0047887709970640575,0.004601209640598372
2026-05-11,2.1148892342554037e-05,-0.00012633296552225112
2026-05-12,-0.003658973859050284,-0.003886803790752428
2026-05-13,0.002036161014547412,0.0017273405174264033
2026-05-14,0.0006560608977621176,0.0005433914278753833
2026-05-15,-0.01377913259343345,-0.01405726721087349
2026-05-18,0.001027668222685906,0.0005651097731849789
2026-05-19,-0.004881844683726275,-0.0051867979621806
2026-05-20,0.00400788883506326,0.003619838638672525
2026-05-21,0.003155998362118008,0.002754193398862247
2026-05-22,0.0014003088903408215,0.00124436642628452
2026-05-26,0.007059071291675585,0.00703530629788669
2026-05-27,-0.0014861837852197578,-0.001683445450452128
2026-05-28,0.001858078638104529,0.0016058538122852432
2026-05-29,0.00012802038056637443,-7.458790065323934e-05
2026-06-01,-0.00024863257108873895,-0.00034470663234254396
2026-06-02,0.0015792996653359302,0.0014404034041031973
2026-06-03,-0.0037916437264006375,-0.0038525147541235787
2026-06-04,0.002915186687678755,0.002871633683904625
2026-06-05,-0.011767988492321092,-0.011834822989198362
2026-06-08,-0.0001337032104112778,-0.0008630326665384128
2026-06-09,-0.0004239669059127207,-0.0007337932631235281
2026-06-10,-0.004234459469529245,-0.004855882387304726
2026-06-11,0.0046014748628012405,0.0038867629206782404
2026-06-12,0.0010021375060177992,0.00016247333586108222
2026-06-15,0.0036345337766375127,0.0035110281178987357
2026-06-16,0.00032836102875286505,0.0002776362876336491
2026-06-17,-0.005387592561991373,-0.005399383630546662
2026-06-18,0.004727739831769993,0.004304173731633533
2026-06-22,-0.000572932638867958,-0.0009539300008868951
2026-06-23,-0.00663596779302684,-0.006915762880560793
2026-06-24,0.0027161863952910948,0.0023887561471877495
2026-06-25,0.001657237457426253,0.001610555872720049
2026-06-26,0.000226796073122203,0.0001266721975356811
2026-06-29,0.0004489335807805698,0.0003804894994645219
2026-06-30,-0.0010328625886220522,-0.0011528150564992681
2026-07-01,-0.0019972442576451223,-0.0020653891161683986
2026-07-02,0.0028860341158148586,0.0028400640950545044
2026-07-06,0.0023083019739254863,0.0022563706720655588
2026-07-07,-0.004308186171048242,-0.004358744811369192
2026-07-08,-0.005806927027711314,-0.006140793016504529
2026-07-09,0.0012067170831476922,0.0010437018363833182
2026-07-10,0.0020211465538100414,0.0019053294365989372
2026-07-13,-0.003586802025570815,-0.0036674872385545946
2026-07-14,0.0018026815081434485,0.00135963739044999
2026-07-15,0.0022262294137528056,0.0018366742511278652
2026-07-16,-0.0008600690038537134,-0.001081971778825049
2026-07-17,-0.002168414171005643,-0.0022670329686114202
2026-07-20,-0.0021406845471910836,-0.0022964608413861133
2026-07-21,0.0016175596048921606,0.0013149505470980824
2026-07-22,0.0005769716441831287,0.0003266333871893003
2026-07-23,-0.006155348791852528,-0.006605318915135984
2026-07-24,0.003725384544548644,0.0032499839844977708
2026-07-27,-0.0009430743516748393,-0.0011397051592662646
2026-07-28,0.002037096662149217,0.001572259349653571
2026-07-29,-0.0025607573056293798,-0.0025889522533230147
2026-07-30,0.0034753029304940334,0.0033255043157844476
2026-07-31,-0.0027926137820144387,-0.0029533118968030916
