Date,Equity
2018-06-19,1.0
2018-06-20,1.0
2018-06-21,1.0
2018-06-22,1.0
2018-06-25,1.0
2018-06-26,1.0
2018-06-27,1.0
2018-06-28,1.0
2018-06-29,1.0
2018-07-02,1.0
2018-07-03,1.0
2018-07-05,1.0
2018-07-06,1.0
2018-07-09,1.0
2018-07-10,1.0
2018-07-11,1.0
2018-07-12,1.0
2018-07-13,1.0
2018-07-16,1.0
2018-07-17,1.0
2018-07-18,1.0
2018-07-19,1.0
2018-07-20,1.0
2018-07-23,1.0
2018-07-24,1.0
2018-07-25,1.0
2018-07-26,1.0
2018-07-27,1.0
2018-07-30,1.0
2018-07-31,1.0
2018-08-01,1.0
2018-08-02,1.0
2018-08-03,1.0
2018-08-06,1.0
2018-08-07,1.0
2018-08-08,1.0
2018-08-09,1.0
2018-08-10,1.0
2018-08-13,1.0
2018-08-14,1.0
2018-08-15,1.0
2018-08-16,1.0
2018-08-17,1.0
2018-08-20,1.0
2018-08-21,1.0
2018-08-22,1.0
2018-08-23,1.0
2018-08-24,1.0
2018-08-27,1.0
2018-08-28,1.0
2018-08-29,1.0
2018-08-30,1.0
2018-08-31,1.0
2018-09-04,1.0
2018-09-05,1.0
2018-09-06,1.0
2018-09-07,1.0
2018-09-10,1.0
2018-09-11,1.0
2018-09-12,1.0
2018-09-13,1.0
2018-09-14,1.0
2018-09-17,1.0
2018-09-18,1.0
2018-09-19,1.0
2018-09-20,1.0
2018-09-21,1.0
2018-09-24,1.0
2018-09-25,1.0
2018-09-26,1.0
2018-09-27,1.0
2018-09-28,1.0
2018-10-01,1.0
2018-10-02,1.0
2018-10-03,1.0
2018-10-04,1.0
2018-10-05,1.0
2018-10-08,1.0
2018-10-09,1.0
2018-10-10,1.0
2018-10-11,1.0
2018-10-12,1.0
2018-10-15,1.0
2018-10-16,1.0
2018-10-17,1.0
2018-10-18,1.0
2018-10-19,1.0
2018-10-22,1.0
2018-10-23,1.0
2018-10-24,1.0
2018-10-25,1.0
2018-10-26,1.0
2018-10-29,1.0
2018-10-30,1.0
2018-10-31,1.0
2018-11-01,1.0
2018-11-02,1.0
2018-11-05,1.0
2018-11-06,1.0
2018-11-07,1.0
2018-11-08,1.0
2018-11-09,1.0
2018-11-12,1.0
2018-11-13,1.0
2018-11-14,1.0
2018-11-15,1.0
2018-11-16,1.0
2018-11-19,1.0
2018-11-20,1.0
2018-11-21,1.0
2018-11-23,1.0
2018-11-26,1.0
2018-11-27,1.0
2018-11-28,1.0
2018-11-29,1.0
2018-11-30,1.0
2018-12-03,1.0
2018-12-04,1.0
2018-12-06,1.0
2018-12-07,1.0
2018-12-10,1.0
2018-12-11,1.0
2018-12-12,1.0
2018-12-13,1.0
2018-12-14,1.0
2018-12-17,1.0
2018-12-18,1.0
2018-12-19,1.0
2018-12-20,1.0
2018-12-21,1.0
2018-12-24,1.0
2018-12-26,1.0
2018-12-27,1.0
2018-12-28,1.0
2018-12-31,1.0
2019-01-02,1.0
2019-01-03,1.0
2019-01-04,1.0
2019-01-07,1.0
2019-01-08,1.0
2019-01-09,1.0
2019-01-10,1.0
2019-01-11,1.0
2019-01-14,1.0
2019-01-15,1.0
2019-01-16,1.0
2019-01-17,1.0
2019-01-18,1.0
2019-01-22,1.0
2019-01-23,1.0
2019-01-24,1.0
2019-01-25,1.0
2019-01-28,1.0
2019-01-29,1.0
2019-01-30,1.0
2019-01-31,1.0
2019-02-01,1.0
2019-02-04,1.0
2019-02-05,1.0
2019-02-06,1.0
2019-02-07,1.0
2019-02-08,1.0
2019-02-11,1.0
2019-02-12,1.0
2019-02-13,1.0
2019-02-14,1.0
2019-02-15,1.0
2019-02-19,1.0
2019-02-20,1.0
2019-02-21,1.0
2019-02-22,1.0
2019-02-25,1.0
2019-02-26,1.0
2019-02-27,1.0
2019-02-28,1.0
2019-03-01,1.0
2019-03-04,1.0
2019-03-05,1.0
2019-03-06,1.0
2019-03-07,1.0
2019-03-08,1.0
2019-03-11,1.0
2019-03-12,1.0
2019-03-13,1.0
2019-03-14,1.0
2019-03-15,1.0
2019-03-18,1.0
2019-03-19,1.0
2019-03-20,1.0
2019-03-21,1.0
2019-03-22,1.0
2019-03-25,1.0
2019-03-26,1.0
2019-03-27,1.0
2019-03-28,1.0
2019-03-29,1.0
2019-04-01,1.0
2019-04-02,1.0
2019-04-03,1.0
2019-04-04,1.0
2019-04-05,1.0
2019-04-08,1.0
2019-04-09,1.0
2019-04-10,1.0
2019-04-11,1.0
2019-04-12,1.0
2019-04-15,1.0
2019-04-16,1.0
2019-04-17,1.0
2019-04-18,1.0
2019-04-22,1.0
2019-04-23,1.0
2019-04-24,1.0
2019-04-25,1.0
2019-04-26,1.0
2019-04-29,1.0
2019-04-30,1.0
2019-05-01,1.0
2019-05-02,1.0
2019-05-03,1.0
2019-05-06,1.0
2019-05-07,1.0
2019-05-08,1.0
2019-05-09,1.0
2019-05-10,1.0
2019-05-13,1.0
2019-05-14,1.0
2019-05-15,1.0
2019-05-16,1.0
2019-05-17,1.0
2019-05-20,1.0
2019-05-21,1.0
2019-05-22,1.0
2019-05-23,1.0
2019-05-24,1.0
2019-05-28,1.0
2019-05-29,1.0
2019-05-30,1.0
2019-05-31,1.0
2019-06-03,1.0
2019-06-04,1.0
2019-06-05,1.0
2019-06-06,1.0
2019-06-07,1.0
2019-06-10,1.0
2019-06-11,1.0
2019-06-12,1.0
2019-06-13,1.0
2019-06-14,1.0
2019-06-17,1.0
2019-06-18,1.0
2019-06-19,1.0
2019-06-20,1.004862333233011
2019-06-21,1.0026040406443555
2019-06-24,1.003837348095476
2019-06-25,1.000885180142642
2019-06-26,0.9991840794181569
2019-06-27,1.0017834966608652
2019-06-28,1.0039083534437523
2019-07-01,1.0057541345251968
2019-07-02,1.008374501407289
2019-07-03,1.0120000722319287
2019-07-05,1.0078851719883932
2019-07-08,1.0055804422058312
2019-07-09,1.0045181160749865
2019-07-10,1.0077354573154376
2019-07-11,1.0062522706256067
2019-07-12,1.007680174473247
2019-07-15,1.00864078885072
2019-07-16,1.0068218294852667
2019-07-17,1.0071497481967908
2019-07-18,1.0097788669171215
2019-07-19,1.0068111065298695
2019-07-22,1.0081271159116454
2019-07-23,1.0100189839158225
2019-07-24,1.0115917057409276
2019-07-25,1.0078557369671592
2019-07-26,1.00991483311541
2019-07-29,1.0100063247952822
2019-07-30,1.0076248473435232
2019-07-31,1.0041447502649956
2019-08-01,1.0054857883346378
2019-08-02,1.0032706742592368
2019-08-05,0.997419498317243
2019-08-06,1.0024166964774883
2019-08-07,1.0045210666823616
2019-08-08,1.0101900190595958
2019-08-09,1.0072664444244663
2019-08-12,1.0060768603423453
2019-08-13,1.009674731202543
2019-08-14,1.005165929201523
2019-08-15,1.008863900613866
2019-08-16,1.0123898761432801
2019-08-19,1.0136804412300815
2019-08-20,1.0138423063223565
2019-08-21,1.0163328756075525
2019-08-22,1.0149730027197825
2019-08-23,1.0122898703024126
2019-08-26,1.0153346118204978
2019-08-27,1.0170999204471818
2019-08-28,1.0190752524829507
2019-08-29,1.022041414670904
2019-08-30,1.0231272193924563
2019-09-03,1.02303906353347
2019-09-04,1.028768494728292
2019-09-05,1.028609534346575
2019-09-06,1.0294488152417995
2019-09-09,1.028113988549352
2019-09-10,1.0260065001539391
2019-09-11,1.028664636235579
2019-09-12,1.029815471472658
2019-09-13,1.027662070378136
2019-09-16,1.0292384832702002
2019-09-17,1.0312423428167665
2019-09-18,1.0307621824128752
2019-09-19,1.0318652592950706
2019-09-20,1.0327492499625135
2019-09-23,1.0330954155683318
2019-09-24,1.0321159033424347
2019-09-25,1.030112834709324
2019-09-26,1.0313809224678767
2019-09-27,1.0297313979694378
2019-09-30,1.031317372405874
2019-10-01,1.0280247067066146
2019-10-02,1.0231029884708147
2019-10-03,1.027153999625262
2019-10-04,1.0321600742847958
2019-10-07,1.0295941031193339
2019-10-08,1.0264465391057158
2019-10-09,1.0290788775215154
2019-10-10,1.0292901865452735
2019-10-11,1.0341028808590673
2019-10-14,1.0339860677234198
2019-10-15,1.0369181579248825
2019-10-16,1.0377719292823995
2019-10-17,1.0393513945083017
2019-10-18,1.038922036763775
2019-10-21,1.0406989656800472
2019-10-22,1.0405668107029915
2019-10-23,1.0425142901643214
2019-10-24,1.043564972740391
2019-10-25,1.0438436636769306
2019-10-28,1.0443659939939036
2019-10-29,1.0437960121231538
2019-10-30,1.0467256054312832
2019-10-31,1.046974048674802
2019-11-01,1.051146041849194
2019-11-04,1.052045206467683
2019-11-05,1.0499361246043446
2019-11-06,1.0504195601034227
2019-11-07,1.0489958424030703
2019-11-08,1.0479351921200921
2019-11-11,1.047151290341953
2019-11-12,1.047299927977358
2019-11-13,1.0475329755045006
2019-11-14,1.049054152610632
2019-11-15,1.0519304886565595
2019-11-18,1.0529142488613075
2019-11-19,1.0530671527377375
2019-11-20,1.0516194067109415
2019-11-21,1.0505258652412168
2019-11-22,1.0516704331707674
2019-11-25,1.0551120519725932
2019-11-26,1.0571427826698643
2019-11-27,1.058101940359644
2019-11-29,1.0553704420164756
2019-12-02,1.0514387290942127
2019-12-03,1.0518070271612598
2019-12-04,1.0548049450512247
2019-12-05,1.0547650657978622
2019-12-06,1.0577755996192575
2019-12-09,1.0563436958566366
2019-12-10,1.0563297103420757
2019-12-11,1.0595208461999712
2019-12-12,1.0616924362856295
2019-12-13,1.064944740545421
2019-12-16,1.0687870329823144
2019-12-17,1.0680811987787522
2019-12-18,1.0679236957799023
2019-12-19,1.069167424593809
2019-12-20,1.070550834754325
2019-12-23,1.071179709064407
2019-12-24,1.0720093537450093
2019-12-26,1.075248945164562
2019-12-27,1.0764359064843063
2019-12-30,1.0740217878816538
2019-12-31,1.0753960954948996
2020-01-02,1.0800982234015701
2020-01-03,1.0773629189657512
2020-01-06,1.0778659169348659
2020-01-07,1.0765566667206234
2020-01-08,1.0766483181567248
2020-01-09,1.0789330123087641
2020-01-10,1.0785861675129966
2020-01-13,1.081357599645768
2020-01-14,1.0816396811099436
2020-01-15,1.0824448528990511
2020-01-16,1.0853876540989178
2020-01-17,1.0869497964519172
2020-01-21,1.0844916657413013
2020-01-22,1.0851177461131274
2020-01-23,1.0849734010890109
2020-01-24,1.0824174522363978
2020-01-27,1.0738278370971852
2020-01-28,1.0778462548428696
2020-01-29,1.0787621504232034
2020-01-30,1.078412108475993
2020-01-31,1.070852026906629
2020-02-03,1.0726538373762806
2020-02-04,1.079677934201453
2020-02-05,1.084149202900347
2020-02-06,1.0855650797303242
2020-02-07,1.0824915629341496
2020-02-10,1.0854587231757296
2020-02-11,1.0877846477918902
2020-02-12,1.0906702055255648
2020-02-13,1.0893866524258744
2020-02-14,1.0904858572348062
2020-02-18,1.0891533037485042
2020-02-19,1.0913310270264485
2020-02-20,1.0898289213990222
2020-02-21,1.087616410180084
2020-02-24,1.074106959842506
2020-02-25,1.0647728445819922
2020-02-26,1.0633937591970712
2020-02-27,1.0573414566046668
2020-02-28,1.0615108216953817
2020-03-02,1.072301830292223
2020-03-03,1.0754620368436572
2020-03-04,1.0868188453236807
2020-03-05,1.0854800428985958
2020-03-06,1.0891379698609112
2020-03-09,1.087898268679017
2020-03-10,1.0810361118998044
2020-03-11,1.0742077010951145
2020-03-12,1.0735995370263207
2020-03-13,1.0816164400363002
2020-03-16,1.086004817535613
2020-03-17,1.0813479939744193
2020-03-18,1.0778621772022534
2020-03-19,1.0840860991986578
2020-03-20,1.0923828843458125
2020-03-23,1.1023346265436142
2020-03-24,1.1022490913756082
2020-03-25,1.1033146014383273
2020-03-26,1.1041807845214573
2020-03-27,1.1055668335158992
2020-03-30,1.106395889904994
2020-03-31,1.1035315755604989
2020-04-01,1.1058162148495638
2020-04-02,1.1079674631588172
2020-04-03,1.1088100752338934
2020-04-06,1.110056972621451
2020-04-07,1.1082025887574194
2020-04-08,1.1109098693442279
2020-04-09,1.1164423522098974
2020-04-13,1.1153015994413757
2020-04-14,1.1180943829773717
2020-04-15,1.1207703753668679
2020-04-16,1.122440907442556
2020-04-17,1.1216598710285184
2020-04-20,1.121640667789969
2020-04-21,1.1213056934807413
2020-04-22,1.1228255247231145
2020-04-23,1.1239941933835529
2020-04-24,1.1244113299816656
2020-04-27,1.122265430295788
2020-04-28,1.1227832009260243
2020-04-29,1.1256678606574462
2020-04-30,1.1237436344360252
2020-05-01,1.1223945999986
2020-05-04,1.123442474951409
2020-05-05,1.124035832411589
2020-05-06,1.1220188479807396
2020-05-07,1.1253328001845593
2020-05-08,1.1247204924756733
2020-05-11,1.124116747629111
2020-05-12,1.124395528938941
2020-05-13,1.1250536350650355
2020-05-14,1.1275984961370982
2020-05-15,1.1289876860280428
2020-05-18,1.129414389900854
2020-05-19,1.130715099377159
2020-05-20,1.133292295595538
2020-05-21,1.1318171139662814
2020-05-22,1.132979123219257
2020-05-26,1.132858556904527
2020-05-27,1.1353979789249276
2020-05-28,1.135360738099919
2020-05-29,1.1380702005265495
2020-06-01,1.1407517441307806
2020-06-02,1.1429313873489837
2020-06-03,1.1467823443233283
2020-06-04,1.1452424172524873
2020-06-05,1.1520543106369814
2020-06-08,1.1584708873315077
2020-06-09,1.1546388265835206
2020-06-10,1.156713767702084
2020-06-11,1.1442657002384502
2020-06-12,1.1465984308065433
2020-06-15,1.1494641313145728
2020-06-16,1.152633521556172
2020-06-17,1.152490687063929
2020-06-18,1.1524085174743117
2020-06-19,1.1520825825041974
2020-06-22,1.154476607296176
2020-06-23,1.1568935120179367
2020-06-24,1.150744849848792
2020-06-25,1.1535087696489443
2020-06-26,1.1500301903181986
2020-06-29,1.1532738457600442
2020-06-30,1.1564119198824212
2020-07-01,1.1579981395656953
2020-07-02,1.1613856670793936
2020-07-06,1.1692362357737458
2020-07-07,1.1667820914916918
2020-07-08,1.1711915843004495
2020-07-09,1.1705412696627853
2020-07-10,1.1735769062880594
2020-07-13,1.1722159214821208
2020-07-14,1.1779743360516473
2020-07-15,1.1821622048364264
2020-07-16,1.180067831211013
2020-07-17,1.1828229919203723
2020-07-20,1.1867627404609555
2020-07-21,1.1910646299163536
2020-07-22,1.1948384139857156
2020-07-23,1.1920426466859797
2020-07-24,1.1908335223022777
2020-07-27,1.1977179998412855
2020-07-28,1.1955351192094101
2020-07-29,1.201292581332106
2020-07-30,1.197805695019501
2020-07-31,1.196305247513796
2020-08-03,1.2007252077220285
2020-08-04,1.206069613500128
2020-08-05,1.2094360205722847
2020-08-06,1.2131175701069483
2020-08-07,1.209742285341564
2020-08-10,1.2114717276550035
2020-08-11,1.205817992292322
2020-08-12,1.2113820646587283
2020-08-13,1.2102177487065464
2020-08-14,1.2085788857987683
2020-08-17,1.2141295139629942
2020-08-18,1.2159334862993243
2020-08-19,1.2118426403162994
2020-08-20,1.212658001608051
2020-08-21,1.2111847939861196
2020-08-24,1.2154021381748985
2020-08-25,1.2167786652361479
2020-08-26,1.2207523241648701
2020-08-27,1.2176372415268064
2020-08-28,1.2223542876300864
2020-08-31,1.2208361244773032
2020-09-01,1.224095027471256
2020-09-02,1.228968867395958
2020-09-03,1.2174217956297873
2020-09-04,1.2157013439435387
2020-09-08,1.2079573605717497
2020-09-09,1.2159721734196036
2020-09-10,1.2097575635297266
2020-09-11,1.213325074603536
2020-09-14,1.217980455679977
2020-09-15,1.2204227289716403
2020-09-16,1.2203363687122062
2020-09-17,1.2196467897187102
2020-09-18,1.2161638148872014
2020-09-21,1.2059791099943182
2020-09-22,1.2071142705387032
2020-09-23,1.1975445351324145
2020-09-24,1.1979915896250675
2020-09-25,1.2004522777265778
2020-09-28,1.2083812838999661
2020-09-29,1.2081994435101844
2020-09-30,1.2085481234346607
2020-10-01,1.2113588805924225
2020-10-02,1.2097326769516872
2020-10-05,1.2160712322404346
2020-10-06,1.2116227990557782
2020-10-07,1.2169119747454915
2020-10-08,1.221297898790914
2020-10-09,1.2262536232801136
2020-10-12,1.230237823033746
2020-10-13,1.2254771179633055
2020-10-14,1.224498275035874
2020-10-15,1.221929079363433
2020-10-16,1.222186527292913
2020-10-19,1.2188079332453037
2020-10-20,1.2217425287370582
2020-10-21,1.221298646403382
2020-10-22,1.2215296579674775
2020-10-23,1.2238193015999748
2020-10-26,1.2153600871972594
2020-10-27,1.2144073719038841
2020-10-28,1.2015854496888552
2020-10-29,1.203462600637759
2020-10-30,1.2006360593262941
2020-11-02,1.2064233907720243
2020-11-03,1.2152557475895664
2020-11-04,1.2234221876654934
2020-11-05,1.2339469448867357
2020-11-06,1.2344794678724151
2020-11-09,1.2407043343445712
2020-11-10,1.243229682703964
2020-11-11,1.2457753895299055
2020-11-12,1.2410108214161968
2020-11-13,1.2477987773794044
2020-11-16,1.2545538682563935
2020-11-17,1.2544248987359838
2020-11-18,1.2514445469839393
2020-11-19,1.2542222195943469
2020-11-20,1.2543047398791076
2020-11-23,1.2550641188379894
2020-11-24,1.2620129400848406
2020-11-25,1.2615787323295038
2020-11-27,1.2640605234475712
2020-11-30,1.258294651239056
2020-12-01,1.266766409969976
2020-12-02,1.2673225236499335
2020-12-03,1.269588543092317
2020-12-04,1.2735688524072954
2020-12-07,1.2727396057010532
2020-12-08,1.273870542318541
2020-12-09,1.2715698701395783
2020-12-10,1.2740083006660718
2020-12-11,1.2721376895533283
2020-12-14,1.271537586232972
2020-12-15,1.278045960188099
2020-12-16,1.2798071197015048
2020-12-17,1.2842912894978267
2020-12-18,1.2820824653915783
2020-12-21,1.2768145936792343
2020-12-22,1.2740221484692436
2020-12-23,1.2785778429271193
2020-12-24,1.2805638499572398
2020-12-28,1.2832089362655812
2020-12-29,1.284278637128129
2020-12-30,1.2866273109629713
2020-12-31,1.2862778596461086
2021-01-04,1.2856283942488769
2021-01-05,1.291731660642513
2021-01-06,1.2948827382923913
2021-01-07,1.297930683635905
2021-01-08,1.2993983400657219
2021-01-11,1.2924037217482933
2021-01-12,1.2964689749211442
2021-01-13,1.296633385697312
2021-01-14,1.299178468630519
2021-01-15,1.2913753894307023
2021-01-19,1.2958732154710753
2021-01-20,1.301684586745194
2021-01-21,1.3015113673639604
2021-01-22,1.2977929012261602
2021-01-25,1.2985221243842535
2021-01-26,1.298510748044093
2021-01-27,1.2851044487769663
2021-01-28,1.2902519561845427
2021-01-29,1.2798918198086866
2021-02-01,1.2885779800729766
2021-02-02,1.2940174275214436
2021-02-03,1.2961600030317961
2021-02-04,1.2985123810049037
2021-02-05,1.303932903091507
2021-02-08,1.3087222955327626
2021-02-09,1.310854640121986
2021-02-10,1.3106202290878302
2021-02-11,1.3129556052349334
2021-02-12,1.316298134363968
2021-02-16,1.3185372861852223
2021-02-17,1.3176228118997566
2021-02-18,1.315031614900352
2021-02-19,1.317034852789909
2021-02-22,1.316028996115247
2021-02-23,1.3177217503775605
2021-02-24,1.3230848490957903
2021-02-25,1.3012835850127777
2021-02-26,1.2925149049539173
2021-03-01,1.3036682429706592
2021-03-02,1.3029807159929991
2021-03-03,1.2947576920719759
2021-03-04,1.2822640865162984
2021-03-05,1.2953543642783822
2021-03-08,1.2898366710025952
2021-03-09,1.3015299020681526
2021-03-10,1.3085014157643085
2021-03-11,1.3213117398307281
2021-03-12,1.3213908642905419
2021-03-15,1.3249550841382909
2021-03-16,1.3230795601054401
2021-03-17,1.3256794375482248
2021-03-18,1.3080147774196136
2021-03-19,1.3125058455284222
2021-03-22,1.3155204552601527
2021-03-23,1.3007666535378795
2021-03-24,1.2984113973983564
2021-03-25,1.3009005033437706
2021-03-26,1.3091231783674648
2021-03-29,1.30684828380527
2021-03-30,1.3047927900470508
2021-03-31,1.3060125195902987
2021-04-01,1.3184738409655314
2021-04-05,1.3314377060221778
2021-04-06,1.3289455172982967
2021-04-07,1.3289702276716375
2021-04-08,1.3314142706362155
2021-04-09,1.332257205091
2021-04-12,1.3295254216273549
2021-04-13,1.33488755559288
2021-04-14,1.3373985293195152
2021-04-15,1.3424604800483224
2021-04-16,1.3469864340044775
2021-04-19,1.3452256522739872
2021-04-20,1.3392632753198177
2021-04-21,1.344156634463288
2021-04-22,1.340750060978331
2021-04-23,1.351447024277292
2021-04-26,1.3550473191274217
2021-04-27,1.3536093257566426
2021-04-28,1.3579102223183972
2021-04-29,1.3592084126630168
2021-04-30,1.3534723977996015
2021-05-03,1.3575919797647333
2021-05-04,1.3528108971601747
2021-05-05,1.3559996638080478
2021-05-06,1.3604746687017057
2021-05-07,1.366955160137014
2021-05-10,1.3633937576196387
2021-05-11,1.3585300979351456
2021-05-12,1.3475354469328595
2021-05-13,1.3513359207625495
2021-05-14,1.359171646970914
2021-05-17,1.3593588107159857
2021-05-18,1.359570111658961
2021-05-19,1.3547087516409848
2021-05-20,1.3604132545872465
2021-05-21,1.3598393449934114
2021-05-24,1.3647504983864083
2021-05-25,1.3643094012218822
2021-05-26,1.365199961901856
2021-05-27,1.3670452170672573
2021-05-28,1.3684403914174803
2021-06-01,1.3715499964854663
2021-06-02,1.3733224754559086
2021-06-03,1.369537172410467
2021-06-04,1.374630899585262
2021-06-07,1.3750895371639684
2021-06-08,1.3752425149455858
2021-06-09,1.3738039357638978
2021-06-10,1.3764545702344406
2021-06-11,1.3767200445974903
2021-06-14,1.3768535293004782
2021-06-15,1.3755802379870035
2021-06-16,1.3661479064351203
2021-06-17,1.3606183176807516
2021-06-18,1.3461544543079575
2021-06-21,1.3589338858265136
2021-06-22,1.3613085430770566
2021-06-23,1.3591412677722445
2021-06-24,1.3670267034173316
2021-06-25,1.3704636830813006
2021-06-28,1.3688026872974484
2021-06-29,1.3686302751132313
2021-06-30,1.367076031743359
2021-07-01,1.3704095093929656
2021-07-02,1.3753911408919173
2021-07-06,1.3709800318306125
2021-07-07,1.3740853586744517
2021-07-08,1.3689739701965344
2021-07-09,1.379465144540679
2021-07-12,1.3821568931719856
2021-07-13,1.3774999295343282
2021-07-14,1.379215832063793
2021-07-15,1.3765160837702277
2021-07-16,1.370855602363984
2021-07-19,1.3633474891477062
2021-07-20,1.3686260125523588
2021-07-21,1.37242815661792
2021-07-22,1.3740208795469895
2021-07-23,1.3770528437859975
2021-07-26,1.3775622742592064
2021-07-27,1.3765290344997438
2021-07-28,1.3780997237482449
2021-07-29,1.3808226692377308
2021-07-30,1.378642461522184
2021-08-02,1.379657367587468
2021-08-03,1.3825885198709447
2021-08-04,1.3802934253574366
2021-08-05,1.3820585871042503
2021-08-06,1.3781766899873824
2021-08-09,1.3749144729362341
2021-08-10,1.3766825689850322
2021-08-11,1.3815033010390412
2021-08-12,1.3811507749146392
2021-08-13,1.3845761171449031
2021-08-16,1.3835387327902477
2021-08-17,1.375821677955187
2021-08-18,1.3712408076736702
2021-08-19,1.3681185475673467
2021-08-20,1.3711162833092365
2021-08-23,1.3784056247779422
2021-08-24,1.38097207733292
2021-08-25,1.3821265569211403
2021-08-26,1.3781034326162231
2021-08-27,1.3840520869322939
2021-08-30,1.3855652440144361
2021-08-31,1.3848374684633913
2021-09-01,1.3871489802893713
2021-09-02,1.3897510225632628
2021-09-03,1.3898234403530687
2021-09-07,1.3845735959803496
2021-09-08,1.3833427127011877
2021-09-09,1.3835884588303666
2021-09-10,1.3795593201619172
2021-09-13,1.3822076026913561
2021-09-14,1.3806348703065532
2021-09-15,1.3833968502505622
2021-09-16,1.3796971337450832
2021-09-17,1.3704038401838499
2021-09-20,1.359258617500011
2021-09-21,1.3606232199389348
2021-09-22,1.3666706395928796
2021-09-23,1.3734403395414376
2021-09-24,1.3697947274037992
2021-09-27,1.3704194704203072
2021-09-28,1.3509161737775104
2021-09-29,1.3506672318862838
2021-09-30,1.343884456802586
2021-10-01,1.3509828889448976
2021-10-04,1.3458715494489217
2021-10-05,1.3525035591498284
2021-10-06,1.3513357096741498
2021-10-07,1.359182973600588
2021-10-08,1.357730822937584
2021-10-11,1.3531388741833092
2021-10-12,1.3555311466749878
2021-10-13,1.3630037032024658
2021-10-14,1.3749720372301268
2021-10-15,1.3805165427958896
2021-10-18,1.3783437317033096
2021-10-19,1.3833506616728157
2021-10-20,1.3886200551657872
2021-10-21,1.3853787383065452
2021-10-22,1.387170378492975
2021-10-25,1.3910704478786797
2021-10-26,1.3929997205488838
2021-10-27,1.3891328550627593
2021-10-28,1.395525496552973
2021-10-29,1.392145979686947
2021-11-01,1.3957400949509118
2021-11-02,1.3972642811479188
2021-11-03,1.401287910801361
2021-11-04,1.402531247261945
2021-11-05,1.4084387392431565
2021-11-08,1.4087046315598044
2021-11-09,1.4081319406333235
2021-11-10,1.3984208179260544
2021-11-11,1.400091562328671
2021-11-12,1.4035518583284121
2021-11-15,1.4024616485583714
2021-11-16,1.401918347373173
2021-11-17,1.3994000832089275
2021-11-18,1.400203098814574
2021-11-19,1.3964599466566578
2021-11-22,1.3915850629999438
2021-11-23,1.3932700643151905
2021-11-24,1.3941573374162233
2021-11-26,1.3769506279836303
2021-11-29,1.382461219428558
2021-11-30,1.3684523339988508
2021-12-01,1.361539885832101
2021-12-02,1.3731754656292772
2021-12-03,1.3726230098909664
2021-12-06,1.3808177843848946
2021-12-07,1.3946445957800162
2021-12-08,1.394562378357093
2021-12-09,1.3886905743326363
2021-12-10,1.3935662978882806
2021-12-13,1.391455298691069
2021-12-14,1.386291144551696
2021-12-15,1.3950548833523266
2021-12-16,1.3950521288647313
2021-12-17,1.3898069384778966
2021-12-20,1.3823295423424946
2021-12-21,1.3935262831003505
2021-12-22,1.401846638126977
2021-12-23,1.4059019590916462
2021-12-27,1.4152480187492422
2021-12-28,1.4153086547326603
2021-12-29,1.4151226751754025
2021-12-30,1.4149993873272542
2021-12-31,1.4146316534167238
2022-01-03,1.4176526931553919
2022-01-04,1.4212922227770872
2022-01-05,1.4077225808474012
2022-01-06,1.4071759383402
2022-01-07,1.406092592313578
2022-01-10,1.401788422139977
2022-01-11,1.413343726491192
2022-01-12,1.4208263420915919
2022-01-13,1.4114980789832827
2022-01-14,1.4110751954444547
2022-01-18,1.3976373524734018
2022-01-19,1.3935224894898224
2022-01-20,1.3851679215599115
2022-01-21,1.372593385638735
2022-01-24,1.3727192559929382
2022-01-25,1.373887248781258
2022-01-26,1.370558899530627
2022-01-27,1.3786877861224172
2022-01-28,1.3961533013856262
2022-01-31,1.4106415538875388
2022-02-01,1.4180526530347988
2022-02-02,1.428454630474764
2022-02-03,1.4115102749489292
2022-02-04,1.4119530679903725
2022-02-07,1.4122124906184697
2022-02-08,1.4177023393062231
2022-02-09,1.4330000444355626
2022-02-10,1.4192675487470687
2022-02-11,1.4204995260077726
2022-02-14,1.4176576644372836
2022-02-15,1.4260729077448038
2022-02-16,1.4299855015615976
2022-02-17,1.4263005686443953
2022-02-18,1.4261282899203525
2022-02-22,1.4252599962480517
2022-02-23,1.4266319863998151
2022-02-24,1.418852016604152
2022-02-25,1.4380278914004494
2022-02-28,1.4392343783520742
2022-03-01,1.4515858317798525
2022-03-02,1.471183394553389
2022-03-03,1.4754070779413855
2022-03-04,1.4970564412883305
2022-03-07,1.500111618002116
2022-03-08,1.5018631414451726
2022-03-09,1.4698727041517936
2022-03-10,1.47642772210006
2022-03-11,1.478129180160642
2022-03-14,1.4549228947160355
2022-03-15,1.4516384283783559
2022-03-16,1.4631247381864432
2022-03-17,1.4840693140036414
2022-03-18,1.4889923450678364
2022-03-21,1.5002581757284
2022-03-22,1.5067702351720158
2022-03-23,1.5062635761486793
2022-03-24,1.5181335003395577
2022-03-25,1.527677013649869
2022-03-28,1.5245174690429228
2022-03-29,1.5350538457467626
2022-03-30,1.5351959117378577
2022-03-31,1.5212969333002182
2022-04-01,1.5288714398083179
2022-04-04,1.5356373342384813
2022-04-05,1.5281289852274302
2022-04-06,1.5281477042430507
2022-04-07,1.5345863404736715
2022-04-08,1.5395814947096065
2022-04-11,1.5299856133623682
2022-04-12,1.5374169005734195
2022-04-13,1.5481913932018443
2022-04-14,1.5486413398518062
2022-04-18,1.5516350374730816
2022-04-19,1.5502390261912966
2022-04-20,1.5562253872047327
2022-04-21,1.5429577509567083
2022-04-22,1.5125213715399435
2022-04-25,1.5042917770802873
2022-04-26,1.4978830664612848
2022-04-27,1.5050420363758954
2022-04-28,1.519338119424328
2022-04-29,1.4996732935378427
2022-05-02,1.4979168658565203
2022-05-03,1.5000851857134072
2022-05-04,1.5278337561885218
2022-05-05,1.5176012067390265
2022-05-06,1.5183625674336272
2022-05-09,1.4883521649677507
2022-05-10,1.4837252384492705
2022-05-11,1.4971747085099734
2022-05-12,1.5023205480082433
2022-05-13,1.5169464637173526
2022-05-16,1.5272334101533669
2022-05-17,1.5254440782242984
2022-05-18,1.5129830694589286
2022-05-19,1.5183495520359178
2022-05-20,1.5242356725457447
2022-05-23,1.5358251725072964
2022-05-24,1.5389135350873735
2022-05-25,1.5431551701138775
2022-05-26,1.5500607929143038
2022-05-27,1.564310992573338
2022-05-31,1.5525815445497737
2022-06-01,1.5603529747518845
2022-06-02,1.5777193645604717
2022-06-03,1.5709346021009878
2022-06-06,1.5762065595910109
2022-06-07,1.582476859421334
2022-06-08,1.5727533040245858
2022-06-09,1.5667767375838366
2022-06-10,1.5640861881250618
2022-06-13,1.5594979162922145
2022-06-14,1.5425136184693733
2022-06-15,1.5316013625284526
2022-06-16,1.5212326329594918
2022-06-17,1.4996387429817966
2022-06-21,1.5045808310505226
2022-06-22,1.4869063859019307
2022-06-23,1.466615083673801
2022-06-24,1.4761416641821095
2022-06-27,1.4855004282716786
2022-06-28,1.4986095160490962
2022-06-29,1.4901078287339242
2022-06-30,1.4779673533260844
2022-07-01,1.4935175749344043
2022-07-05,1.465091743092327
2022-07-06,1.464317186873833
2022-07-07,1.489026170294068
2022-07-08,1.4919709909607708
2022-07-11,1.5044210327266827
2022-07-12,1.481174039194996
2022-07-13,1.483678429850492
2022-07-14,1.484506083003676
2022-07-15,1.491301632465213
2022-07-18,1.497878266561264
2022-07-19,1.5011400287314796
2022-07-20,1.5100926295746566
2022-07-21,1.4974120870432157
2022-07-22,1.49817272824931
2022-07-25,1.5133392233093403
2022-07-26,1.5189801768143028
2022-07-27,1.5253287713501118
2022-07-28,1.5348696615257404
2022-07-29,1.5389750740182746
2022-08-01,1.5300203109136956
2022-08-02,1.5269690072623536
2022-08-03,1.5297640302366693
2022-08-04,1.516078108998577
2022-08-05,1.5209229307601135
2022-08-08,1.5263024352023238
2022-08-09,1.5322245741708511
2022-08-10,1.5394698813740042
2022-08-11,1.5468436277308928
2022-08-12,1.560227119693687
2022-08-15,1.5642487390797735
2022-08-16,1.5654558266054388
2022-08-17,1.563658518464054
2022-08-18,1.5744413260118342
2022-08-19,1.5728167939341982
2022-08-22,1.575466673458982
2022-08-23,1.5820427882095272
2022-08-24,1.5879623664445743
2022-08-25,1.5903452477194733
2022-08-26,1.5797062727716698
2022-08-29,1.5888441050860538
2022-08-30,1.5637954584595997
2022-08-31,1.5502508030054238
2022-09-01,1.5492447269958667
2022-09-02,1.5510980126179308
2022-09-06,1.544335661597355
2022-09-07,1.5460187920940867
2022-09-08,1.549425099119347
2022-09-09,1.5606777409521577
2022-09-12,1.5711319449558203
2022-09-13,1.5615127801818607
2022-09-14,1.5734451004877994
2022-09-15,1.550852448754417
2022-09-16,1.5398760673766225
2022-09-19,1.552473020637295
2022-09-20,1.5498725901935122
2022-09-21,1.5499841159318752
2022-09-22,1.549809440163569
2022-09-23,1.5462462961956316
2022-09-26,1.5622626608483825
2022-09-27,1.5580317511203674
2022-09-28,1.5576026822604825
2022-09-29,1.5510054849536417
2022-09-30,1.5487858554184992
2022-10-03,1.5758002666133744
2022-10-04,1.5774842688617605
2022-10-05,1.5962440061803815
2022-10-06,1.6104614989347046
2022-10-07,1.613275341626544
2022-10-10,1.607371123295373
2022-10-11,1.599284175319452
2022-10-12,1.5989080744382769
2022-10-13,1.6097165825893318
2022-10-14,1.607079330751417
2022-10-17,1.6043643893435602
2022-10-18,1.6129233318659364
2022-10-19,1.629852383835481
2022-10-20,1.6356767430115953
2022-10-21,1.6436896380330048
2022-10-24,1.6290042441593948
2022-10-25,1.6188460245599707
2022-10-26,1.6163946645171607
2022-10-27,1.627776440430837
2022-10-28,1.643500854194675
2022-10-31,1.6563989401366401
2022-11-01,1.6603312373722123
2022-11-02,1.64607521106875
2022-11-03,1.6610605230647322
2022-11-04,1.6716312729954397
2022-11-07,1.6674344088885702
2022-11-08,1.66739704120499
2022-11-09,1.6511869921074185
2022-11-10,1.687525427364525
2022-11-11,1.6995687010634906
2022-11-14,1.6974333553140564
2022-11-15,1.700928830436971
2022-11-16,1.6954364093329237
2022-11-17,1.6949486829482665
2022-11-18,1.703566207663103
2022-11-21,1.70566881566392
2022-11-22,1.7227085421445703
2022-11-23,1.7325432516119543
2022-11-25,1.7385997095097143
2022-11-28,1.7195670402235421
2022-11-29,1.7253227322565732
2022-11-30,1.7575108177479075
2022-12-01,1.7642662254740835
2022-12-02,1.765601041453741
2022-12-05,1.7432922470607195
2022-12-06,1.7339138709696562
2022-12-07,1.7367047756757803
2022-12-08,1.7420535446424843
2022-12-09,1.737985119004666
2022-12-12,1.747198228011775
2022-12-13,1.7659721287055208
2022-12-14,1.7637825426211233
2022-12-15,1.7326625445404742
2022-12-16,1.72070682456212
2022-12-19,1.716846925670518
2022-12-20,1.7299245473034885
2022-12-21,1.744657760525869
2022-12-22,1.7304919384362936
2022-12-23,1.7386574185733323
2022-12-27,1.7435133061777894
2022-12-28,1.726380708034331
2022-12-29,1.7473100428121868
2022-12-30,1.7389770062542367
2023-01-03,1.7438792932455884
2023-01-04,1.764854204616747
2023-01-05,1.7535984866940435
2023-01-06,1.7832327521254632
2023-01-09,1.7884275240861076
2023-01-10,1.7922346550197394
2023-01-11,1.8021909053650427
2023-01-12,1.8151974199258032
2023-01-13,1.8182641113178777
2023-01-17,1.8172656192390013
2023-01-18,1.8151284065375666
2023-01-19,1.8142690425299122
2023-01-20,1.8224107240485234
2023-01-23,1.82658003476502
2023-01-24,1.828894455417862
2023-01-25,1.8331569459506973
2023-01-26,1.8376668331234296
2023-01-27,1.834911596038963
2023-01-30,1.8232337687479498
2023-01-31,1.8362650137253769
2023-02-01,1.8498990576153058
2023-02-02,1.8529638112305553
2023-02-03,1.8325226711902425
2023-02-06,1.8184095750107245
2023-02-07,1.8289836581962144
2023-02-08,1.8225944874146245
2023-02-09,1.8149974754203109
2023-02-10,1.8114235441940698
2023-02-13,1.8238183979685236
2023-02-14,1.8232650586616441
2023-02-15,1.8171725534851193
2023-02-16,1.8052326226708681
2023-02-17,1.806389210172902
2023-02-21,1.785753145875896
2023-02-22,1.779514063253955
2023-02-23,1.7884978845999275
2023-02-24,1.7704529335599495
2023-02-27,1.782786904080168
2023-02-28,1.7774419929820664
2023-03-01,1.7867065401185451
2023-03-02,1.7906097514161672
2023-03-03,1.8130413122882132
2023-03-06,1.8102876556137715
2023-03-07,1.7848632750570386
2023-03-08,1.7891207959976574
2023-03-09,1.7727231892113762
2023-03-10,1.7704479556824753
2023-03-13,1.7781650772550244
2023-03-14,1.7846254478664163
2023-03-15,1.775567052389196
2023-03-16,1.785247600006793
2023-03-17,1.7844573570003166
2023-03-20,1.7925146917911643
2023-03-21,1.8008859862794027
2023-03-22,1.8033127158494688
2023-03-23,1.808726730020516
2023-03-24,1.8080722136263003
2023-03-27,1.806788178711848
2023-03-28,1.8080069047907321
2023-03-29,1.81959124012508
2023-03-30,1.8305815522644426
2023-03-31,1.8411518751109663
2023-04-03,1.849870996806918
2023-04-04,1.850790122080131
2023-04-05,1.8478917349848656
2023-04-06,1.85088116105873
2023-04-10,1.8469628537550262
2023-04-11,1.853135011872926
2023-04-12,1.8568127274388286
2023-04-13,1.8702207332444256
2023-04-14,1.8623480740756369
2023-04-17,1.8593574429344784
2023-04-18,1.862508146556727
2023-04-19,1.8576384945227413
2023-04-20,1.857766825430756
2023-04-21,1.857609372703041
2023-04-24,1.8627041825810045
2023-04-25,1.8525335694758298
2023-04-26,1.847709480132418
2023-04-27,1.8600576817496082
2023-04-28,1.8681546015077344
2023-05-01,1.861276570367318
2023-05-02,1.8592720216973475
2023-05-03,1.8608551750440137
2023-05-04,1.8588204992054127
2023-05-05,1.8717677774824475
2023-05-08,1.8689170375351623
2023-05-09,1.8640063179111694
2023-05-10,1.869039958559862
2023-05-11,1.8646991192878397
2023-05-12,1.8591875360228973
2023-05-15,1.8659069391466574
2023-05-16,1.8545497728277973
2023-05-17,1.861596953314947
2023-05-18,1.859957563581577
2023-05-19,1.8624079950526689
2023-05-22,1.862345990206154
2023-05-23,1.8504355724497454
2023-05-24,1.8378975986476662
2023-05-25,1.8365570552584725
2023-05-26,1.8492082741009217
2023-05-30,1.8484538949346305
2023-05-31,1.8429625365332964
2023-06-01,1.8590020943421224
2023-06-02,1.8709031789954658
2023-06-05,1.8674375144571418
2023-06-06,1.8739543958025189
2023-06-07,1.8675652206463291
2023-06-08,1.8797632091327199
2023-06-09,1.8789460110384129
2023-06-12,1.8851538816152213
2023-06-13,1.891248249739971
2023-06-14,1.8954751416864184
2023-06-15,1.9106487353615513
2023-06-16,1.9067524284731034
2023-06-20,1.8965931726464678
2023-06-21,1.8954673275206144
2023-06-22,1.8894377721379199
2023-06-23,1.8785168842600004
2023-06-26,1.8802228378661623
2023-06-27,1.8879407917061815
2023-06-28,1.8883861481786937
2023-06-29,1.8865153675600175
2023-06-30,1.900583484977115
2023-07-03,1.9027150853103811
2023-07-05,1.8934440408748692
2023-07-06,1.8749461283142437
2023-07-07,1.8828634101261053
2023-07-10,1.8878330999255342
2023-07-11,1.8996968207671918
2023-07-12,1.9215375956007088
2023-07-13,1.9390904640326705
2023-07-14,1.9312482768964212
2023-07-17,1.932868975906827
2023-07-18,1.9395252950680297
2023-07-19,1.9424734450698988
2023-07-20,1.9351124716805743
2023-07-21,1.9374496093000317
2023-07-24,1.939706736636128
2023-07-25,1.9430342579812598
2023-07-26,1.947340798424238
2023-07-27,1.9333671191742914
2023-07-28,1.9466047501058286
2023-07-31,1.949118454091608
2023-08-01,1.9364380772776326
2023-08-02,1.915625144007299
2023-08-03,1.9127220300496017
2023-08-04,1.9156368146085572
2023-08-07,1.9235590921028445
2023-08-08,1.918172657593753
2023-08-09,1.9171444545202345
2023-08-10,1.9172118233856297
2023-08-11,1.9128271637990737
2023-08-14,1.9103593229532465
2023-08-15,1.8954146995402767
2023-08-16,1.8853261577240046
2023-08-17,1.878854736492529
2023-08-18,1.8800992986396385
2023-08-21,1.884625982256557
2023-08-22,1.8838213330117877
2023-08-23,1.8976464689325028
2023-08-24,1.8839875553791376
2023-08-25,1.8916763345214025
2023-08-28,1.9014241316790228
2023-08-29,1.9194207531109768
2023-08-30,1.9210083671841651
2023-08-31,1.916849421001546
2023-09-01,1.9214088344076916
2023-09-05,1.9117765788361152
2023-09-06,1.9058964507006642
2023-09-07,1.9030761097182494
2023-09-08,1.9039221541485558
2023-09-11,1.9141967640226591
2023-09-12,1.9109492430256432
2023-09-13,1.9115382164525363
2023-09-14,1.926753158107848
2023-09-15,1.9183697051119033
2023-09-18,1.9167498739183968
2023-09-19,1.9140186883699628
2023-09-20,1.9071649900031056
2023-09-21,1.889217488399048
2023-09-22,1.8902766788521261
2023-09-25,1.892480812350108
2023-09-26,1.8803495887862334
2023-09-27,1.8837799806525009
2023-09-28,1.8894300531694426
2023-09-29,1.8851294584043257
2023-10-02,1.8806158032312013
2023-10-03,1.868569728702175
2023-10-04,1.867140483888648
2023-10-05,1.8669017456056267
2023-10-06,1.8762223300290852
2023-10-09,1.8881472946268651
2023-10-10,1.89498764969679
2023-10-11,1.8966895952128022
2023-10-12,1.890482314966906
2023-10-13,1.8895157602556207
2023-10-16,1.897612177756064
2023-10-17,1.8979179635617882
2023-10-18,1.8894815167038392
2023-10-19,1.8887584389541467
2023-10-20,1.880281789092401
2023-10-23,1.8754169763188095
2023-10-24,1.879815932932196
2023-10-25,1.8757205161751693
2023-10-26,1.8723766705767715
2023-10-27,1.8741769762811626
2023-10-30,1.8706307157932032
2023-10-31,1.8744489284754267
2023-11-01,1.8858117410987514
2023-11-02,1.9052866912102362
2023-11-03,1.91721232265582
2023-11-06,1.9152450674458084
2023-11-07,1.9142760431033015
2023-11-08,1.9109627834285265
2023-11-09,1.9040208955211344
2023-11-10,1.9201029187986367
2023-11-13,1.9206808828246278
2023-11-14,1.9481028301617522
2023-11-15,1.948726218978196
2023-11-16,1.950944183446293
2023-11-17,1.9617637051269554
2023-11-20,1.9696565339568741
2023-11-21,1.9679372891670843
2023-11-22,1.9692751200277077
2023-11-24,1.9753287826346637
2023-11-27,1.9740518162829916
2023-11-28,1.981041485455179
2023-11-29,1.9855317695954935
2023-11-30,1.9849978241434645
2023-12-01,2.0015411934002447
2023-12-04,1.9901452149659893
2023-12-05,1.9890705499065184
2023-12-06,1.9897136016066435
2023-12-07,1.9966522027319398
2023-12-08,1.9960708277613155
2023-12-11,1.9991286683910774
2023-12-12,2.0023725552650884
2023-12-13,2.030730415387373
2023-12-14,2.0466663293452183
2023-12-15,2.036502748768287
2023-12-18,2.039285360763638
2023-12-19,2.050489650879398
2023-12-20,2.036805352719544
2023-12-21,2.0535106163456205
2023-12-22,2.0561262531775024
2023-12-26,2.0639226216546427
2023-12-27,2.073290665426893
2023-12-28,2.0701032681889155
2023-12-29,2.067516961046206
2024-01-02,2.0565030340879455
2024-01-03,2.046755714881186
2024-01-04,2.043364614026254
2024-01-05,2.0437069431738357
2024-01-08,2.0574757094137675
2024-01-09,2.049623810739276
2024-01-10,2.0533365211806047
2024-01-11,2.0551824689583325
2024-01-12,2.0597288018933124
2024-01-16,2.0411686569612852
2024-01-17,2.0293082444083312
2024-01-18,2.0375750197515825
2024-01-19,2.0456718748813882
2024-01-22,2.048727064892502
2024-01-23,2.049551661708273
2024-01-24,2.05215543958283
2024-01-25,2.0612405151298043
2024-01-26,2.0636918491837815
2024-01-29,2.071720000965393
2024-01-30,2.071819725937042
2024-01-31,2.061918704608807
2024-02-01,2.0778025803818854
2024-02-02,2.0707901891414613
2024-02-05,2.059781030808389
2024-02-06,2.072286153123912
2024-02-07,2.074501715482103
2024-02-08,2.073729051000307
2024-02-09,2.0767221546878223
2024-02-12,2.0794912096920317
2024-02-13,2.053442965211034
2024-02-14,2.068454318617779
2024-02-15,2.082814345860806
2024-02-16,2.080393461286123
2024-02-20,2.081985886333807
2024-02-21,2.0825812445343708
2024-02-22,2.0975959903622083
2024-02-23,2.099035014822084
2024-02-26,2.0955365161372304
2024-02-27,2.098041342254097
2024-02-28,2.093792002992801
2024-02-29,2.098752681683269
2024-03-01,2.112739974013459
2024-03-04,2.1113709631347124
2024-03-05,2.1072424013554807
2024-03-06,2.1199054392183
2024-03-07,2.132837647660717
2024-03-08,2.12914667638665
2024-03-11,2.127259328616578
2024-03-12,2.133390713696289
2024-03-13,2.13497704978873
2024-03-14,2.125351600106966
2024-03-15,2.122974161224823
2024-03-18,2.126015351822127
2024-03-19,2.1308241896820177
2024-03-20,2.1442372886568335
2024-03-21,2.1457441787865332
2024-03-22,2.141803076098695
2024-03-25,2.1408293612245948
2024-03-26,2.139020087820651
2024-03-27,2.153194667273143
2024-03-28,2.154386939978736
2024-04-01,2.148550373294014
2024-04-02,2.143786342424162
2024-04-03,2.150616995623799
2024-04-04,2.1418146506996143
2024-04-05,2.1480745726023733
2024-04-08,2.153224416286606
2024-04-09,2.157726376957434
2024-04-10,2.1363007838743124
2024-04-11,2.140473112183053
2024-04-12,2.1226738208755886
2024-04-15,2.113716557477149
2024-04-16,2.101511373297747
2024-04-17,2.102281931496962
2024-04-18,2.1012622057361265
2024-04-19,2.101678244241323
2024-04-22,2.1110418192625735
2024-04-23,2.1236756724584254
2024-04-24,2.1212114156676165
2024-04-25,2.1173493867186477
2024-04-26,2.1267613784546255
2024-04-29,2.1352483749840054
2024-04-30,2.1130071477964174
2024-05-01,2.1128438707741566
2024-05-02,2.128711871648956
2024-05-03,2.141552217144581
2024-05-06,2.1522438709183502
2024-05-07,2.1552016994237047
2024-05-08,2.1532652216118473
2024-05-09,2.163697936093355
2024-05-10,2.1636807941489464
2024-05-13,2.164647032890703
2024-05-14,2.172232713272048
2024-05-15,2.189108084848643
2024-05-16,2.1854364616018453
2024-05-17,2.191182401160465
2024-05-20,2.190627345423761
2024-05-21,2.1910679811956917
2024-05-22,2.1801910116904506
2024-05-23,2.166898697988856
2024-05-24,2.1770493782783906
2024-05-28,2.1765951941346273
2024-05-29,2.158973235545548
2024-05-30,2.1639233072441386
2024-05-31,2.1745968870035344
2024-06-03,2.178580907897682
2024-06-04,2.1753945321448187
2024-06-05,2.1869869891051055
2024-06-06,2.1900930127239913
2024-06-07,2.1733544261407585
2024-06-10,2.1779336496542583
2024-06-11,2.173700470703343
2024-06-12,2.1863929356173353
2024-06-13,2.180322269650696
2024-06-14,2.1753457629870563
2024-06-17,2.1803654537843977
2024-06-18,2.187142457232664
2024-06-20,2.188643975519696
2024-06-21,2.183199007021851
2024-06-24,2.189764100986245
2024-06-25,2.187760015707314
2024-06-26,2.181042196663533
2024-06-27,2.1850246324559026
2024-06-28,2.1820340871442188
2024-07-01,2.180690598715792
2024-07-02,2.1871703522951726
2024-07-03,2.2008620363251064
2024-07-05,2.2111412879004253
2024-07-08,2.2075863396382576
2024-07-09,2.204322313840721
2024-07-10,2.2178988286746106
2024-07-11,2.225402133485373
2024-07-12,2.2354652979932363
2024-07-15,2.229813681640008
2024-07-16,2.2414834439003073
2024-07-17,2.233140460274827
2024-07-18,2.2200640216885
2024-07-19,2.209647520833708
2024-07-22,2.219376705045337
2024-07-23,2.214128685677602
2024-07-24,2.1963896205797466
2024-07-25,2.1927825296666392
2024-07-26,2.209525967684435
2024-07-29,2.2069062582429075
2024-07-30,2.208964568237501
2024-07-31,2.2282096392403763
2024-08-01,2.209992531628691
2024-08-02,2.199491239777905
2024-08-05,2.16898039947435
2024-08-06,2.173989333938187
2024-08-07,2.173333941848402
2024-08-08,2.194946351597758
2024-08-09,2.2020731015458033
2024-08-12,2.203930941112173
2024-08-13,2.2218697361602673
2024-08-14,2.225235380373047
2024-08-15,2.2382524005647246
2024-08-16,2.2459713964102965
2024-08-19,2.2591359738007735
2024-08-20,2.2567526590819167
2024-08-21,2.266689909682072
2024-08-22,2.255612078254455
2024-08-23,2.2800075489508225
2024-08-26,2.278078244450511
2024-08-27,2.2809891973892835
2024-08-28,2.2727961551923355
2024-08-29,2.274946721866374
2024-08-30,2.2802558529023833
2024-09-03,2.260834462816275
2024-09-04,2.2632826533153634
2024-09-05,2.2648824059723425
2024-09-06,2.2461225729843712
2024-09-09,2.259685804134114
2024-09-10,2.2606611691862653
2024-09-11,2.2673317092384817
2024-09-12,2.279502954625228
2024-09-13,2.2890599484752876
2024-09-16,2.299093289443935
2024-09-17,2.2943288023718496
2024-09-18,2.2884125189121938
2024-09-19,2.310585214285517
2024-09-20,2.3045237819821254
2024-09-23,2.3093934329075316
2024-09-24,2.3212102821657457
2024-09-25,2.3115348223467174
2024-09-26,2.3297144113767176
2024-09-27,2.329906242807151
2024-09-30,2.3252134385241097
2024-10-01,2.322549050230042
2024-10-02,2.3219965916503287
2024-10-03,2.3122112327054243
2024-10-04,2.316350081644506
2024-10-07,2.3064784847327573
2024-10-08,2.3048916735416576
2024-10-09,2.305709821113747
2024-10-10,2.305859081541894
2024-10-11,2.315222110872961
2024-10-14,2.318015294934607
2024-10-15,2.3094795534079138
2024-10-16,2.317076619804219
2024-10-17,2.31337208404018
2024-10-18,2.3219021711886105
2024-10-21,2.307878462415086
2024-10-22,2.306359422542554
2024-10-23,2.2952923443380895
2024-10-24,2.2993644606023826
2024-10-25,2.294125407028485
2024-10-28,2.300664601265676
2024-10-29,2.2969983391699778
2024-10-30,2.2916732313810253
2024-10-31,2.278482856704207
2024-11-01,2.2791325188289937
2024-11-04,2.2827287999814443
2024-11-05,2.2968887887863882
2024-11-06,2.298675177080828
2024-11-07,2.31777830486482
2024-11-08,2.3139216953676933
2024-11-11,2.311739109868752
2024-11-12,2.29876093735803
2024-11-13,2.298512814521561
2024-11-14,2.2929561026282737
2024-11-15,2.2879761706012194
2024-11-18,2.296050212331443
2024-11-19,2.3001997403138725
2024-11-20,2.2990315654253766
2024-11-21,2.3061492375051955
2024-11-22,2.312235327800691
2024-11-25,2.3204104100216014
2024-11-26,2.3194897998939727
2024-11-27,2.3223202004321273
2024-11-29,2.3336349015444466
2024-12-02,2.333735082493785
2024-12-03,2.3338382548620054
2024-12-04,2.338355115718387
2024-12-05,2.3390095694250754
2024-12-06,2.3388784965099427
2024-12-09,2.3357507576605347
2024-12-10,2.3303338725071017
2024-12-11,2.335276388201703
2024-12-12,2.324996718214665
2024-12-13,2.319949924344126
2024-12-16,2.3201781347612815
2024-12-17,2.3154184771526394
2024-12-18,2.283751248440936
2024-12-19,2.283115596420206
2024-12-20,2.2946449888387104
2024-12-23,2.2960769413839386
2024-12-24,2.30599915234595
2024-12-26,2.3069119198105814
2024-12-27,2.297721258576636
2024-12-30,2.2950308253415486
2024-12-31,2.2939986081603374
2025-01-02,2.295654099719869
2025-01-03,2.3023367622057984
2025-01-06,2.306732081121605
2025-01-07,2.2982484826421827
2025-01-08,2.301155047286132
2025-01-10,2.2904508970707083
2025-01-13,2.292920141257892
2025-01-14,2.2979792517289543
2025-01-15,2.321275241210117
2025-01-16,2.325721573127499
2025-01-17,2.3303907155001578
2025-01-21,2.34475792609287
2025-01-22,2.3424069094512356
2025-01-23,2.3481295266714914
2025-01-24,2.3510298170087482
2025-01-27,2.349810766808232
2025-01-28,2.3498465156916795
2025-01-29,2.3482531447740933
2025-01-30,2.3613096268609657
2025-01-31,2.352804476823014
2025-02-03,2.3476435933443516
2025-02-04,2.357971691356161
2025-02-05,2.368285310646147
2025-02-06,2.371021299163957
2025-02-07,2.3610526041289948
2025-02-10,2.3716700540456355
2025-02-11,2.374130765669679
2025-02-12,2.3718441045163483
2025-02-13,2.386781803819458
2025-02-14,2.388209276094324
2025-02-18,2.395265896673542
2025-02-19,2.3939247657303495
2025-02-20,2.395430687832669
2025-02-21,2.385181448811707
2025-02-24,2.383837106682837
2025-02-25,2.3901701888450937
2025-02-26,2.391114007092806
2025-02-27,2.378511367940796
2025-02-28,2.3904397737440317
2025-03-03,2.392330827021023
2025-03-04,2.3835193778068184
2025-03-05,2.4014158430144543
2025-03-06,2.388044599850786
2025-03-07,2.3963005579638237
2025-03-10,2.380526589832384
2025-03-11,2.375325147333123
2025-03-12,2.3761037581171345
2025-03-13,2.372758673283499
2025-03-14,2.3885600350015888
2025-03-17,2.4006183370189973
2025-03-18,2.3994195312654574
2025-03-19,2.4081317661784083
2025-03-20,2.402042733643648
2025-03-21,2.3955094968227
2025-03-24,2.4019516680852493
2025-03-25,2.4070921669351453
2025-03-26,2.3978708276397382
2025-03-27,2.3987396558387117
2025-03-28,2.394324106738875
2025-03-31,2.396319209797856
2025-04-01,2.4002706518569696
2025-04-02,2.404038972252892
2025-04-03,2.3915869619802295
2025-04-04,2.3838477355165177
2025-04-07,2.3694257274325388
2025-04-08,2.3646319697719482
2025-04-09,2.4100446471229793
2025-04-10,2.407798119139924
2025-04-11,2.4224219137909486
2025-04-14,2.4365505692061182
2025-04-15,2.442301567555544
2025-04-16,2.4461939194685565
2025-04-17,2.4551350122215765
2025-04-21,2.450109945181584
2025-04-22,2.467440937244883
2025-04-23,2.4701312340370274
2025-04-24,2.4872509360872415
2025-04-25,2.490446820177303
2025-04-28,2.49991366276715
2025-04-29,2.5050418430982453
2025-04-30,2.5018815223145023
2025-05-01,2.4957073744655736
2025-05-02,2.511477278045239
2025-05-05,2.5148341584292417
2025-05-06,2.5165728092932165
2025-05-07,2.513884783789559
2025-05-08,2.508124119384955
2025-05-09,2.5146935391348646
2025-05-12,2.5255820827592106
2025-05-13,2.5337353349542027
2025-05-14,2.5266656936019882
2025-05-15,2.5407917866481964
2025-05-16,2.5451997999718508
2025-05-19,2.552681673190606
2025-05-20,2.556150331657445
2025-05-21,2.541772425777653
2025-05-22,2.5397968805056057
2025-05-23,2.5438169933836092
2025-05-27,2.561887603463179
2025-05-28,2.550722375832797
2025-05-29,2.557703604602403
2025-05-30,2.5598544193579182
2025-06-02,2.5705421028889535
2025-06-03,2.5683386838571183
2025-06-04,2.576318490132196
2025-06-05,2.5730492161804546
2025-06-06,2.5749081993363734
2025-06-09,2.5782877708946947
2025-06-10,2.583771534217116
2025-06-11,2.588305209654692
2025-06-12,2.5976230334121837
2025-06-13,2.5850575548537846
2025-06-16,2.591880125909523
2025-06-17,2.5843831024430863
2025-06-18,2.585622180762977
2025-06-20,2.581739692444243
2025-06-23,2.5924942467191543
2025-06-24,2.6059901951963687
2025-06-25,2.60243521204212
2025-06-26,2.6177893324910317
2025-06-27,2.6200417529748674
2025-06-30,2.6291642865049183
2025-07-01,2.62973004882857
2025-07-02,2.635708432007273
2025-07-03,2.638373271450875
2025-07-07,2.6236376116006945
2025-07-08,2.626157406203366
2025-07-09,2.6352667195606645
2025-07-10,2.637431301605974
2025-07-11,2.6297077983421486
2025-07-14,2.6300634826369267
2025-07-15,2.6168140420761263
2025-07-16,2.625062259979199
2025-07-17,2.631264731081102
2025-07-18,2.632235366768393
2025-07-21,2.64094509026662
2025-07-22,2.6492984765867167
2025-07-23,2.661707616725165
2025-07-24,2.6538976331960873
2025-07-25,2.6539283471127963
2025-07-28,2.6413123813247457
2025-07-29,2.646037173511232
2025-07-30,2.6338459492523745
2025-07-31,2.626465123443145
2025-08-01,2.62829878194331
2025-08-04,2.6443226025515036
2025-08-05,2.6436470104123035
2025-08-06,2.6512753958013473
2025-08-07,2.6568224849968156
2025-08-08,2.658957412035255
2025-08-11,2.6550361764855195
2025-08-12,2.669036617048431
2025-08-13,2.6785774601766854
2025-08-14,2.672276624228004
2025-08-15,2.672817556860878
2025-08-18,2.671802530665161
2025-08-19,2.6700352051437597
2025-08-20,2.673233602268305
2025-08-21,2.666511238305643
2025-08-22,2.693546506211216
2025-08-25,2.6811617688764025
2025-08-26,2.683796206488076
2025-08-27,2.6856348109790438
2025-08-28,2.6908224397735925
2025-08-29,2.6868121261084585
2025-09-02,2.6772258508866003
2025-09-03,2.682272060529292
2025-09-04,2.6913008036927657
2025-09-05,2.699867658761279
2025-09-08,2.7096077033820967
2025-09-09,2.706768153737558
2025-09-10,2.7115888626813986
2025-09-11,2.727399544955343
2025-09-12,2.72408577524455
2025-09-15,2.7347650477826115
2025-09-16,2.7348877630619475
2025-09-17,2.729864729243679
2025-09-18,2.7306576610236544
2025-09-19,2.7303482610420455
2025-09-22,2.733992092087601
2025-09-23,2.735711077275262
2025-09-24,2.7277640932784597
2025-09-25,2.7189882101272604
2025-09-26,2.7288096165446962
2025-09-29,2.7363352132118353
2025-09-30,2.741001174116327
2025-10-01,2.750003449434008
2025-10-02,2.7503120684235913
2025-10-03,2.7571473714399377
2025-10-06,2.7585293360441274
2025-10-07,2.751858421959749
2025-10-08,2.7568388465035554
2025-10-09,2.746372409542774
2025-10-10,2.7242616067823415
2025-10-13,2.744977235272353
2025-10-14,2.7476957047311843
2025-10-15,2.7563088655405656
2025-10-16,2.758906496774938
2025-10-17,2.7590129710450615
2025-10-20,2.773935678630427
2025-10-21,2.76354929636854
2025-10-22,2.764106512662319
2025-10-23,2.7710103894631484
2025-10-24,2.776652122277695
2025-10-27,2.784194527003897
2025-10-28,2.7819825077713314
2025-10-29,2.7722198118330796
2025-10-30,2.764907878898653
2025-10-31,2.764924634473034
2025-11-03,2.764462506554209
2025-11-04,2.7509108085041154
2025-11-05,2.7565604823335206
2025-11-06,2.752900526301686
2025-11-07,2.7579893923598235
2025-11-10,2.7738340494533027
2025-11-11,2.7833167868902793
2025-11-12,2.7869093773641325
2025-11-13,2.7683367687191263
2025-11-14,2.765403367535579
2025-11-17,2.751565413678747
2025-11-18,2.746182435586103
2025-11-19,2.7440529903639543
2025-11-20,2.7306190728907804
2025-11-21,2.745286609584098
2025-11-24,2.7556744569016245
2025-11-25,2.7698730853626565
2025-11-26,2.7838425315868047
2025-11-28,2.7922059431080815
2025-12-01,2.782314590103732
2025-12-02,2.7848256629187107
2025-12-03,2.793253805250429
2025-12-04,2.792711655863457
2025-12-05,2.7926081845551076
2025-12-08,2.7854686152925385
2025-12-09,2.783640740356556
2025-12-10,2.7995911118967913
2025-12-11,2.8063639336174075
2025-12-12,2.795786846923251
2025-12-15,2.8006886921128316
2025-12-16,2.7953875466117792
2025-12-17,2.789727245811022
2025-12-18,2.798864139096034
2025-12-19,2.8052298694302373
2025-12-22,2.813361039004243
2025-12-23,2.8214570519207784
2025-12-24,2.8266692472707424
2025-12-26,2.832491303885745
2025-12-29,2.8260865340065697
2025-12-30,2.8304805094679315
2025-12-31,2.819334312758673
2026-01-02,2.8300798636874775
2026-01-05,2.847100902467575
2026-01-06,2.854771321523325
2026-01-07,2.8468453355534242
2026-01-08,2.8485800793932845
2026-01-09,2.8592483173827303
2026-01-12,2.867061702437403
2026-01-13,2.86569135862901
2026-01-14,2.8728573683884315
2026-01-15,2.872760522905722
2026-01-16,2.869886197284834
2026-01-20,2.854166112051969
2026-01-21,2.8716274779676305
2026-01-22,2.879382365300433
2026-01-23,2.8887239321458837
2026-01-26,2.897347958558342
2026-01-27,2.912247805948682
2026-01-28,2.9095577835019175
2026-01-29,2.9161796674794833
2026-01-30,2.8955127520840325
2026-02-02,2.8948271567955013
2026-02-03,2.901758201424987
2026-02-04,2.90295486390238
2026-02-05,2.88826988775993
2026-02-06,2.9146181693838558
2026-02-09,2.9296761247656335
2026-02-10,2.933150181666503
2026-02-11,2.9398448774628894
2026-02-12,2.927855325817548
2026-02-13,2.9371179232064204
2026-02-17,2.932932921515902
2026-02-18,2.9387957161446234
2026-02-19,2.938785328008905
2026-02-20,2.951488876875243
2026-02-23,2.9482417892541597
2026-02-24,2.9549049584762144
2026-02-25,2.9628068410737387
2026-02-26,2.962151880160027
2026-02-27,2.9663811461233487
2026-03-02,2.9518359571795894
2026-03-03,2.9205354317481484
2026-03-04,2.931169860399479
2026-03-05,2.9104447531135658
2026-03-06,2.9047473621359328
2026-03-09,2.915538249930519
2026-03-10,2.9133398502124934
2026-03-11,2.9077146765242814
2026-03-12,2.887095301923026
2026-03-13,2.877244035322678
2026-03-16,2.896802084844327
2026-03-17,2.9032914035108472
2026-03-18,2.879545777971901
2026-03-19,2.8748790174836163
2026-03-20,2.8411879702281233
2026-03-23,2.861739031772743
2026-03-24,2.856042095511578
2026-03-25,2.87442234467956
2026-03-26,2.8507351279936572
2026-03-27,2.8554820090712987
2026-03-30,2.8627247945127827
2026-03-31,2.891045267765554
2026-04-01,2.9012056324855537
2026-04-02,2.9037160050722046
2026-04-06,2.907180029427572
2026-04-07,2.907947372970929
2026-04-08,2.9451611361545167
2026-04-09,2.947954327184763
2026-04-10,2.946481039447771
2026-04-13,2.9580868788329284
2026-04-14,2.9728606120802605
2026-04-15,2.9712203071341747
2026-04-16,2.9721171632603998
2026-04-17,2.990715887623307
2026-04-20,2.987247712165747
2026-04-21,2.9654723363852176
2026-04-22,2.9759019717787027
2026-04-23,2.9692549030998974
2026-04-24,2.9774073853956033
2026-04-27,2.9738315449743613
2026-04-28,2.9684023156346964
2026-04-29,2.957364538393795
2026-04-30,2.9856034960011213
2026-05-01,2.9845170422311305
2026-05-04,2.970215407353715
2026-05-05,2.9855200073610715
2026-05-06,3.011133663177118
2026-05-07,2.9929079025189003
2026-05-08,3.006040925883102
2026-05-11,3.007321689763427
2026-05-12,2.9985119256922697
2026-05-13,3.0020362445576048
2026-05-14,3.002773327605819
2026-05-15,2.971340859741185
2026-05-18,2.982368085471169
2026-05-19,2.9699141360565973
2026-05-20,2.992402815723647
2026-05-21,2.9984640092539134
2026-05-22,3.000728509242168
2026-05-26,3.015876731456369
2026-05-27,3.0118921035860504
2026-05-28,3.0163161534922156
2026-05-29,3.0154512859409563
2026-06-01,3.014683223667587
2026-06-02,3.0222398300544735
2026-06-03,3.0096668733173404
2026-06-04,3.0187831008041894
2026-06-05,2.975382005749835
2026-06-08,2.9816970000727543
2026-06-09,2.9846298995002885
2026-06-10,2.96759199677404
2026-06-11,3.000671085487507
2026-06-12,3.0069194175431235
2026-06-15,3.0182780597224044
2026-06-16,3.0165209029973847
2026-06-17,2.9982136751934325
2026-06-18,3.009176846512574
2026-06-22,3.009113147062781
2026-06-23,2.9908822899810605
2026-06-24,2.992489268931851
2026-06-25,3.0015223169649796
2026-06-26,2.9992482786011023
2026-06-29,3.007732311256363
2026-06-30,3.008167610075602
2026-07-01,3.0005594135555427
2026-07-02,3.0132531709055073
2026-07-06,3.0242443312942666
2026-07-07,3.0120071338986567
2026-07-08,3.000580861862778
2026-07-09,3.0083903251032087
2026-07-10,3.0146876941645315
2026-07-13,3.0052694928536887
2026-07-14,3.0137219131746296
2026-07-15,3.0191748186366723
2026-07-16,3.016000298669592
2026-07-17,3.008112625297466
2026-07-20,2.9997382495330194
2026-07-21,3.017209904368104
2026-07-22,3.0219322785818443
2026-07-23,3.0076165243000066
2026-07-24,3.014119643317724
2026-07-27,3.016251866609462
2026-07-28,3.0187266560028854
2026-07-29,3.0048998863465344
2026-07-30,3.0312143593150673
2026-07-31,3.029613153596636
