sma_fast,sma_slow,rsi_period,rsi_lower,rsi_upper,macro_gate,net_pnl_pct,sharpe,max_dd,win_rate,profit_factor,expectancy,trades
100,200,14,35,65,unrate_only,6.415073355730565,0.18742339207622197,5.56878402601349,37.5,1.9539415919946175,801.884169466322,8
100,200,14,40,60,unrate_only,6.415073355730565,0.18742339207622197,5.56878402601349,37.5,1.9539415919946175,801.884169466322,8
100,150,14,40,60,unrate_only,5.9442605628083545,0.1726120525047878,5.597830693171704,37.5,1.8186388612980808,743.0325703510475,8
100,150,14,35,65,unrate_only,5.9442605628083545,0.1726120525047878,5.597830693171704,37.5,1.8186388612980808,743.0325703510475,8
100,200,21,30,70,unrate_only,5.089486715649676,0.14142481786095842,6.284614081963123,44.44444444444444,1.5228149295885876,565.498523961076,9
100,250,14,35,65,unrate_only,2.8684433893777896,0.09597290032607879,6.044182777477144,42.857142857142854,1.4770946554523565,409.77762705397095,7
100,250,14,45,55,unrate_only,2.348009135014174,0.09002117219100643,4.817299561400402,50.0,1.500919609698435,391.33485583569586,6
100,250,14,40,60,unrate_only,2.348009135014174,0.09002117219100643,4.817299561400402,50.0,1.500919609698435,391.33485583569586,6
100,200,14,30,70,unrate_only,2.4903836715320065,0.07719623823863662,6.284614081963137,30.0,1.2355299469575676,249.0383671532029,10
100,200,14,45,55,unrate_only,1.4998285059271002,0.06095611548474361,5.606099689693238,42.857142857142854,1.2715803748794847,214.26121513244425,7
100,250,21,45,55,both,1.1659980098238156,0.04813830628862074,4.767336832459234,71.42857142857143,1.3068625619812513,166.57114426054466,7
100,250,21,45,55,payems_only,1.1659980098238156,0.04813830628862074,4.767336832459234,71.42857142857143,1.3068625619812513,166.57114426054466,7
100,200,21,45,55,payems_only,1.1659980098238156,0.04813830628862074,4.767336832459234,71.42857142857143,1.3068625619812513,166.57114426054466,7
100,200,21,45,55,both,1.1659980098238156,0.04813830628862074,4.767336832459234,71.42857142857143,1.3068625619812513,166.57114426054466,7
100,150,14,45,55,unrate_only,1.0507622577626754,0.04548309077404553,5.635134878701464,42.857142857142854,1.1732713583890435,150.10889396609798,7
100,250,14,45,55,payems_only,0.9902579418910318,0.04255755176002215,6.811184032450389,33.33333333333333,1.1619070398359492,110.028660210113,9
100,200,14,45,55,payems_only,0.9696999488150178,0.04199780360044752,6.811184032450389,33.33333333333333,1.1583530693301363,107.74443875722318,9
100,200,14,35,65,payems_only,0.46585042518175035,0.02679642266981073,10.047821605612286,33.33333333333333,1.0325054479524365,31.056695012115824,15
100,200,10,40,60,unrate_only,-0.06664500003455032,0.007845303038838031,6.389969931133412,28.57142857142857,0.9916340491416876,-9.520714290648584,7
100,250,21,45,55,unrate_only,-0.08778096666479542,0.006190388953300187,4.411946123279257,60.0,0.976898166122923,-17.556193332960447,5
100,200,21,45,55,unrate_only,-0.08778096666479542,0.006190388953300187,4.411946123279257,60.0,0.976898166122923,-17.556193332960447,5
100,250,14,35,65,payems_only,-0.4769356341653038,0.004576537928314698,8.274552312912338,35.714285714285715,0.9585451074904108,-34.06683101180636,14
100,250,21,30,70,unrate_only,-0.30485603053172233,0.004573075558788728,6.961653234153499,50.0,0.9653930513965232,-38.10700381646461,8
100,250,21,35,65,unrate_only,-0.30485603053172233,0.004573075558788728,6.961653234153499,50.0,0.9653930513965232,-38.10700381646461,8
100,150,14,45,55,payems_only,-0.28977962654984735,0.003199175484975467,6.099588546344046,30.0,0.9612421483672036,-28.977962654984026,10
100,150,21,45,55,both,-0.2900707411222829,0.0012914356595428128,6.566329268735539,66.66666666666666,0.9316325083668917,-48.34512352037632,6
100,150,21,45,55,payems_only,-0.2900707411222829,0.0012914356595428128,6.566329268735539,66.66666666666666,0.9316325083668917,-48.34512352037632,6
100,250,21,40,60,payems_only,-0.8515485167926964,-0.009829640163501732,8.525060581280563,45.45454545454545,0.8703283947463775,-77.413501526608,11
100,150,21,45,55,unrate_only,-0.5298231455288624,-0.009880885809281762,6.566329268735539,60.0,0.8751246701793229,-105.96462910576827,5
100,250,14,30,70,unrate_only,-0.9254431895493326,-0.011196608518910295,6.431018750210107,33.33333333333333,0.9051300431383169,-102.8270210610358,9
100,200,14,40,60,payems_only,-1.2514371802807729,-0.013313943276803613,10.047821605612286,28.57142857142857,0.9123361637304791,-89.38837002005585,14
100,200,21,35,65,unrate_only,-0.9763544055059902,-0.015646551799404315,7.58831463586321,44.44444444444444,0.8968803006803348,-108.48382283399928,9
100,200,14,35,65,both,-1.887223929105283,-0.02510129269706744,11.072885348241718,31.25,0.8844883565711263,-117.95149556907984,16
100,200,10,35,65,unrate_only,-1.52300479916521,-0.030777581803954745,6.284614081963108,33.33333333333333,0.8468422861023236,-169.22275546280002,9
100,200,10,30,70,unrate_only,-1.52300479916521,-0.030777581803954745,6.284614081963108,33.33333333333333,0.8468422861023236,-169.22275546280002,9
100,250,21,35,65,payems_only,-2.087897802020234,-0.03091953499517766,8.980088933897026,42.857142857142854,0.835220676184393,-149.13555728716017,14
100,250,14,45,55,both,-1.3750988931946049,-0.03114430693101064,6.811184032450384,30.0,0.8346267859076446,-137.50988931946074,10
100,200,14,45,55,both,-1.3951753844859196,-0.03201100241646051,6.811184032450384,30.0,0.8323589029271113,-139.51753844859286,10
100,150,14,40,60,payems_only,-2.4832106532248437,-0.04083749703889485,8.241742519357025,26.666666666666668,0.8404874031195196,-165.54737688165574,15
100,250,14,35,65,both,-2.8079283986540102,-0.049972523558928776,8.274552312912341,33.33333333333333,0.7931944977096579,-187.19522657693278,15
100,150,21,30,70,unrate_only,-2.844746785320094,-0.05049768212187534,10.273624296654729,36.36363636363637,0.8330519810699034,-258.6133441200052,11
100,200,10,35,65,payems_only,-2.786606225683674,-0.05093281722032863,9.672030477646294,35.714285714285715,0.7875145140656264,-199.0433018345483,14
100,250,14,40,60,payems_only,-2.673010597133223,-0.05945991783423013,8.274552312912338,33.33333333333333,0.7352096913915537,-222.75088309443572,12
100,200,14,30,70,payems_only,-3.6513725543559117,-0.06234693950323294,10.721558919662371,29.411764705882355,0.802073999868985,-214.7866208444642,17
100,200,10,30,70,payems_only,-3.471584144021864,-0.06659934949424151,10.308492822277236,33.33333333333333,0.747089719638131,-231.4389429347907,15
100,200,14,40,60,both,-3.564289853207956,-0.06740827072786855,11.072885348241718,26.666666666666668,0.781106567133131,-237.6193235471975,15
100,200,21,30,70,payems_only,-4.074066129225466,-0.06757870040242368,10.681636078231223,35.294117647058826,0.7965601104167658,-239.65094877797014,17
100,150,14,45,55,both,-2.625155890505324,-0.06772260372734684,6.099588546344008,27.27272727272727,0.7277858718440765,-238.65053550048492,11
100,150,14,30,70,unrate_only,-3.45798692734573,-0.07087895113571757,10.681602972319952,27.27272727272727,0.7862558387819818,-314.3624479405212,11
100,250,21,40,60,both,-3.173767235541789,-0.07332584929527446,8.52506058128054,41.66666666666667,0.6375039967635905,-264.48060296181586,12
100,250,21,35,65,both,-4.381159200608396,-0.08322011991968217,8.98008893389702,40.0,0.7022913289693606,-292.0772800405589,15
100,250,14,30,70,payems_only,-4.555521998256925,-0.08837768360695854,11.856819441444506,31.25,0.7076633459673949,-284.7201248910585,16
100,150,14,40,60,both,-4.767213178990453,-0.09368897154538004,9.287387711159639,25.0,0.7282870784203243,-297.9508236869025,16
100,200,21,40,60,payems_only,-4.04986514742377,-0.09428278661041506,9.856934630454404,41.66666666666667,0.5766662700019621,-337.488762285315,12
100,200,21,35,65,payems_only,-5.098074140947952,-0.10095531198661636,10.681636078231223,40.0,0.6668191342881453,-339.8716093965304,15
100,250,10,35,65,payems_only,-4.275088134368649,-0.10458260661080337,8.53721266215191,41.66666666666667,0.5214001358260439,-356.2573445307194,12
100,200,10,35,65,both,-5.063502731466127,-0.10569244304254882,10.701376605282523,33.33333333333333,0.6657608578296937,-337.5668487644068,15
100,150,14,35,65,payems_only,-5.491463110036799,-0.1082736407798173,9.39901462705532,25.0,0.7005078268217848,-343.2164443773004,16
100,200,14,30,70,both,-5.908014819898104,-0.11210693204440177,11.075947630972644,27.77777777777778,0.7097974736515485,-328.22304554989375,18
100,200,21,30,70,both,-6.3208082206632525,-0.1154036488264065,11.699477091550099,33.33333333333333,0.7113657099849766,-351.1560122590688,18
100,200,10,30,70,both,-5.732437347865561,-0.1207309776514076,11.330586046374288,31.25,0.635971227127294,-358.27733424159646,16
100,250,14,40,60,both,-4.952567698124549,-0.12194157104345446,8.274552312912341,30.76923076923077,0.5940700132180528,-380.96674600957965,13
20,250,14,45,55,unrate_only,-1.8343659342215106,-0.13408434064859479,4.775921319836572,20.0,0.5341472284447919,-366.87318684430085,5
100,250,21,30,70,payems_only,-6.743948042354139,-0.13736157134145435,10.360926327683789,37.5,0.6065669258827466,-421.4967526471336,16
100,250,14,30,70,both,-6.790987606657567,-0.1404552836005275,11.856819441444543,29.411764705882355,0.6132764887681901,-399.4698592151509,17
100,250,10,30,70,payems_only,-6.158234783712527,-0.14834448946101153,9.181671077229195,35.714285714285715,0.4288845389842188,-439.8739131223224,14
100,250,10,45,55,unrate_only,-2.2359979706552116,-0.14873477772174257,3.7157252489781967,0.0,0.0,-1117.998985327607,2
100,200,21,35,65,both,-7.320832291765386,-0.15287050029696272,11.699477091550099,37.5,0.5764633980315738,-457.5520182353375,16
20,250,21,45,55,payems_only,-2.680962147864062,-0.15316424335933093,5.772885064529707,25.0,0.5604877417867017,-335.1202684830099,8
20,250,21,45,55,both,-2.680962147864062,-0.15316424335933093,5.772885064529707,25.0,0.5604877417867017,-335.1202684830099,8
100,200,21,40,60,both,-6.29717406539411,-0.15473088572030205,10.884173654668702,38.46153846153847,0.4610752262363317,-484.39800503031654,13
100,150,14,35,65,both,-7.705007448494188,-0.15944047596777805,10.431471948379054,23.52941176470588,0.6194799023907009,-453.2357322643645,17
100,250,10,35,65,both,-6.517121962023885,-0.1668337279872136,8.537212662151926,38.46153846153847,0.4110381077735081,-501.3170740018356,13
100,200,21,45,55,neither,-11.385676198418514,-0.17087858061744224,14.903072410934229,23.076923076923077,0.6662555458661529,-291.9404153440631,39
50,200,21,45,55,unrate_only,-3.443631454662347,-0.1718917335631618,5.251438834519286,33.33333333333333,0.31223918615668067,-573.9385757770558,6
50,150,21,45,55,unrate_only,-3.443631454662347,-0.1718917335631618,5.251438834519286,33.33333333333333,0.31223918615668067,-573.9385757770558,6
100,250,10,45,55,neither,-10.734859670894599,-0.1738051051612784,15.377459825024125,22.58064516129032,0.6288116036467816,-346.28579583531075,31
20,200,14,45,55,unrate_only,-2.5565180516883848,-0.17511339081031807,5.476433986078122,16.666666666666664,0.451367873053108,-426.08634194806245,6
20,150,14,45,55,unrate_only,-2.5565180516883848,-0.17511339081031807,5.476433986078122,16.666666666666664,0.451367873053108,-426.08634194806245,6
20,100,14,45,55,unrate_only,-2.5565180516883848,-0.17511339081031807,5.476433986078122,16.666666666666664,0.451367873053108,-426.08634194806245,6
100,250,10,35,65,unrate_only,-5.374670798344611,-0.17559283503591538,6.188702787127594,42.857142857142854,0.31735873526503,-767.8101140492295,7
100,150,21,35,65,unrate_only,-6.723521319581953,-0.17561298214745677,12.564894811649378,40.0,0.5582927867051384,-672.3521319581932,10
100,200,10,40,60,payems_only,-5.935145910546111,-0.17714735374566834,10.11823843355898,18.181818181818183,0.5640250754473224,-539.5587191405548,11
100,150,10,40,60,unrate_only,-5.866609927808706,-0.18612709264069371,12.337123202726822,25.0,0.5609501295837861,-733.3262409760882,8
100,150,10,35,65,unrate_only,-7.2384450378885665,-0.1878132556926423,11.073809679211074,30.0,0.5252319515522439,-723.8445037888561,10
100,250,21,30,70,both,-8.928157137433823,-0.18823591757788155,10.36092632768379,35.294117647058826,0.5321155560936366,-525.1857139666953,17
20,200,21,45,55,unrate_only,-2.9647182190019086,-0.19091155796983755,4.624069024378848,16.666666666666664,0.42127936324060095,-494.11970316698785,6
20,250,21,45,55,unrate_only,-2.9647182190019086,-0.19091155796983755,4.624069024378848,16.666666666666664,0.42127936324060095,-494.11970316698785,6
20,100,21,45,55,unrate_only,-2.9647182190019086,-0.19091155796983755,4.624069024378848,16.666666666666664,0.42127936324060095,-494.11970316698785,6
20,150,21,45,55,unrate_only,-2.9647182190019086,-0.19091155796983755,4.624069024378848,16.666666666666664,0.42127936324060095,-494.11970316698785,6
100,250,21,40,60,unrate_only,-5.567811220828429,-0.19212749687990027,5.763344284716672,42.857142857142854,0.38829971464917806,-795.4016029754889,7
100,250,21,45,55,neither,-12.393858794352388,-0.19751215713764042,15.998732009203382,22.857142857142858,0.6079338423422149,-354.11025126721097,35
100,250,10,40,60,unrate_only,-3.885985247236691,-0.19893195102463354,5.645020471326643,40.0,0.3579969158244209,-777.1970494473383,5
100,250,10,30,70,unrate_only,-6.577922101832476,-0.20345377844704773,7.381602897548574,37.5,0.2752876480944782,-822.2402627290595,8
100,250,10,30,70,both,-8.356162240225865,-0.20701498099480153,9.181671077229192,33.33333333333333,0.3508481812512026,-557.0774826817253,15
100,200,10,45,55,neither,-13.599815701230314,-0.20989608669435666,16.341401103047,21.62162162162162,0.6171088235664839,-362.88997114725566,38
50,100,21,45,55,unrate_only,-4.544150360245025,-0.21641815592123925,5.251438834519286,28.57142857142857,0.25597672272677313,-649.1643371778592,7
50,250,21,45,55,unrate_only,-4.544150360245025,-0.21641815592123925,5.251438834519286,28.57142857142857,0.25597672272677313,-649.1643371778592,7
100,200,21,40,60,unrate_only,-6.350391692707694,-0.21758644848853106,6.544304330771,37.5,0.35680143098829964,-793.798961588461,8
100,150,10,30,70,unrate_only,-8.95799662200507,-0.21957432838297436,12.177154853542085,27.27272727272727,0.46733710951386476,-814.3633292731894,11
100,150,21,40,60,unrate_only,-6.764726168575027,-0.2268475586188181,7.3084054935148774,37.5,0.3425245130769646,-845.5907710718768,8
100,150,10,45,55,neither,-15.186588564277203,-0.22818260991934153,17.75657191428844,21.052631578947366,0.6024672067338587,-399.6470674809801,38
100,250,10,40,60,neither,-14.552682066479292,-0.23229425114853788,16.413447848828312,22.5,0.5770894375754502,-363.817051661981,40
100,250,10,45,55,payems_only,-3.771211591038358,-0.2459466407637979,5.22770232600205,0.0,0.0,-1257.070530346117,3
100,250,10,45,55,both,-3.771211591038358,-0.2459466407637979,5.22770232600205,0.0,0.0,-1257.070530346117,3
100,200,10,40,60,both,-8.138298472943251,-0.24706114571582552,11.14249973050579,16.666666666666664,0.47954247425227836,-678.1915394119374,12
100,150,10,45,55,unrate_only,-4.129278284549582,-0.2586503890190242,4.513654367675379,0.0,0.0,-1032.3195711373953,4
100,200,10,45,55,unrate_only,-4.129278284549582,-0.2586503890190242,4.513654367675379,0.0,0.0,-1032.3195711373953,4
100,200,10,40,60,neither,-17.333448265051253,-0.26561650635295314,20.429440667640176,22.22222222222222,0.568817797872662,-381.51183322288097,46
50,200,21,45,55,both,-5.362453146104497,-0.2676737051056562,5.40902864377848,25.0,0.22573252927886148,-670.3066432630611,8
50,200,21,45,55,payems_only,-5.362453146104497,-0.2676737051056562,5.40902864377848,25.0,0.22573252927886148,-670.3066432630611,8
100,150,21,45,55,neither,-18.100199950840427,-0.2861230772969242,19.72564798627559,17.5,0.5241904427456293,-452.5049987710102,40
20,100,14,40,60,unrate_only,-4.252984045802281,-0.28723229788520216,6.749809114173878,11.11111111111111,0.330014358345671,-472.5537828669186,9
20,150,14,40,60,unrate_only,-4.252984045802281,-0.28723229788520216,6.749809114173878,11.11111111111111,0.330014358345671,-472.5537828669186,9
100,200,10,30,70,neither,-19.248455730285613,-0.2885389458088556,22.791798832078396,19.230769230769234,0.5442707627969806,-367.0552286577297,53
100,250,10,40,60,payems_only,-6.533588888375744,-0.2886493891029953,9.698535042005888,25.0,0.2498399931199005,-816.6986110469682,8
50,150,21,45,55,payems_only,-6.796859000218595,-0.29161982878668036,6.842728560674831,22.22222222222222,0.18663639343563487,-755.2065555798417,9
50,150,21,45,55,both,-6.796859000218595,-0.29161982878668036,6.842728560674831,22.22222222222222,0.18663639343563487,-755.2065555798417,9
100,200,21,30,70,neither,-20.252226862768847,-0.30231041790283464,23.751524918114193,18.181818181818183,0.5415453260919035,-365.3209376131133,56
50,250,21,45,55,payems_only,-6.441101929812372,-0.30623631162274145,6.487146574716109,22.22222222222222,0.19531383496403948,-715.6779922013733,9
50,250,21,45,55,both,-6.441101929812372,-0.30623631162274145,6.487146574716109,22.22222222222222,0.19531383496403948,-715.6779922013733,9
100,200,21,35,65,neither,-20.634881142512967,-0.3116586790827543,24.11738849230881,18.51851851851852,0.5290160130833016,-379.1865099940573,55
20,250,14,40,60,unrate_only,-4.391942489783396,-0.3134045095209821,6.058733411048725,11.11111111111111,0.32101593759640645,-487.9936099759305,9
100,200,10,35,65,neither,-20.395722492493892,-0.3134313103461333,23.37702790809919,20.0,0.5252494811522197,-404.72868666402746,51
100,200,14,35,65,neither,-20.498612855757806,-0.31402372461395167,23.98709959948636,21.153846153846153,0.5228140459968372,-391.1448188477344,53
100,250,21,35,65,neither,-19.733326658226417,-0.31556535812055153,19.733326658226463,18.367346938775512,0.4903396764172275,-402.72095220870295,49
100,150,10,35,65,payems_only,-13.51436710294553,-0.32201812992796525,14.566430677300726,25.0,0.37719894153802047,-844.6479439340953,16
100,250,14,35,65,neither,-19.785013243760737,-0.32350198311104417,19.78501324376071,21.73913043478261,0.47856457926858176,-430.1089835600173,46
100,150,21,30,70,payems_only,-16.213563135578397,-0.32436165440453396,18.373234287791405,25.0,0.46015936206778246,-810.6781567789203,20
100,200,14,45,55,neither,-19.204475279245422,-0.3256972479006097,22.74974822435223,15.384615384615385,0.48408318369412434,-492.42244305757447,39
50,100,21,45,55,payems_only,-7.859158880332513,-0.3258529538892129,7.9045056340673145,20.0,0.16558655878085185,-785.9158880332491,10
50,100,21,45,55,both,-7.859158880332513,-0.3258529538892129,7.9045056340673145,20.0,0.16558655878085185,-785.9158880332491,10
100,200,14,40,60,neither,-20.325847780794735,-0.3266755211135839,23.82191538185721,13.043478260869565,0.4884663884674301,-441.86625610423346,46
100,200,21,40,60,neither,-20.443433917988646,-0.32797222352058997,23.934341889822264,20.0,0.525673638760295,-405.6848245851702,51
100,150,14,45,55,neither,-20.575592301251906,-0.3287109356000417,23.570854973513335,14.285714285714285,0.490950952400143,-489.895054791712,42
100,250,10,35,65,neither,-19.806882150403222,-0.32945512754223233,19.806882150403222,20.0,0.4876558950696863,-440.1529366756262,45
100,150,10,40,60,neither,-21.6204320473003,-0.3304346521238563,22.608707271612708,17.02127659574468,0.506778687436063,-460.00919249575026,47
100,200,14,30,70,neither,-21.798498778054622,-0.3309089065488668,25.229947085459266,19.642857142857142,0.5050646403492535,-386.46459953767106,57
100,150,21,40,60,payems_only,-12.562818042232438,-0.33417817776005826,13.626456835181223,28.57142857142857,0.23319601754282104,-897.3441458737432,14
100,150,10,40,60,payems_only,-11.394512852196522,-0.3363684016625265,15.334825675447375,16.666666666666664,0.3900173567691558,-949.5427376830446,12
100,250,21,30,70,neither,-20.91643006748984,-0.33751257884935854,20.916430067489856,18.0,0.4724165881679581,-418.3286013497959,50
20,250,14,45,55,payems_only,-5.395653628380198,-0.3388894948245425,7.311878529720886,22.22222222222222,0.29021789879727883,-599.5170698200225,9
20,250,14,45,55,both,-5.395653628380198,-0.3388894948245425,7.311878529720886,22.22222222222222,0.29021789879727883,-599.5170698200225,9
20,200,14,40,60,unrate_only,-5.095279883108145,-0.3412750490796865,6.749809114173844,10.0,0.28953368879792346,-509.5279883108139,10
50,100,21,40,60,unrate_only,-7.965000376673051,-0.3420273539345392,7.965000376673066,22.22222222222222,0.15412165671298075,-885.00004185256,9
100,250,10,30,70,neither,-20.87291735872181,-0.3423539435820074,20.87291735872181,18.75,0.47204009841245204,-434.8524449733725,48
100,150,10,45,55,both,-5.634761230402626,-0.3453529444093542,6.013101355651146,0.0,0.0,-1126.9522460805265,5
100,200,10,45,55,both,-5.634761230402626,-0.3453529444093542,6.013101355651146,0.0,0.0,-1126.9522460805265,5
100,200,10,45,55,payems_only,-5.634761230402626,-0.3453529444093542,6.013101355651146,0.0,0.0,-1126.9522460805265,5
100,150,10,45,55,payems_only,-5.634761230402626,-0.3453529444093542,6.013101355651146,0.0,0.0,-1126.9522460805265,5
100,250,14,45,55,neither,-19.820629506126277,-0.35099824989544626,20.49455167525432,19.444444444444446,0.4250425096648195,-550.5730418368395,36
100,250,14,30,70,neither,-21.643417609384546,-0.3512564752296642,21.643417609384528,19.607843137254903,0.4635440372167741,-424.38073743891323,51
100,150,21,30,70,neither,-23.408283032551175,-0.3515000120639147,25.049904379201188,15.09433962264151,0.4971480037362699,-441.66571759530547,53
100,150,10,30,70,payems_only,-15.61011328093629,-0.35533076094731625,17.78533889866481,22.22222222222222,0.3393912472913637,-867.2285156075734,18
20,150,21,45,55,payems_only,-5.687490517403275,-0.3576409129983085,7.300280584012992,12.5,0.2750777128479226,-710.9363146754127,8
20,100,21,45,55,payems_only,-5.687490517403275,-0.3576409129983085,7.300280584012992,12.5,0.2750777128479226,-710.9363146754127,8
20,200,21,45,55,payems_only,-5.687490517403275,-0.3576409129983085,7.300280584012992,12.5,0.2750777128479226,-710.9363146754127,8
20,200,21,45,55,both,-5.687490517403275,-0.3576409129983085,7.300280584012992,12.5,0.2750777128479226,-710.9363146754127,8
20,100,21,45,55,both,-5.687490517403275,-0.3576409129983085,7.300280584012992,12.5,0.2750777128479226,-710.9363146754127,8
20,150,21,45,55,both,-5.687490517403275,-0.3576409129983085,7.300280584012992,12.5,0.2750777128479226,-710.9363146754127,8
100,150,21,35,65,neither,-23.71534293202829,-0.35921723600828137,25.16720493285773,17.307692307692307,0.48284355252817823,-456.0642871543915,52
100,150,10,30,70,neither,-23.694916750125326,-0.3611013057300621,24.65703513422327,15.384615384615385,0.49872911502885586,-455.67147596394847,52
100,250,21,40,60,neither,-21.646331740111986,-0.3621819097323823,21.64633174011197,19.148936170212767,0.46555708572421606,-460.5602497896169,47
20,150,14,45,55,payems_only,-6.091607255166295,-0.36450020691573365,7.993735513794754,20.0,0.26579616934481015,-609.1607255166289,10
20,150,14,45,55,both,-6.091607255166295,-0.36450020691573365,7.993735513794754,20.0,0.26579616934481015,-609.1607255166289,10
20,200,14,45,55,payems_only,-6.091607255166295,-0.36450020691573365,7.993735513794754,20.0,0.26579616934481015,-609.1607255166289,10
20,100,14,45,55,both,-6.091607255166295,-0.36450020691573365,7.993735513794754,20.0,0.26579616934481015,-609.1607255166289,10
20,100,14,45,55,payems_only,-6.091607255166295,-0.36450020691573365,7.993735513794754,20.0,0.26579616934481015,-609.1607255166289,10
20,200,14,45,55,both,-6.091607255166295,-0.36450020691573365,7.993735513794754,20.0,0.26579616934481015,-609.1607255166289,10
100,150,14,30,70,payems_only,-16.927928363152446,-0.3665134422714376,17.938467312660823,20.0,0.42355746109960474,-846.3964181576225,20
20,250,21,40,60,unrate_only,-5.978078482814483,-0.3672790343397673,7.585899353008325,12.5,0.2652532436801739,-747.2598103518125,8
100,150,21,30,70,both,-18.175978374073676,-0.3684011947418251,18.37323428779146,23.809523809523807,0.42613105241486965,-865.522779717793,21
100,150,10,35,65,both,-15.540001922370022,-0.37435922383464426,15.540001922370037,23.52941176470588,0.33965796855859237,-914.1177601394118,17
100,250,14,40,60,neither,-21.75454163723474,-0.3760516270547224,21.754541637234695,14.285714285714285,0.42378589896267704,-517.9652770770175,42
100,150,10,35,65,neither,-24.61900590817201,-0.3819878863397339,25.56947260237412,15.686274509803921,0.4839800378343856,-482.725606042588,51
100,150,21,40,60,neither,-24.21141619627716,-0.38209256383060536,25.718721134898747,18.0,0.4767885884389551,-484.2283239255435,50
50,200,21,40,60,unrate_only,-8.28631847208459,-0.3828566499402609,8.286318472084604,22.22222222222222,0.14797946195959147,-920.7020524538433,9
50,150,21,40,60,unrate_only,-8.28631847208459,-0.3828566499402609,8.286318472084604,22.22222222222222,0.14797946195959147,-920.7020524538433,9
100,250,10,40,60,both,-8.72272493851847,-0.38306698149421636,9.698535042005858,22.22222222222222,0.19589651944644637,-969.1916598353861,9
20,200,21,40,60,unrate_only,-6.669747521150684,-0.3913270725454549,8.26574051230141,11.11111111111111,0.24447058909064667,-741.0830579056337,9
100,150,21,40,60,both,-14.610739695263838,-0.3920723298181698,14.610739695263897,26.666666666666668,0.2034179416704811,-974.0493130175887,15
50,250,10,45,55,both,-6.36332426674811,-0.39637195641231365,7.363826950076996,16.666666666666664,0.10186547445670538,-1060.5540444580172,6
50,250,10,45,55,payems_only,-6.36332426674811,-0.39637195641231365,7.363826950076996,16.666666666666664,0.10186547445670538,-1060.5540444580172,6
100,150,10,40,60,both,-13.46979812151182,-0.400255183084336,16.299640558339874,15.384615384615385,0.34564051010732544,-1036.1383170393697,13
100,150,14,35,65,neither,-25.551967380133778,-0.4004645226112634,26.490670514876975,16.9811320754717,0.46466958749080256,-482.112592077996,53
100,150,14,40,60,neither,-25.100662255324963,-0.40148152185168867,26.35214659149411,12.0,0.44036932782470856,-502.01324510649863,50
100,150,14,30,70,neither,-26.039286689243163,-0.40218200560890444,26.97184529407756,14.545454545454545,0.4656506576352289,-473.4415761680585,55
100,150,10,30,70,both,-17.586662300920988,-0.4046088181957896,17.78533889866488,21.052631578947366,0.3081184938006414,-925.6138053116301,19
100,150,14,30,70,both,-18.87361200091489,-0.41316519495414217,18.87361200091487,19.047619047619047,0.39157735741265154,-898.7434286149934,21
50,250,21,40,60,unrate_only,-9.331641964906986,-0.41408188093645154,9.331641964906973,20.0,0.13361783671356667,-933.1641964906996,10
100,150,21,35,65,payems_only,-18.175278751265857,-0.4177881680308058,19.170644175833328,27.77777777777778,0.3170021186308989,-1009.7377084036589,18
50,250,14,35,65,unrate_only,-9.79633901138218,-0.4253721842708771,9.820473331501663,9.090909090909092,0.16192391177542337,-890.5762737620189,11
50,100,14,45,55,unrate_only,-6.212380823139058,-0.43460981837283696,6.738137045694355,16.666666666666664,0.037374267986073524,-1035.3968038565083,6
50,100,14,35,65,unrate_only,-9.437947579059372,-0.4363942154711024,10.45565667091563,10.0,0.1663190324043805,-943.7947579059368,10
20,150,10,45,55,unrate_only,-3.8891718789874865,-0.43986176774049546,3.889171878987457,0.0,0.0,-972.2929697468704,4
20,100,10,45,55,unrate_only,-3.8891718789874865,-0.43986176774049546,3.889171878987457,0.0,0.0,-972.2929697468704,4
100,150,21,35,65,both,-20.09174740506441,-0.4661712240567629,20.09174740506441,26.31578947368421,0.2907941130292088,-1057.4603897402333,19
20,250,14,35,65,unrate_only,-7.44799401995966,-0.4750912310722475,9.061507015932243,8.333333333333332,0.21801358163436918,-620.6661683299706,12
20,250,21,35,65,unrate_only,-10.013443247137126,-0.4798886284053058,11.320529679522194,13.333333333333334,0.2958131625330782,-667.5628831424738,15
20,100,21,40,60,unrate_only,-8.452096638662871,-0.48051714640816695,8.452096638662885,10.0,0.20029715739746573,-845.2096638662873,10
20,150,21,40,60,unrate_only,-8.452096638662871,-0.48051714640816695,8.452096638662885,10.0,0.20029715739746573,-845.2096638662873,10
50,200,14,35,65,unrate_only,-9.754123233099147,-0.4893368563984814,11.037358527144955,10.0,0.16067024087018314,-975.4123233099168,10
50,150,14,35,65,unrate_only,-9.754123233099147,-0.4893368563984814,11.037358527144955,10.0,0.16067024087018314,-975.4123233099168,10
20,200,14,35,65,unrate_only,-8.128849675101737,-0.4937487875132321,9.730492918103309,7.6923076923076925,0.20346862626635964,-625.2961288539772,13
50,100,10,45,55,both,-8.548522353352062,-0.49515380248626895,10.121328651035686,16.666666666666664,0.07571155823352893,-1424.753725558677,6
50,100,10,45,55,payems_only,-8.548522353352062,-0.49515380248626895,10.121328651035686,16.666666666666664,0.07571155823352893,-1424.753725558677,6
20,200,21,35,65,unrate_only,-10.675426263098576,-0.4985218526350614,11.972897159009554,12.5,0.28265463131018653,-667.2141414436605,16
50,100,10,45,55,unrate_only,-4.972242428101993,-0.506308012853771,4.972242428101993,0.0,0.0,-1657.4141427006623,3
20,200,10,45,55,unrate_only,-4.734668207406416,-0.5165501801415152,4.734668207406445,0.0,0.0,-946.9336414812846,5
20,250,21,30,70,unrate_only,-11.36818419755614,-0.5178827859785722,11.460541215668446,11.76470588235294,0.2671021530301325,-668.7167175033023,17
50,100,21,40,60,both,-16.075972669271113,-0.5242996163144333,18.522664823401456,17.647058823529413,0.11281797456308253,-945.6454511335966,17
50,100,21,40,60,payems_only,-16.075972669271113,-0.5242996163144333,18.522664823401456,17.647058823529413,0.11281797456308253,-945.6454511335966,17
50,150,10,45,55,payems_only,-9.150607939049731,-0.5279847893316337,10.121328651035686,14.285714285714285,0.07108405335989869,-1307.2297055785343,7
50,200,10,45,55,both,-9.150607939049731,-0.5279847893316337,10.121328651035686,14.285714285714285,0.07108405335989869,-1307.2297055785343,7
50,200,10,45,55,payems_only,-9.150607939049731,-0.5279847893316337,10.121328651035686,14.285714285714285,0.07108405335989869,-1307.2297055785343,7
50,150,10,45,55,both,-9.150607939049731,-0.5279847893316337,10.121328651035686,14.285714285714285,0.07108405335989869,-1307.2297055785343,7
50,200,14,45,55,unrate_only,-6.992718853894359,-0.5283097688023827,7.514100644312785,16.666666666666664,0.03307438183789526,-1165.4531423157266,6
50,150,14,45,55,unrate_only,-6.992718853894359,-0.5283097688023827,7.514100644312785,16.666666666666664,0.03307438183789526,-1165.4531423157266,6
50,250,14,45,55,unrate_only,-6.992718853894359,-0.5283097688023827,7.514100644312785,16.666666666666664,0.03307438183789526,-1165.4531423157266,6
50,250,21,40,60,payems_only,-15.308913526668183,-0.5303382614495099,17.233058721834833,17.647058823529413,0.11846616968874024,-900.524325098127,17
20,150,21,35,65,unrate_only,-11.603646678864724,-0.5341835275487704,11.972897159009575,12.5,0.26402497467598673,-725.2279174290458,16
20,100,21,35,65,unrate_only,-11.603646678864724,-0.5341835275487704,11.972897159009575,12.5,0.26402497467598673,-725.2279174290458,16
20,200,21,30,70,unrate_only,-12.0202011082174,-0.5352576031072926,12.111878705096062,11.11111111111111,0.2563274259104774,-667.7889504565225,18
20,250,10,45,55,unrate_only,-4.028658326604986,-0.5354000014851479,4.028658326605,0.0,0.0,-1007.1645816512457,4
50,200,21,40,60,payems_only,-15.4385173082048,-0.5447594648503805,17.35971796098922,17.647058823529413,0.11753822306181697,-908.1480769532212,17
20,250,14,40,60,payems_only,-11.366798017908222,-0.5477499372806268,13.175823163762804,15.789473684210526,0.22348465039311127,-598.2525272583287,19
50,150,21,40,60,payems_only,-16.72020190208942,-0.5505064976557109,18.612283230093205,16.666666666666664,0.10893979555679908,-928.9001056716343,18
50,150,10,45,55,unrate_only,-5.59787303077284,-0.5583343213110178,5.59787303077284,0.0,0.0,-1399.46825769321,4
50,200,10,45,55,unrate_only,-5.59787303077284,-0.5583343213110178,5.59787303077284,0.0,0.0,-1399.46825769321,4
50,250,10,45,55,unrate_only,-5.59787303077284,-0.5583343213110178,5.59787303077284,0.0,0.0,-1399.46825769321,4
20,250,21,40,60,both,-12.949553706556413,-0.5653848969411235,15.291975458719476,16.666666666666664,0.20394308437128325,-719.4196503642445,18
20,250,21,40,60,payems_only,-12.949553706556413,-0.5653848969411235,15.291975458719476,16.666666666666664,0.20394308437128325,-719.4196503642445,18
50,100,10,45,55,neither,-31.650149411390576,-0.5679514198777683,35.2958931926117,20.0,0.3397669342238991,-486.92537555985433,65
50,150,14,45,55,payems_only,-8.335404981139233,-0.5730061084958245,8.794551459847028,12.5,0.028270319249501172,-1041.9256226424047,8
50,250,14,45,55,payems_only,-8.335404981139233,-0.5730061084958245,8.794551459847028,12.5,0.028270319249501172,-1041.9256226424047,8
50,200,14,45,55,payems_only,-8.335404981139233,-0.5730061084958245,8.794551459847028,12.5,0.028270319249501172,-1041.9256226424047,8
20,250,14,40,60,both,-12.146512939909764,-0.5840994614671094,13.175823163762809,15.0,0.21070931032896564,-607.3256469954869,20
50,100,21,35,65,neither,-39.7569930984595,-0.5914087773165176,43.614812565246574,23.232323232323232,0.4112076145850128,-401.58578887332794,99
50,250,21,40,60,both,-17.2925171369866,-0.5992441690607271,18.176242001072502,16.666666666666664,0.10409085745690855,-960.6953964992545,18
50,100,10,35,65,neither,-38.876417724579746,-0.6005754463356131,42.65177765951775,21.59090909090909,0.39325692791777217,-441.77747414295055,88
20,100,14,35,65,unrate_only,-10.304996737751324,-0.6021738896943407,10.943264782774465,7.142857142857142,0.16625427359329073,-736.0711955536647,14
20,150,14,35,65,unrate_only,-10.304996737751324,-0.6021738896943407,10.943264782774465,7.142857142857142,0.16625427359329073,-736.0711955536647,14
50,100,10,30,70,neither,-39.97593697916614,-0.6081407480322366,43.38919632321826,23.157894736842106,0.4070575794068494,-420.7993366228015,95
50,200,21,40,60,both,-17.419085386217787,-0.6144839163820452,18.301457875585257,16.666666666666664,0.10336771800180544,-967.7269659009878,18
50,150,21,40,60,both,-18.670750832945604,-0.6157266523878294,19.5397493464828,15.789473684210526,0.09659383144707344,-982.6710964708207,19
50,250,21,30,70,unrate_only,-18.466639056989283,-0.6172379763339112,18.663194265248514,12.5,0.06940235438857004,-1154.1649410618302,16
50,100,14,40,60,neither,-39.99675145146166,-0.6187556447489645,43.871832292484136,21.73913043478261,0.39580455151649,-434.7472983854523,92
20,150,21,30,70,unrate_only,-14.104173935963335,-0.619184607369327,14.948526536236026,10.526315789473683,0.22522491537329853,-742.3249439980694,19
50,100,14,40,60,unrate_only,-10.016271792362357,-0.6192991360588317,10.181477443452419,11.11111111111111,0.02292769495383595,-1112.9190880402614,9
20,200,10,45,55,payems_only,-7.148760206088525,-0.6229744878066795,7.14876020608854,0.0,0.0,-1021.2514580126447,7
20,150,10,45,55,both,-7.148760206088525,-0.6229744878066795,7.14876020608854,0.0,0.0,-1021.2514580126447,7
20,150,10,45,55,payems_only,-7.148760206088525,-0.6229744878066795,7.14876020608854,0.0,0.0,-1021.2514580126447,7
20,100,10,45,55,payems_only,-7.148760206088525,-0.6229744878066795,7.14876020608854,0.0,0.0,-1021.2514580126447,7
20,100,10,45,55,both,-7.148760206088525,-0.6229744878066795,7.14876020608854,0.0,0.0,-1021.2514580126447,7
20,100,21,30,70,unrate_only,-15.215646559615415,-0.6258035680491734,16.049073427603844,10.0,0.2122649160334594,-760.7823279807697,20
50,100,21,30,70,unrate_only,-18.142695907784393,-0.6259734309788214,20.25264191887862,13.333333333333334,0.07021187471080775,-1209.5130605189597,15
50,100,21,40,60,neither,-40.54059923731638,-0.6264124274417329,44.34823842306739,21.27659574468085,0.3717213358146498,-431.2829706097483,94
20,250,10,45,55,payems_only,-6.460641123252732,-0.6295719445444781,6.460641123252716,0.0,0.0,-1076.7735205421207,6
50,150,10,45,55,neither,-32.712851237747806,-0.6300027143333639,35.835263682695704,18.461538461538463,0.27057694121820647,-503.27463442688935,65
50,250,21,45,55,neither,-31.70776594512943,-0.6328419994002299,35.05075288864918,21.91780821917808,0.27770975695252254,-434.352958152459,73
50,250,21,35,65,unrate_only,-16.897233214844835,-0.6331948361998035,16.89723321484485,14.285714285714285,0.07670197738554772,-1206.945229631774,14
50,100,14,45,55,payems_only,-11.493048665122057,-0.636730538404553,11.93637855752175,10.0,0.02035545848813959,-1149.3048665122076,10
50,100,14,45,55,both,-11.493048665122057,-0.636730538404553,11.93637855752175,10.0,0.02035545848813959,-1149.3048665122076,10
50,100,21,35,65,unrate_only,-16.567054602450344,-0.6469747996067023,16.567054602450355,15.384615384615385,0.07773538864933159,-1274.3888155731045,13
50,100,10,30,70,unrate_only,-15.491453020138795,-0.6490527888116687,17.669737213356978,9.090909090909092,0.009316056432858048,-1408.3139109217097,11
20,100,14,40,60,both,-13.158587125782375,-0.6548041643915514,14.214978623076,10.526315789473683,0.13845696880016986,-692.5572171464423,19
20,150,14,40,60,payems_only,-13.158587125782375,-0.6548041643915514,14.214978623076,10.526315789473683,0.13845696880016986,-692.5572171464423,19
20,100,14,40,60,payems_only,-13.158587125782375,-0.6548041643915514,14.214978623076,10.526315789473683,0.13845696880016986,-692.5572171464423,19
20,200,14,40,60,payems_only,-13.158587125782375,-0.6548041643915514,14.214978623076,10.526315789473683,0.13845696880016986,-692.5572171464423,19
20,150,14,40,60,both,-13.158587125782375,-0.6548041643915514,14.214978623076,10.526315789473683,0.13845696880016986,-692.5572171464423,19
50,250,14,35,65,payems_only,-18.799232645284487,-0.6550544473900185,19.78700791710651,10.0,0.11349903279389723,-939.9616322642225,20
50,150,21,30,70,unrate_only,-18.428481023817206,-0.6621021425724761,18.62512822092703,13.333333333333334,0.06866217180396735,-1228.5654015878135,15
50,200,21,30,70,unrate_only,-18.428481023817206,-0.6621021425724761,18.62512822092703,13.333333333333334,0.06866217180396735,-1228.5654015878135,15
50,100,14,30,70,neither,-43.75618701526368,-0.6692109349886255,47.05460699952428,22.330097087378643,0.3869797848439045,-424.81734966275434,103
50,100,21,30,70,neither,-43.90453527623282,-0.6706014244760669,47.1942553725832,22.330097087378643,0.39031247142483716,-426.25762404109446,103
50,250,14,40,60,unrate_only,-10.139878610638755,-0.6803795444445525,10.139878610638771,11.11111111111111,0.022770641288174017,-1126.653178959863,9
20,200,10,45,55,both,-7.965581618094875,-0.680961564318676,7.965581618094861,0.0,0.0,-995.6977022618582,8
50,100,14,45,55,neither,-37.49334700052424,-0.6843235471487672,39.29430385065983,19.230769230769234,0.296595721360804,-480.68393590415667,78
50,250,21,40,60,neither,-36.577667818366706,-0.6848408596738191,39.68226721162162,19.767441860465116,0.26878212200025253,-425.3217188182176,86
50,100,10,40,60,unrate_only,-11.753583111947155,-0.6855074205717132,11.753583111947155,12.5,0.019451366727685257,-1469.1978889933932,8
50,250,10,30,70,unrate_only,-18.09242418888451,-0.688116339585181,18.289881529479356,7.142857142857142,0.007814523376228127,-1292.3160134917493,14
20,200,14,40,60,both,-13.922539504253365,-0.690991324906912,14.214978623075986,10.0,0.1308532000062322,-696.1269752126682,20
50,250,14,45,55,both,-10.48233955465004,-0.6919679287092146,10.482339554650025,11.11111111111111,0.022093183460246715,-1164.7043949611136,9
50,150,14,45,55,both,-10.48233955465004,-0.6919679287092146,10.482339554650025,11.11111111111111,0.022093183460246715,-1164.7043949611136,9
50,200,14,45,55,both,-10.48233955465004,-0.6919679287092146,10.482339554650025,11.11111111111111,0.022093183460246715,-1164.7043949611136,9
20,250,10,45,55,both,-7.283515985941238,-0.6920632933340869,7.283515985941268,0.0,0.0,-1040.502283705891,7
50,100,14,35,65,neither,-43.72796703439146,-0.6930455686082829,47.362081554941476,20.408163265306122,0.3726251508912027,-446.20374524889274,98
50,150,21,35,65,unrate_only,-16.858340691649413,-0.6936481789110884,16.858340691649413,15.384615384615385,0.07590683810927418,-1296.7954378191848,13
50,200,21,35,65,unrate_only,-16.858340691649413,-0.6936481789110884,16.858340691649413,15.384615384615385,0.07590683810927418,-1296.7954378191848,13
20,250,10,35,65,unrate_only,-11.199423915727676,-0.6963884794197893,11.978767856053473,7.6923076923076925,0.15525447629410236,-861.4941473636686,13
50,250,10,40,60,payems_only,-16.11565645385151,-0.6985560495487025,17.136076370401685,15.384615384615385,0.05185145301047161,-1239.6658810655008,13
50,100,10,40,60,both,-18.395901173750463,-0.701138224981164,19.55454360719419,14.285714285714285,0.04458133352452704,-1313.9929409821762,14
50,100,10,40,60,payems_only,-18.395901173750463,-0.701138224981164,19.55454360719419,14.285714285714285,0.04458133352452704,-1313.9929409821762,14
20,200,10,35,65,unrate_only,-11.852682305609473,-0.7049991780872022,12.626293028989293,7.142857142857142,0.14796375405199522,-846.6201646863904,14
50,100,21,45,55,neither,-41.547890573954746,-0.7073066108829054,43.55722536665167,21.951219512195124,0.2403196418412596,-506.68159236530096,82
20,250,14,35,65,payems_only,-15.515024905405545,-0.7097422517614836,17.239383734548326,13.043478260869565,0.17154186901023305,-674.5663002350243,23
50,250,14,30,70,unrate_only,-18.61932612021007,-0.7102687714446323,18.61932612021007,6.666666666666667,0.08557630525014637,-1241.288408014005,15
50,200,21,45,55,neither,-35.81826121326708,-0.7120353051349398,37.69964453523023,18.181818181818183,0.2522702563294177,-465.1722235489233,77
50,150,10,30,70,unrate_only,-16.93318496640425,-0.7129765343939509,17.13343692387937,8.333333333333332,0.008345038169372493,-1411.0987472003533,12
50,200,10,30,70,unrate_only,-16.93318496640425,-0.7129765343939509,17.13343692387937,8.333333333333332,0.008345038169372493,-1411.0987472003533,12
50,100,14,30,70,unrate_only,-17.168111716582427,-0.716250979157606,17.320186945153818,7.6923076923076925,0.09285526647785192,-1320.6239781986492,13
20,250,10,30,70,unrate_only,-12.770031276812983,-0.7202196648616391,12.860927528101094,6.666666666666667,0.13748021733307908,-851.3354184541981,15
50,250,21,35,65,neither,-38.6677730611461,-0.7211609512549698,41.670059290482804,18.88888888888889,0.2517036056801631,-429.6419229016237,90
50,250,14,35,65,both,-20.7010872794928,-0.7212997447904217,20.70108727949277,9.523809523809524,0.1019669296005931,-985.7660609282284,21
20,200,21,40,60,both,-16.259448971853708,-0.7277005530902467,17.278119709200514,10.526315789473683,0.11855887556367736,-855.7604722028265,19
20,200,21,40,60,payems_only,-16.259448971853708,-0.7277005530902467,17.278119709200514,10.526315789473683,0.11855887556367736,-855.7604722028265,19
50,250,10,45,55,neither,-33.773653958206914,-0.7295272347841195,36.19720683731541,15.517241379310345,0.1906407973582436,-582.3043785897743,58
20,200,10,30,70,unrate_only,-13.411735547554038,-0.7299649367047314,13.501963123689597,6.25,0.13176904289748548,-838.2334717221257,16
50,150,14,40,60,unrate_only,-11.352453742014157,-0.7385998060024254,11.352453742014127,10.0,0.02011847502457519,-1135.2453742014163,10
50,200,14,40,60,unrate_only,-11.352453742014157,-0.7385998060024254,11.352453742014127,10.0,0.02011847502457519,-1135.2453742014163,10
20,150,10,35,65,unrate_only,-12.76866921107129,-0.7398338123611986,12.82630890667937,7.142857142857142,0.13757868591212571,-912.0478007908058,14
20,100,10,35,65,unrate_only,-12.76866921107129,-0.7398338123611986,12.82630890667937,7.142857142857142,0.13757868591212571,-912.0478007908058,14
50,150,21,45,55,neither,-38.06710685508216,-0.7407648951523432,39.14041375374971,18.9873417721519,0.23528422153518905,-481.8621120896483,79
50,100,10,40,60,neither,-43.73111833701989,-0.741273342104991,45.729784615675115,20.0,0.26191803858289964,-546.6389792127486,80
20,250,14,35,65,both,-16.258247470911883,-0.7426951010100911,17.239383734548266,12.5,0.16378017939211043,-677.4269779546621,24
50,200,14,35,65,payems_only,-19.81006772608188,-0.7441059710560352,20.78554658828578,10.0,0.10699087738655833,-990.5033863040929,20
50,100,10,35,65,unrate_only,-14.916068782552772,-0.7491356155191599,14.916068782552786,10.0,0.009737156725080994,-1491.606878255277,10
20,250,21,35,65,payems_only,-19.652042203559816,-0.7590074339236625,21.814108133122325,14.814814814814813,0.20559321773905842,-727.8534149466612,27
50,100,14,35,65,payems_only,-21.93984292410797,-0.7658787787242458,23.048167280976187,9.523809523809524,0.09586070689742611,-1044.754424957522,21
50,100,14,35,65,both,-21.93984292410797,-0.7658787787242458,23.048167280976187,9.523809523809524,0.09586070689742611,-1044.754424957522,21
50,250,14,45,55,neither,-35.48589332926807,-0.7664118953516856,38.316744638768,18.461538461538463,0.198481485857795,-545.9368204502777,65
50,250,21,30,70,neither,-40.71009356431307,-0.7693978047762913,43.61240575017241,18.478260869565215,0.23929327638823902,-442.50101700340315,92
50,200,10,40,60,payems_only,-17.674320355373073,-0.7694682388069173,18.675779741017436,15.384615384615385,0.046869356114130824,-1359.5631042594675,13
20,100,21,45,55,neither,-41.28894357226091,-0.771566015634789,43.82678633341987,23.076923076923077,0.3604925400188233,-397.0090728102005,104
50,150,21,40,60,neither,-45.13574630215608,-0.7736555436583958,46.46650151513918,19.565217391304348,0.2431879391953778,-490.6059380669134,92
20,150,21,40,60,payems_only,-16.62440414286508,-0.775254717805519,17.638635344663214,10.526315789473683,0.11581074778358369,-874.9686390981623,19
20,150,21,40,60,both,-16.62440414286508,-0.775254717805519,17.638635344663214,10.526315789473683,0.11581074778358369,-874.9686390981623,19
20,100,21,40,60,payems_only,-16.62440414286508,-0.775254717805519,17.638635344663214,10.526315789473683,0.11581074778358369,-874.9686390981623,19
20,100,21,40,60,both,-16.62440414286508,-0.775254717805519,17.638635344663214,10.526315789473683,0.11581074778358369,-874.9686390981623,19
50,150,14,45,55,neither,-38.673176527814654,-0.7765203428969653,40.52017066028689,17.80821917808219,0.22950634222030153,-529.7695414769132,73
50,250,10,30,70,payems_only,-23.530480196824342,-0.7772857506330345,25.50155119736985,9.523809523809524,0.030363718878781518,-1120.499056991636,21
50,250,10,40,60,both,-18.080364826789026,-0.7777648888045048,18.080364826789026,14.285714285714285,0.04543973699459445,-1291.4546304849298,14
20,250,21,45,55,neither,-35.54253205552803,-0.7784445053933376,36.08798142828129,25.806451612903224,0.29651846430874473,-382.1777640379364,93
50,200,14,30,70,unrate_only,-18.581239545370597,-0.7789787497279019,18.581239545370583,7.142857142857142,0.08467770808924094,-1327.2313960979009,14
50,150,14,30,70,unrate_only,-18.581239545370597,-0.7789787497279019,18.581239545370583,7.142857142857142,0.08467770808924094,-1327.2313960979009,14
20,100,14,45,55,neither,-40.80000631744772,-0.7791272911510257,44.358956575558985,18.65671641791045,0.43517432109820775,-304.4776590854308,134
50,250,10,35,65,payems_only,-20.611316105156277,-0.7866627954754791,21.57704809721075,11.76470588235294,0.03563249571419781,-1212.43035912684,17
20,250,21,35,65,both,-20.358871024421855,-0.7866888121901446,21.814108133122268,14.285714285714285,0.19847267939352833,-727.102536586495,28
50,150,14,35,65,payems_only,-21.148273963241387,-0.7871677510426931,22.10747407497622,9.523809523809524,0.10090390992826884,-1007.060664916256,21
50,150,10,40,60,neither,-41.185606580350175,-0.7903303694082862,43.91484681914299,18.29268292682927,0.23643231657116576,-502.26349488231904,82
50,250,21,35,65,payems_only,-25.163524656136172,-0.7959287412314462,26.674060408465124,13.043478260869565,0.07017749841092172,-1094.0662893972244,23
50,250,14,30,70,neither,-42.01078420999798,-0.799202634290717,44.84942602533482,18.478260869565215,0.22833560728059404,-456.6389588043257,92
20,200,21,45,55,neither,-37.07220074141404,-0.8051068252935722,37.29482181105248,25.773195876288657,0.30877037764979504,-382.18763650942276,97
50,150,10,35,65,neither,-42.74442356201132,-0.8060027477785531,44.82707289220291,18.88888888888889,0.24526787823990065,-474.9380395779033,90
50,200,10,40,60,unrate_only,-13.40080511791591,-0.8121494303820667,13.400805117915892,11.11111111111111,0.016707451979329917,-1488.9783464351024,9
50,150,10,40,60,unrate_only,-13.40080511791591,-0.8121494303820667,13.400805117915892,11.11111111111111,0.016707451979329917,-1488.9783464351024,9
50,200,14,35,65,both,-21.688246951233552,-0.812865539610981,21.688246951233552,9.523809523809524,0.09655227114867294,-1032.773664344455,21
50,250,10,40,60,unrate_only,-14.387835311902775,-0.8154563416605682,14.387835311902775,10.0,0.01557914829587519,-1438.783531190279,10
20,150,21,45,55,neither,-37.540547099857214,-0.8162424042186589,37.540547099857214,24.742268041237114,0.2861000457756319,-387.0159494830639,97
50,150,10,40,60,payems_only,-19.048167855362422,-0.8164049979389557,20.032914928648754,14.285714285714285,0.04363641841642399,-1360.5834182401736,14
20,150,10,30,70,unrate_only,-15.462747172876625,-0.8189016073773271,16.293745051531094,5.88235294117647,0.11525457499024144,-909.5733631103899,17
20,100,10,30,70,unrate_only,-15.462747172876625,-0.8189016073773271,16.293745051531094,5.88235294117647,0.11525457499024144,-909.5733631103899,17
50,150,21,35,65,neither,-47.56435304912734,-0.8196491128498629,48.84559269818272,19.387755102040817,0.22310529831097214,-485.35054131762524,98
20,100,10,40,60,unrate_only,-8.985408420200985,-0.8207060753551301,8.985408420200969,0.0,0.0,-998.3787133556647,9
20,150,10,40,60,unrate_only,-8.985408420200985,-0.8207060753551301,8.985408420200969,0.0,0.0,-998.3787133556647,9
50,250,10,35,65,neither,-40.789819146216125,-0.8221662158673528,42.95495701405403,17.72151898734177,0.19479181806685383,-516.3268246356467,79
50,150,10,35,65,unrate_only,-16.367616893766623,-0.824190872699493,16.367616893766606,9.090909090909092,0.008689158283263094,-1487.9651721606015,11
50,200,10,35,65,unrate_only,-16.367616893766623,-0.824190872699493,16.367616893766606,9.090909090909092,0.008689158283263094,-1487.9651721606015,11
50,250,10,30,70,neither,-42.01534052240939,-0.8278429857425768,44.13566476696191,17.24137931034483,0.21113724560672317,-482.93494853344043,87
20,150,21,40,60,neither,-43.77643064922078,-0.8293068030582003,47.61509385808858,22.22222222222222,0.38707190271192154,-324.2698566608947,135
50,200,21,40,60,neither,-42.996073796933956,-0.8297028079531755,45.057003950632286,16.304347826086957,0.22158765124957033,-467.3486282275428,92
20,200,14,35,65,payems_only,-17.773715883913948,-0.8312521922512471,18.773966162201067,8.333333333333332,0.1061158255015501,-740.5714951630807,24
50,250,10,40,60,neither,-40.32346988235322,-0.8342948548975097,42.505660737300246,16.43835616438356,0.1720067016370406,-552.3762997582638,73
50,250,10,35,65,unrate_only,-17.320832306835175,-0.8345309595261593,17.32083230683516,8.333333333333332,0.008214897091612508,-1443.402692236263,12
20,250,14,30,70,unrate_only,-14.585627486379742,-0.8370312251321845,14.58562748637973,5.88235294117647,0.12163160434266329,-857.9780874341019,17
50,250,10,30,70,both,-25.321521283641225,-0.8376515122548422,25.50155119736988,9.090909090909092,0.027632775692757572,-1150.9782401655084,22
50,150,14,30,70,neither,-48.834875122126334,-0.8389686149087076,51.209156476066084,19.607843137254903,0.24082311656437896,-478.7732855110431,102
20,200,14,30,70,unrate_only,-15.213975385925515,-0.8421732310129388,15.213975385925515,5.555555555555555,0.11719686847300623,-845.2208547736402,18
50,250,14,30,70,payems_only,-26.31310875426387,-0.8462110996458029,27.209480690159747,8.333333333333332,0.07770598786075056,-1096.3795314276617,24
50,200,10,40,60,both,-19.602522273250464,-0.8469286753389191,19.60252227325048,14.285714285714285,0.041501689067777944,-1400.1801623750316,14
50,150,14,40,60,neither,-43.42280854313405,-0.8477191626890869,44.94035223849438,17.97752808988764,0.22737932430285854,-487.8967252037536,89
50,150,10,30,70,neither,-48.36585329383257,-0.8512265297566087,50.244025303315034,20.0,0.230310650072399,-509.11424519823856,95
50,250,21,35,65,both,-26.916317173709338,-0.8534636652419753,27.509657315745923,12.5,0.0644645582327354,-1121.5132155712222,24
50,150,14,35,65,both,-22.995110212007756,-0.8543436059087076,22.995110212007756,9.090909090909092,0.09156744707159635,-1045.232282363989,22
50,250,10,35,65,both,-22.470728784220466,-0.8553767745251251,22.470728784220466,11.11111111111111,0.03203744661687548,-1248.373821345581,18
50,150,21,30,70,neither,-49.469995756312805,-0.8566390729119935,51.30800501304731,19.607843137254903,0.22548086313111232,-484.9999583952238,102
50,250,21,30,70,payems_only,-28.36016905868042,-0.8567793937703563,30.206750462825116,11.538461538461538,0.061115706514509906,-1090.7757330261716,26
20,200,14,35,65,both,-18.497068524598127,-0.8636615527955801,18.773966162201035,8.0,0.1015816820485163,-739.8827409839259,25
20,250,10,40,60,payems_only,-14.554358181641758,-0.8654779824474985,16.298324451576658,6.25,0.0711169306730117,-909.6473863526115,16
20,200,10,40,60,unrate_only,-9.786072658744247,-0.8751535787141225,9.786072658744247,0.0,0.0,-978.6072658744264,10
50,100,10,35,65,both,-25.952661645239814,-0.8818328578226565,27.004010652647686,10.0,0.026713185674293188,-1297.633082261989,20
50,100,10,35,65,payems_only,-25.952661645239814,-0.8818328578226565,27.004010652647686,10.0,0.026713185674293188,-1297.633082261989,20
50,250,14,35,65,neither,-43.48771264688345,-0.883473737599879,46.254057039982584,16.091954022988507,0.1996694669833102,-499.85876605613134,87
50,200,10,35,65,payems_only,-23.092352764974482,-0.8834960001907718,24.027903925727852,11.11111111111111,0.03113769923640345,-1282.9084869430274,18
50,100,10,30,70,both,-27.415899693578993,-0.8872279875855638,29.432403040630188,9.090909090909092,0.024882804338008692,-1246.1772587990451,22
50,100,10,30,70,payems_only,-27.415899693578993,-0.8872279875855638,29.432403040630188,9.090909090909092,0.024882804338008692,-1246.1772587990451,22
20,250,10,35,65,payems_only,-19.735986784989628,-0.890026275829486,21.374194758594058,12.0,0.13711915800049723,-789.4394713995846,25
50,150,10,40,60,both,-20.94419202024964,-0.8915628306010289,20.944192020249655,13.333333333333334,0.03894666332972534,-1396.2794680166417,15
50,250,14,40,60,payems_only,-18.05113265675606,-0.8916002848485786,19.04800826954273,6.25,0.012376812275202055,-1128.195791047254,16
20,100,14,30,70,unrate_only,-18.29342226018381,-0.8970697392528654,18.347411374272795,5.0,0.09849852577453787,-914.6711130091896,20
50,200,10,30,70,payems_only,-25.728123488118303,-0.8976724908889367,27.64254824618495,9.523809523809524,0.02715299976810048,-1225.1487375294435,21
50,200,21,35,65,neither,-46.218929154688006,-0.8993332127376711,48.17285442427825,16.3265306122449,0.2040250405814975,-471.6217260682451,98
50,250,14,30,70,both,-28.038976134111536,-0.9036564716358909,28.038976134111536,8.0,0.07168029362309362,-1121.5590453644616,25
20,250,10,40,60,both,-15.306031826008503,-0.904878932492235,16.298324451576658,5.88235294117647,0.06730460818911019,-900.3548132946185,17
50,200,10,45,55,neither,-41.41509855594725,-0.905893144718179,43.68174807905002,12.121212121212121,0.14818650141721104,-627.5014932719288,66
20,250,21,30,70,payems_only,-24.589031218078237,-0.9103146219105107,26.44481877126698,12.5,0.16596257724895488,-768.4072255649445,32
50,250,21,30,70,both,-30.038090941788614,-0.9106278569816951,30.206750462825198,11.11111111111111,0.05662014138016917,-1112.5218867329102,27
20,100,21,40,60,neither,-51.45943182133885,-0.9138126909263082,52.671032909604975,21.333333333333336,0.37328764150202964,-343.0628788089257,150
20,250,10,40,60,unrate_only,-9.117498657159972,-0.9139458524148166,9.117498657159988,0.0,0.0,-1013.0554063511076,9
20,200,21,35,65,payems_only,-23.221363094876956,-0.9145774150554614,24.155344895908264,10.344827586206897,0.14826995762349823,-800.7366584440331,29
20,250,10,35,65,both,-20.442077137181986,-0.9208339236623825,21.374194758594093,11.538461538461538,0.13199722805929306,-786.2337360454608,26
50,150,21,35,65,payems_only,-28.87813872685848,-0.9211907797068075,30.49399693979,12.0,0.059272487650182996,-1155.1255490743401,25
50,100,21,35,65,payems_only,-29.726778613887667,-0.9225821722716441,31.775499878577374,12.0,0.05735959602822397,-1189.0711445555066,25
50,100,21,35,65,both,-29.726778613887667,-0.9225821722716441,31.775499878577374,12.0,0.05735959602822397,-1189.0711445555066,25
50,200,14,45,55,neither,-42.231825949536244,-0.9236597550614593,44.330607050045465,13.88888888888889,0.1766010982617558,-586.5531381880038,72
50,150,10,35,65,payems_only,-24.37578436663265,-0.9240352591331843,25.295723088729442,10.526315789473683,0.029546680483531578,-1282.9360192964557,19
20,150,14,30,70,unrate_only,-17.222297451831516,-0.9270206088426599,17.276994331207963,5.263157894736842,0.10398752009585996,-906.4367079911315,19
50,250,14,40,60,neither,-43.233418421255415,-0.9276401684977011,45.3092012280562,14.814814814814813,0.17058874801739024,-533.7459064352518,81
50,200,21,35,65,payems_only,-27.783566021782796,-0.9342963554231943,29.424292457557282,12.5,0.061793133838542263,-1157.6485842409502,24
20,200,14,45,55,neither,-42.73597198692264,-0.9345164460485069,43.356254426587206,18.333333333333332,0.2953060290474411,-356.13309989102186,120
50,200,14,40,60,payems_only,-19.15695309243335,-0.9346799861707015,20.140376836265805,5.88235294117647,0.011515036877840262,-1126.8795936725508,17
50,150,10,30,70,payems_only,-26.967569458146507,-0.9354049758978406,28.850046375889924,9.090909090909092,0.025937400365325165,-1225.7986117339326,22
20,250,21,30,70,both,-25.25242886508787,-0.9357130519580696,26.444818771266892,12.121212121212121,0.16111248328495464,-765.2251171238752,33
50,150,14,35,65,neither,-50.96066745410539,-0.9363037175185926,52.2350392641769,17.708333333333336,0.19145695312565297,-530.8402859802653,96
20,150,14,35,65,payems_only,-20.427624137544147,-0.9389025134165006,21.395590669851767,7.6923076923076925,0.0919384627592596,-785.6778514440069,26
20,100,14,35,65,both,-20.427624137544147,-0.9389025134165006,21.395590669851767,7.6923076923076925,0.0919384627592596,-785.6778514440069,26
20,150,14,35,65,both,-20.427624137544147,-0.9389025134165006,21.395590669851767,7.6923076923076925,0.0919384627592596,-785.6778514440069,26
20,100,14,35,65,payems_only,-20.427624137544147,-0.9389025134165006,21.395590669851767,7.6923076923076925,0.0919384627592596,-785.6778514440069,26
20,200,21,35,65,both,-23.896792251751556,-0.9415181591996361,24.155344895908286,10.0,0.1435954926867061,-796.5597417250523,30
50,100,14,40,60,both,-21.424503765012734,-0.9461605188354993,22.380343650281493,5.555555555555555,0.010153469233687434,-1190.2502091673744,18
50,100,14,40,60,payems_only,-21.424503765012734,-0.9461605188354993,22.380343650281493,5.555555555555555,0.010153469233687434,-1190.2502091673744,18
20,150,10,45,55,neither,-42.48374536734872,-0.94890431791406,43.991503688040424,18.803418803418804,0.293108693699105,-363.1089347636641,117
50,200,21,30,70,neither,-48.306183799989775,-0.9492112147584663,50.30621727190765,15.841584158415841,0.19452106589469917,-478.2790475246515,101
50,200,10,35,65,both,-24.8936555120414,-0.95006511100923,24.8936555120414,10.526315789473683,0.02829093642726414,-1310.1923953705993,19
20,100,21,35,65,payems_only,-23.555977092727424,-0.9555182974557633,24.48588844660104,10.344827586206897,0.1459270740777996,-812.2750721630161,29
20,150,21,35,65,both,-23.555977092727424,-0.9555182974557633,24.48588844660104,10.344827586206897,0.1459270740777996,-812.2750721630161,29
20,150,21,35,65,payems_only,-23.555977092727424,-0.9555182974557633,24.48588844660104,10.344827586206897,0.1459270740777996,-812.2750721630161,29
20,100,21,35,65,both,-23.555977092727424,-0.9555182974557633,24.48588844660104,10.344827586206897,0.1459270740777996,-812.2750721630161,29
20,150,10,30,70,neither,-50.68824392582187,-0.9581423022831241,54.160828320278476,19.745222929936308,0.36877362462784785,-322.8550568523682,157
50,200,10,30,70,both,-27.46769217862608,-0.9586193925223527,27.642548246184962,9.090909090909092,0.024895310987751287,-1248.5314626648217,22
20,150,10,35,65,neither,-50.233495493089904,-0.9669810467018796,53.677056105212,19.607843137254903,0.3579568562409278,-328.3234999548364,153
20,150,14,30,70,neither,-51.23630785824359,-0.9701905275052347,54.67029702895619,20.754716981132077,0.3725228161680929,-322.24092992606074,159
20,150,21,35,65,neither,-50.884457244603084,-0.972440565101656,54.00582907752729,20.64516129032258,0.36148478022434744,-328.2868209329227,155
50,200,14,30,70,neither,-49.10669032543257,-0.9731416944664806,51.07575220416839,15.841584158415841,0.18885162536779737,-486.20485470725384,101
50,250,14,40,60,both,-19.970509014913333,-0.9733928049082711,19.970509014913333,5.88235294117647,0.01094112781965529,-1174.7358244066663,17
20,150,14,45,55,neither,-44.927486510074395,-0.9759382668413005,44.94772510745155,18.4,0.27317178636508144,-359.4198920805958,125
50,200,10,30,70,neither,-48.225697975219184,-0.9766283491887287,50.228845443266366,15.789473684210526,0.19005744685074294,-507.63892605493754,95
50,150,21,35,65,both,-30.54392891409855,-0.9767225098815859,31.28606317880577,11.538461538461538,0.05497724497169761,-1174.7664966960972,26
50,150,14,40,60,payems_only,-20.506058479293397,-0.9794834217692532,21.47307088880433,5.555555555555555,0.010765611797612084,-1139.2254710718564,18
20,150,21,30,70,neither,-51.64190590571081,-0.9842457727042802,54.71514065650111,20.253164556962027,0.35627423921903467,-326.8475057323467,158
20,100,10,40,60,neither,-54.584396353357704,-0.9847646615080122,55.34505304120063,17.901234567901234,0.3582261483117956,-336.94071823060244,162
20,250,10,30,70,payems_only,-23.842864369906092,-0.9856850520872404,25.220934274767824,10.344827586206897,0.11262608205978984,-822.167736893313,29
20,100,10,45,55,neither,-45.44348861840678,-0.9862695347547706,46.30528995529479,18.253968253968253,0.31361376160618903,-360.66260808259347,126
50,200,14,40,60,neither,-47.21712079812308,-0.9882255601233871,49.259290111750396,14.606741573033707,0.17096631451448716,-530.5294471699216,89
20,200,10,35,65,payems_only,-21.358586233241308,-0.9889898613285467,22.315227979255777,8.0,0.08908066797489589,-854.3434493296529,25
50,150,10,35,65,both,-26.147027048766436,-0.9891401856424451,26.147027048766436,10.0,0.026971372446383948,-1307.3513524383216,20
50,200,21,35,65,both,-29.474992890047435,-0.9924401880156859,30.22854867684517,12.0,0.05716357026328603,-1178.9997156018967,25
50,200,14,30,70,payems_only,-29.396539734396963,-0.9934709713492788,30.255402949947364,8.0,0.06872052687883509,-1175.861589375879,25
50,150,10,30,70,both,-28.678108299076005,-0.9952385543323606,28.85004637588995,8.695652173913043,0.02386963644489096,-1246.8742738728697,23
50,200,10,35,65,neither,-48.069042900113274,-1.0010248111593496,50.0782513521773,14.606741573033707,0.17139137129694176,-540.1016056192509,89
20,150,10,40,60,both,-16.28170828184897,-1.007596863819914,17.300108243479002,0.0,0.0,-1017.6067676155619,16
20,200,10,40,60,payems_only,-16.28170828184897,-1.007596863819914,17.300108243479002,0.0,0.0,-1017.6067676155619,16
20,150,10,40,60,payems_only,-16.28170828184897,-1.007596863819914,17.300108243479002,0.0,0.0,-1017.6067676155619,16
20,100,10,40,60,payems_only,-16.28170828184897,-1.007596863819914,17.300108243479002,0.0,0.0,-1017.6067676155619,16
20,100,10,40,60,both,-16.28170828184897,-1.007596863819914,17.300108243479002,0.0,0.0,-1017.6067676155619,16
20,250,10,30,70,both,-24.51282611945091,-1.0133174561156653,25.220934274767814,10.0,0.10902485431055212,-817.0942039816962,30
50,200,14,40,60,both,-21.05042932933921,-1.0143845890159249,21.050429329339227,5.555555555555555,0.010246951750245892,-1169.4682960744003,18
20,200,10,45,55,neither,-44.02599698239691,-1.0182405117188666,46.46631116481257,18.26086956521739,0.2557795789699517,-382.8347563686691,115
20,200,10,35,65,both,-22.05040241983949,-1.0196267234803587,22.315227979255788,7.6923076923076925,0.08583179700657254,-848.0924007630575,26
50,150,21,30,70,payems_only,-34.00320574445276,-1.0200152389598245,35.704332776777534,10.344827586206897,0.0489778394560336,-1172.524336015612,29
50,200,10,40,60,neither,-47.81421970527803,-1.0232712090031817,49.833287265385444,13.414634146341465,0.13558793455688256,-583.1002403082684,82
20,200,21,40,60,neither,-49.100350569740286,-1.0278846916931605,49.64245091931304,20.74074074074074,0.2896745486540755,-363.7063005165949,135
50,150,14,30,70,payems_only,-30.574767327478575,-1.0286448607324363,31.419297869595724,7.6923076923076925,0.06624775434364913,-1175.9525895184072,26
20,250,21,40,60,neither,-47.98751722886671,-1.0354466149867878,48.54146967073983,20.3125,0.25882468828909955,-374.90247835052145,128
20,100,10,35,65,neither,-57.159643509110595,-1.036761490358124,57.819914225582416,19.411764705882355,0.360287073685957,-336.23319711241504,170
50,100,14,30,70,payems_only,-32.71827917799544,-1.0377086755966847,33.66749656771994,7.6923076923076925,0.059816958784677944,-1258.3953529998253,26
50,100,14,30,70,both,-32.71827917799544,-1.0377086755966847,33.66749656771994,7.6923076923076925,0.059816958784677944,-1258.3953529998253,26
50,100,21,30,70,both,-36.66410452930628,-1.0381239647048215,37.55765381193538,10.0,0.04409039866584962,-1222.1368176435444,30
50,100,21,30,70,payems_only,-36.66410452930628,-1.0381239647048215,37.55765381193538,10.0,0.04409039866584962,-1222.1368176435444,30
20,200,21,30,70,payems_only,-28.02969641257047,-1.042504653918258,28.73716167323581,8.571428571428571,0.1223765981627945,-800.8484689305843,35
20,150,10,35,65,both,-22.860419247770626,-1.0444783851781272,23.798791788179187,7.6923076923076925,0.08225109604641348,-879.2468941450254,26
20,150,10,35,65,payems_only,-22.860419247770626,-1.0444783851781272,23.798791788179187,7.6923076923076925,0.08225109604641348,-879.2468941450254,26
20,100,10,35,65,both,-22.860419247770626,-1.0444783851781272,23.798791788179187,7.6923076923076925,0.08225109604641348,-879.2468941450254,26
20,100,10,35,65,payems_only,-22.860419247770626,-1.0444783851781272,23.798791788179187,7.6923076923076925,0.08225109604641348,-879.2468941450254,26
50,200,21,30,70,payems_only,-32.926139212034386,-1.046151115468019,34.655028607888745,10.714285714285714,0.05081253049522945,-1175.9335432869425,28
20,200,10,40,60,both,-17.01818625892022,-1.0463180104862684,17.30010824347904,0.0,0.0,-1001.069779936483,17
50,200,14,35,65,neither,-50.189900124986366,-1.048226870940747,52.11705262237888,14.583333333333334,0.16938500975220508,-522.8114596352746,96
50,200,14,30,70,both,-31.050188123096362,-1.050713018074034,31.050188123096362,7.6923076923076925,0.063867903722706,-1194.2380047344752,26
50,150,14,40,60,both,-22.367936463921318,-1.0566007057607878,22.367936463921332,5.263157894736842,0.009649213845165108,-1177.2598138905955,19
20,150,10,40,60,neither,-51.54995666149189,-1.0616679038313044,52.607472599440506,18.243243243243242,0.26797959017321166,-348.3105179830529,148
20,200,21,30,70,both,-28.662826192305047,-1.0670465157871905,28.737161673235747,8.333333333333332,0.1190678689663634,-796.1896164529184,36
20,200,10,40,60,neither,-50.873832350678825,-1.0690220502935104,52.65674276968161,17.80821917808219,0.2859893908196198,-348.45090651149906,146
20,250,14,30,70,payems_only,-25.59022773916174,-1.0695376344454266,27.108949235248087,9.67741935483871,0.10454520836944037,-825.4912173923144,31
50,150,21,30,70,both,-35.548958488998835,-1.070500359313676,35.70433277677749,10.0,0.04589901966332418,-1184.965282966627,30
20,250,14,45,55,neither,-45.68428874206926,-1.0718403081101324,46.27263509247778,15.517241379310345,0.22400832794385295,-393.8300753626662,116
20,100,21,35,65,neither,-58.917152240450285,-1.0804233549704156,59.94260424734343,19.767441860465116,0.3469623743868536,-342.54158279331523,172
20,100,10,30,70,neither,-59.09339820988493,-1.0808742419943715,59.723865215408814,18.39080459770115,0.34755738081591436,-339.61723109129275,174
50,150,14,30,70,both,-32.20081970100403,-1.0849604802805375,32.20081970100403,7.4074074074074066,0.061726584405486444,-1192.6229518890384,27
20,250,10,45,55,neither,-44.73675629256941,-1.086247173528628,45.77286753767695,16.666666666666664,0.17401499790467978,-414.22922493119853,108
20,200,10,30,70,payems_only,-25.87891202221511,-1.0906906779341796,26.60751940905629,6.666666666666667,0.07281080806738122,-862.6304007405047,30
20,100,21,30,70,neither,-59.80155202746751,-1.0963456623744703,60.42110471605271,19.774011299435028,0.3479096042299975,-337.86187586139823,177
20,250,14,30,70,both,-26.24481776273137,-1.096780761485071,27.108949235248097,9.375,0.10139624064782095,-820.1505550853554,32
50,200,21,30,70,both,-34.49711861444062,-1.0991265163357131,34.65502860788881,10.344827586206897,0.04752660250307389,-1189.5558142910547,29
20,150,14,35,65,neither,-54.321825060226814,-1.109828062926646,54.60257053782186,20.382165605095544,0.2727185063559699,-345.9988857339289,157
20,250,21,30,70,neither,-52.61756537492259,-1.1105007805425007,53.10714362960256,20.408163265306122,0.2615931707312111,-357.9426215981125,147
20,100,21,30,70,both,-31.329004078938134,-1.1161734288526115,32.15815038026271,7.894736842105263,0.10886082849142807,-824.4474757615291,38
20,100,21,30,70,payems_only,-31.329004078938134,-1.1161734288526115,32.15815038026271,7.894736842105263,0.10886082849142807,-824.4474757615291,38
20,200,10,30,70,both,-26.530962461992182,-1.1179791563309496,26.60751940905636,6.451612903225806,0.07056692419974737,-855.8374987739413,31
20,150,21,30,70,payems_only,-29.30606274872154,-1.118343606973808,30.00098137837799,8.333333333333332,0.11718619297536048,-814.057298575599,36
20,150,21,30,70,both,-29.30606274872154,-1.118343606973808,30.00098137837799,8.333333333333332,0.11718619297536048,-814.057298575599,36
20,100,14,35,65,neither,-60.29771951573806,-1.1196491250905916,60.909625095620044,19.2090395480226,0.33924534934273015,-340.66508200981957,177
20,100,14,40,60,neither,-59.137397509723755,-1.1217314663677878,59.76718638248665,17.543859649122805,0.32513048588069876,-345.8327339749927,171
20,100,14,30,70,neither,-60.53317480150887,-1.121881093410788,61.14145146130318,19.101123595505616,0.3451127236889395,-340.0740157388145,178
20,200,14,35,65,neither,-54.067177355306626,-1.1286666679743933,54.691755334274426,20.0,0.2912739771955937,-348.82049906649445,155
20,250,10,40,60,neither,-51.582681835428836,-1.128745327349657,52.107125073287776,17.26618705035971,0.22306885508542107,-371.0984304707108,139
20,150,14,40,60,neither,-53.384427133600965,-1.1317845060650127,53.40076718722027,18.543046357615893,0.2528302530420068,-353.53925254040394,151
20,200,10,30,70,neither,-54.72342827205318,-1.1355657718278438,55.81539290662793,18.70967741935484,0.2887685319017007,-353.0543759487309,155
20,200,10,35,65,neither,-54.14334066979358,-1.1429785167526976,55.24929565572331,18.543046357615893,0.278191398477707,-358.5651699986333,151
20,200,14,40,60,neither,-53.11513177351005,-1.144870017867337,53.736510499355425,18.120805369127517,0.26374743919104465,-356.47739445308736,149
20,200,14,30,70,neither,-55.63068759472115,-1.1587607945931877,57.15144163309932,19.745222929936308,0.3028604111787973,-354.33558977529395,157
20,250,21,35,65,neither,-53.42330684010991,-1.1598634657947153,53.9278243507909,18.88111888111888,0.24260163550645528,-373.5895583224467,143
20,250,14,40,60,neither,-52.34100056715923,-1.1608641826282955,52.777983045623536,17.73049645390071,0.23119388334076207,-371.2127699798524,141
20,250,10,30,70,neither,-54.113329742851036,-1.163946416601431,54.460379683703984,17.687074829931973,0.2451551164790669,-368.1178894071496,147
20,200,21,30,70,neither,-55.8199887651343,-1.165557053153598,56.885506934519256,19.871794871794872,0.29071095958753257,-357.82044080214274,156
20,250,14,35,65,neither,-53.751798495849556,-1.16911035764179,54.22965730478689,19.17808219178082,0.2383361695150707,-368.1630033962307,146
20,200,14,30,70,payems_only,-27.57955993852906,-1.1749191852675074,28.460525995841014,6.25,0.06813589026778281,-861.8612480790338,32
20,100,10,30,70,both,-27.193421712712823,-1.1821435044928001,27.909107520868364,6.451612903225806,0.06921107316539214,-877.2071520229943,31
20,100,10,30,70,payems_only,-27.193421712712823,-1.1821435044928001,27.909107520868364,6.451612903225806,0.06921107316539214,-877.2071520229943,31
20,150,10,30,70,both,-27.193421712712823,-1.1821435044928001,27.909107520868364,6.451612903225806,0.06921107316539214,-877.2071520229943,31
20,150,10,30,70,payems_only,-27.193421712712823,-1.1821435044928001,27.909107520868364,6.451612903225806,0.06921107316539214,-877.2071520229943,31
20,250,14,30,70,neither,-54.93614670085966,-1.1910627527052289,55.276973514712765,18.91891891891892,0.24426029994078624,-371.1901804112143,148
20,250,10,35,65,neither,-54.129672455355816,-1.1922873489439902,54.47659879304959,17.36111111111111,0.22757605852802026,-375.9005031621934,144
20,200,14,30,70,both,-28.216649612726442,-1.2018153211375842,28.460525995840985,6.0606060606060606,0.06615214445936994,-855.0499882644383,33
20,200,21,35,65,neither,-56.13211667569373,-1.2103441588112414,56.60729242974838,18.954248366013072,0.26416795707465496,-366.8765795796973,153
20,100,14,30,70,payems_only,-30.899503042649407,-1.2371411759236182,31.733835218896537,5.714285714285714,0.060029055557384275,-882.8429440756975,35
20,100,14,30,70,both,-30.899503042649407,-1.2371411759236182,31.733835218896537,5.714285714285714,0.060029055557384275,-882.8429440756975,35
20,150,14,30,70,payems_only,-28.863909276189137,-1.2681208224829517,29.72925173094841,6.0606060606060606,0.06499558421166937,-874.6639174602778,33
20,150,14,30,70,both,-28.863909276189137,-1.2681208224829517,29.72925173094841,6.0606060606060606,0.06499558421166937,-874.6639174602778,33
